processo,tipo_anomalia,descricao,arquivo_origem,numero_linha_arquivo
0000022-44.2026.5.12.0016,UNIDADE_NAO_CLASSIFICADA,Unidade nao classificada: 'NÚCLEO DE JUSTIÇA 4.0 DE COOPERAÇÃO JUDICIÁRIA',processos_28-07-2026.CSV,154
0002215-66.2025.5.12.0016,UNIDADE_NAO_CLASSIFICADA,Unidade nao classificada: 'NÚCLEO DE JUSTIÇA 4.0 DE COOPERAÇÃO JUDICIÁRIA',processos_28-07-2026.CSV,163
0001965-89.2025.5.12.0062,UNIDADE_NAO_CLASSIFICADA,Unidade nao classificada: 'NÚCLEO DE JUSTIÇA 4.0 DE COOPERAÇÃO JUDICIÁRIA',processos_28-07-2026.CSV,165
0002279-76.2025.5.12.0016,UNIDADE_NAO_CLASSIFICADA,Unidade nao classificada: 'NÚCLEO DE JUSTIÇA 4.0 DE COOPERAÇÃO JUDICIÁRIA',processos_28-07-2026.CSV,168
0001653-57.2025.5.12.0016,UNIDADE_NAO_CLASSIFICADA,Unidade nao classificada: 'NÚCLEO DE JUSTIÇA 4.0 DE COOPERAÇÃO JUDICIÁRIA',processos_28-07-2026.CSV,174
0000176-62.2026.5.12.0016,UNIDADE_NAO_CLASSIFICADA,Unidade nao classificada: 'NÚCLEO DE JUSTIÇA 4.0 DE COOPERAÇÃO JUDICIÁRIA',processos_28-07-2026.CSV,179
0002216-51.2025.5.12.0016,UNIDADE_NAO_CLASSIFICADA,Unidade nao classificada: 'NÚCLEO DE JUSTIÇA 4.0 DE COOPERAÇÃO JUDICIÁRIA',processos_28-07-2026.CSV,183
0000114-56.2025.5.12.0016,UNIDADE_NAO_CLASSIFICADA,Unidade nao classificada: 'NÚCLEO DE JUSTIÇA 4.0 DE COOPERAÇÃO JUDICIÁRIA',processos_28-07-2026.CSV,187
0001621-52.2025.5.12.0016,UNIDADE_NAO_CLASSIFICADA,Unidade nao classificada: 'NÚCLEO DE JUSTIÇA 4.0 DE COOPERAÇÃO JUDICIÁRIA',processos_28-07-2026.CSV,189
0002268-47.2025.5.12.0016,UNIDADE_NAO_CLASSIFICADA,Unidade nao classificada: 'NÚCLEO DE JUSTIÇA 4.0 DE COOPERAÇÃO JUDICIÁRIA',processos_28-07-2026.CSV,192
0002263-25.2025.5.12.0016,UNIDADE_NAO_CLASSIFICADA,Unidade nao classificada: 'NÚCLEO DE JUSTIÇA 4.0 DE COOPERAÇÃO JUDICIÁRIA',processos_28-07-2026.CSV,194
0001969-70.2025.5.12.0016,UNIDADE_NAO_CLASSIFICADA,Unidade nao classificada: 'NÚCLEO DE JUSTIÇA 4.0 DE COOPERAÇÃO JUDICIÁRIA',processos_28-07-2026.CSV,196
0001114-50.2025.5.12.0062,UNIDADE_NAO_CLASSIFICADA,Unidade nao classificada: 'NÚCLEO DE JUSTIÇA 4.0 DE COOPERAÇÃO JUDICIÁRIA',processos_28-07-2026.CSV,217
0000334-13.2025.5.12.0062,UNIDADE_NAO_CLASSIFICADA,Unidade nao classificada: 'NÚCLEO DE JUSTIÇA 4.0 DE COOPERAÇÃO JUDICIÁRIA',processos_28-07-2026.CSV,219
0001106-73.2025.5.12.0062,UNIDADE_NAO_CLASSIFICADA,Unidade nao classificada: 'NÚCLEO DE JUSTIÇA 4.0 DE COOPERAÇÃO JUDICIÁRIA',processos_28-07-2026.CSV,224
0002658-17.2025.5.12.0016,UNIDADE_NAO_CLASSIFICADA,Unidade nao classificada: 'NÚCLEO DE JUSTIÇA 4.0 DE COOPERAÇÃO JUDICIÁRIA',processos_28-07-2026.CSV,225
0000318-59.2025.5.12.0062,UNIDADE_NAO_CLASSIFICADA,Unidade nao classificada: 'NÚCLEO DE JUSTIÇA 4.0 DE COOPERAÇÃO JUDICIÁRIA',processos_28-07-2026.CSV,227
0002511-88.2025.5.12.0016,UNIDADE_NAO_CLASSIFICADA,Unidade nao classificada: 'NÚCLEO DE JUSTIÇA 4.0 DE COOPERAÇÃO JUDICIÁRIA',processos_28-07-2026.CSV,231
0001431-48.2025.5.12.0062,UNIDADE_NAO_CLASSIFICADA,Unidade nao classificada: 'NÚCLEO DE JUSTIÇA 4.0 DE COOPERAÇÃO JUDICIÁRIA',processos_28-07-2026.CSV,232
0000141-05.2026.5.12.0016,UNIDADE_NAO_CLASSIFICADA,Unidade nao classificada: 'NÚCLEO DE JUSTIÇA 4.0 DE COOPERAÇÃO JUDICIÁRIA',processos_28-07-2026.CSV,234
0002397-11.2025.5.12.0062,UNIDADE_NAO_CLASSIFICADA,Unidade nao classificada: 'NÚCLEO DE JUSTIÇA 4.0 DE COOPERAÇÃO JUDICIÁRIA',processos_28-07-2026.CSV,237
0001420-19.2025.5.12.0062,UNIDADE_NAO_CLASSIFICADA,Unidade nao classificada: 'NÚCLEO DE JUSTIÇA 4.0 DE COOPERAÇÃO JUDICIÁRIA',processos_28-07-2026.CSV,239
0000035-43.2026.5.12.0016,UNIDADE_NAO_CLASSIFICADA,Unidade nao classificada: 'NÚCLEO DE JUSTIÇA 4.0 DE COOPERAÇÃO JUDICIÁRIA',processos_28-07-2026.CSV,240
0001724-59.2025.5.12.0016,UNIDADE_NAO_CLASSIFICADA,Unidade nao classificada: 'NÚCLEO DE JUSTIÇA 4.0 DE COOPERAÇÃO JUDICIÁRIA',processos_28-07-2026.CSV,245
0002168-92.2025.5.12.0016,UNIDADE_NAO_CLASSIFICADA,Unidade nao classificada: 'NÚCLEO DE JUSTIÇA 4.0 DE COOPERAÇÃO JUDICIÁRIA',processos_28-07-2026.CSV,250
0001266-42.2025.5.12.0016,UNIDADE_NAO_CLASSIFICADA,Unidade nao classificada: 'NÚCLEO DE JUSTIÇA 4.0 DE COOPERAÇÃO JUDICIÁRIA',processos_28-07-2026.CSV,251
0001769-63.2025.5.12.0016,UNIDADE_NAO_CLASSIFICADA,Unidade nao classificada: 'NÚCLEO DE JUSTIÇA 4.0 DE COOPERAÇÃO JUDICIÁRIA',processos_28-07-2026.CSV,253
0000868-54.2025.5.12.0062,UNIDADE_NAO_CLASSIFICADA,Unidade nao classificada: 'NÚCLEO DE JUSTIÇA 4.0 DE COOPERAÇÃO JUDICIÁRIA',processos_28-07-2026.CSV,257
0002053-29.2025.5.12.0030,UNIDADE_NAO_CLASSIFICADA,Unidade nao classificada: 'NÚCLEO DE JUSTIÇA 4.0 DE COOPERAÇÃO JUDICIÁRIA',processos_28-07-2026.CSV,280
0001983-13.2025.5.12.0062,UNIDADE_NAO_CLASSIFICADA,Unidade nao classificada: 'NÚCLEO DE JUSTIÇA 4.0 DE COOPERAÇÃO JUDICIÁRIA',processos_28-07-2026.CSV,282
0002067-14.2025.5.12.0062,UNIDADE_NAO_CLASSIFICADA,Unidade nao classificada: 'NÚCLEO DE JUSTIÇA 4.0 DE COOPERAÇÃO JUDICIÁRIA',processos_28-07-2026.CSV,285
0001133-56.2025.5.12.0062,UNIDADE_NAO_CLASSIFICADA,Unidade nao classificada: 'NÚCLEO DE JUSTIÇA 4.0 DE COOPERAÇÃO JUDICIÁRIA',processos_28-07-2026.CSV,286
0002054-15.2025.5.12.0062,UNIDADE_NAO_CLASSIFICADA,Unidade nao classificada: 'NÚCLEO DE JUSTIÇA 4.0 DE COOPERAÇÃO JUDICIÁRIA',processos_28-07-2026.CSV,288
0002022-10.2025.5.12.0062,UNIDADE_NAO_CLASSIFICADA,Unidade nao classificada: 'NÚCLEO DE JUSTIÇA 4.0 DE COOPERAÇÃO JUDICIÁRIA',processos_28-07-2026.CSV,291
0002011-78.2025.5.12.0062,UNIDADE_NAO_CLASSIFICADA,Unidade nao classificada: 'NÚCLEO DE JUSTIÇA 4.0 DE COOPERAÇÃO JUDICIÁRIA',processos_28-07-2026.CSV,293
0001147-40.2025.5.12.0062,UNIDADE_NAO_CLASSIFICADA,Unidade nao classificada: 'NÚCLEO DE JUSTIÇA 4.0 DE COOPERAÇÃO JUDICIÁRIA',processos_28-07-2026.CSV,304
0001142-18.2025.5.12.0062,UNIDADE_NAO_CLASSIFICADA,Unidade nao classificada: 'NÚCLEO DE JUSTIÇA 4.0 DE COOPERAÇÃO JUDICIÁRIA',processos_28-07-2026.CSV,307
0000154-94.2025.5.12.0062,UNIDADE_NAO_CLASSIFICADA,Unidade nao classificada: 'NÚCLEO DE JUSTIÇA 4.0 DE COOPERAÇÃO JUDICIÁRIA',processos_28-07-2026.CSV,310
0001917-74.2025.5.12.0016,UNIDADE_NAO_CLASSIFICADA,Unidade nao classificada: 'NÚCLEO DE JUSTIÇA 4.0 DE COOPERAÇÃO JUDICIÁRIA',processos_28-07-2026.CSV,369
0001165-61.2025.5.12.0062,UNIDADE_NAO_CLASSIFICADA,Unidade nao classificada: 'NÚCLEO DE JUSTIÇA 4.0 DE COOPERAÇÃO JUDICIÁRIA',processos_28-07-2026.CSV,374
0001176-90.2025.5.12.0062,UNIDADE_NAO_CLASSIFICADA,Unidade nao classificada: 'NÚCLEO DE JUSTIÇA 4.0 DE COOPERAÇÃO JUDICIÁRIA',processos_28-07-2026.CSV,380
0001533-48.2024.5.12.0016,UNIDADE_NAO_CLASSIFICADA,Unidade nao classificada: 'NÚCLEO DE JUSTIÇA 4.0 DE COOPERAÇÃO JUDICIÁRIA',processos_28-07-2026.CSV,384
0000162-78.2026.5.12.0016,UNIDADE_NAO_CLASSIFICADA,Unidade nao classificada: 'NÚCLEO DE JUSTIÇA 4.0 DE COOPERAÇÃO JUDICIÁRIA',processos_28-07-2026.CSV,393
0002535-80.2025.5.12.0028,UNIDADE_NAO_CLASSIFICADA,Unidade nao classificada: 'NÚCLEO DE JUSTIÇA 4.0 DE COOPERAÇÃO JUDICIÁRIA',processos_28-07-2026.CSV,410
0002341-19.2025.5.12.0016,UNIDADE_NAO_CLASSIFICADA,Unidade nao classificada: 'NÚCLEO DE JUSTIÇA 4.0 DE COOPERAÇÃO JUDICIÁRIA',processos_28-07-2026.CSV,423
0000524-44.2026.5.12.0028,UNIDADE_NAO_CLASSIFICADA,Unidade nao classificada: 'NÚCLEO DE JUSTIÇA 4.0 DE COOPERAÇÃO JUDICIÁRIA',processos_28-07-2026.CSV,426
0001381-22.2025.5.12.0062,UNIDADE_NAO_CLASSIFICADA,Unidade nao classificada: 'NÚCLEO DE JUSTIÇA 4.0 DE COOPERAÇÃO JUDICIÁRIA',processos_28-07-2026.CSV,431
0000445-65.2026.5.12.0028,UNIDADE_NAO_CLASSIFICADA,Unidade nao classificada: 'NÚCLEO DE JUSTIÇA 4.0 DE COOPERAÇÃO JUDICIÁRIA',processos_28-07-2026.CSV,435
0000025-60.2026.5.12.0028,UNIDADE_NAO_CLASSIFICADA,Unidade nao classificada: 'NÚCLEO DE JUSTIÇA 4.0 DE COOPERAÇÃO JUDICIÁRIA',processos_28-07-2026.CSV,438
0002590-31.2025.5.12.0028,UNIDADE_NAO_CLASSIFICADA,Unidade nao classificada: 'NÚCLEO DE JUSTIÇA 4.0 DE COOPERAÇÃO JUDICIÁRIA',processos_28-07-2026.CSV,442
0002275-03.2025.5.12.0028,UNIDADE_NAO_CLASSIFICADA,Unidade nao classificada: 'NÚCLEO DE JUSTIÇA 4.0 DE COOPERAÇÃO JUDICIÁRIA',processos_28-07-2026.CSV,448
0002269-32.2025.5.12.0016,UNIDADE_NAO_CLASSIFICADA,Unidade nao classificada: 'NÚCLEO DE JUSTIÇA 4.0 DE COOPERAÇÃO JUDICIÁRIA',processos_28-07-2026.CSV,452
0002662-18.2025.5.12.0028,UNIDADE_NAO_CLASSIFICADA,Unidade nao classificada: 'NÚCLEO DE JUSTIÇA 4.0 DE COOPERAÇÃO JUDICIÁRIA',processos_28-07-2026.CSV,455
0000565-11.2026.5.12.0028,UNIDADE_NAO_CLASSIFICADA,Unidade nao classificada: 'NÚCLEO DE JUSTIÇA 4.0 DE COOPERAÇÃO JUDICIÁRIA',processos_28-07-2026.CSV,460
0002521-96.2025.5.12.0028,UNIDADE_NAO_CLASSIFICADA,Unidade nao classificada: 'NÚCLEO DE JUSTIÇA 4.0 DE COOPERAÇÃO JUDICIÁRIA',processos_28-07-2026.CSV,465
0002114-90.2025.5.12.0028,UNIDADE_NAO_CLASSIFICADA,Unidade nao classificada: 'NÚCLEO DE JUSTIÇA 4.0 DE COOPERAÇÃO JUDICIÁRIA',processos_28-07-2026.CSV,467
0000733-13.2026.5.12.0028,UNIDADE_NAO_CLASSIFICADA,Unidade nao classificada: 'NÚCLEO DE JUSTIÇA 4.0 DE COOPERAÇÃO JUDICIÁRIA',processos_28-07-2026.CSV,471
0002438-80.2025.5.12.0028,UNIDADE_NAO_CLASSIFICADA,Unidade nao classificada: 'NÚCLEO DE JUSTIÇA 4.0 DE COOPERAÇÃO JUDICIÁRIA',processos_28-07-2026.CSV,480
0002113-08.2025.5.12.0028,UNIDADE_NAO_CLASSIFICADA,Unidade nao classificada: 'NÚCLEO DE JUSTIÇA 4.0 DE COOPERAÇÃO JUDICIÁRIA',processos_28-07-2026.CSV,481
0002009-16.2025.5.12.0028,UNIDADE_NAO_CLASSIFICADA,Unidade nao classificada: 'NÚCLEO DE JUSTIÇA 4.0 DE COOPERAÇÃO JUDICIÁRIA',processos_28-07-2026.CSV,483
0002266-41.2025.5.12.0028,UNIDADE_NAO_CLASSIFICADA,Unidade nao classificada: 'NÚCLEO DE JUSTIÇA 4.0 DE COOPERAÇÃO JUDICIÁRIA',processos_28-07-2026.CSV,485
0002332-21.2025.5.12.0028,UNIDADE_NAO_CLASSIFICADA,Unidade nao classificada: 'NÚCLEO DE JUSTIÇA 4.0 DE COOPERAÇÃO JUDICIÁRIA',processos_28-07-2026.CSV,487
0002552-55.2025.5.12.0016,UNIDADE_NAO_CLASSIFICADA,Unidade nao classificada: 'NÚCLEO DE JUSTIÇA 4.0 DE COOPERAÇÃO JUDICIÁRIA',processos_28-07-2026.CSV,489
0000045-51.2026.5.12.0028,UNIDADE_NAO_CLASSIFICADA,Unidade nao classificada: 'NÚCLEO DE JUSTIÇA 4.0 DE COOPERAÇÃO JUDICIÁRIA',processos_28-07-2026.CSV,492
0000096-62.2026.5.12.0028,UNIDADE_NAO_CLASSIFICADA,Unidade nao classificada: 'NÚCLEO DE JUSTIÇA 4.0 DE COOPERAÇÃO JUDICIÁRIA',processos_28-07-2026.CSV,493
0000221-30.2026.5.12.0028,UNIDADE_NAO_CLASSIFICADA,Unidade nao classificada: 'NÚCLEO DE JUSTIÇA 4.0 DE COOPERAÇÃO JUDICIÁRIA',processos_28-07-2026.CSV,496
0000078-41.2026.5.12.0028,UNIDADE_NAO_CLASSIFICADA,Unidade nao classificada: 'NÚCLEO DE JUSTIÇA 4.0 DE COOPERAÇÃO JUDICIÁRIA',processos_28-07-2026.CSV,497
0000429-14.2026.5.12.0028,UNIDADE_NAO_CLASSIFICADA,Unidade nao classificada: 'NÚCLEO DE JUSTIÇA 4.0 DE COOPERAÇÃO JUDICIÁRIA',processos_28-07-2026.CSV,499
0002065-49.2025.5.12.0028,UNIDADE_NAO_CLASSIFICADA,Unidade nao classificada: 'NÚCLEO DE JUSTIÇA 4.0 DE COOPERAÇÃO JUDICIÁRIA',processos_28-07-2026.CSV,501
0000454-27.2026.5.12.0028,UNIDADE_NAO_CLASSIFICADA,Unidade nao classificada: 'NÚCLEO DE JUSTIÇA 4.0 DE COOPERAÇÃO JUDICIÁRIA',processos_28-07-2026.CSV,503
0000213-53.2026.5.12.0028,UNIDADE_NAO_CLASSIFICADA,Unidade nao classificada: 'NÚCLEO DE JUSTIÇA 4.0 DE COOPERAÇÃO JUDICIÁRIA',processos_28-07-2026.CSV,506
0000541-80.2026.5.12.0028,UNIDADE_NAO_CLASSIFICADA,Unidade nao classificada: 'NÚCLEO DE JUSTIÇA 4.0 DE COOPERAÇÃO JUDICIÁRIA',processos_28-07-2026.CSV,507
0000234-29.2026.5.12.0028,UNIDADE_NAO_CLASSIFICADA,Unidade nao classificada: 'NÚCLEO DE JUSTIÇA 4.0 DE COOPERAÇÃO JUDICIÁRIA',processos_28-07-2026.CSV,510
0001558-27.2025.5.12.0016,UNIDADE_NAO_CLASSIFICADA,Unidade nao classificada: 'NÚCLEO DE JUSTIÇA 4.0 DE COOPERAÇÃO JUDICIÁRIA',processos_28-07-2026.CSV,512
0002581-69.2025.5.12.0028,UNIDADE_NAO_CLASSIFICADA,Unidade nao classificada: 'NÚCLEO DE JUSTIÇA 4.0 DE COOPERAÇÃO JUDICIÁRIA',processos_28-07-2026.CSV,514
0002579-02.2025.5.12.0028,UNIDADE_NAO_CLASSIFICADA,Unidade nao classificada: 'NÚCLEO DE JUSTIÇA 4.0 DE COOPERAÇÃO JUDICIÁRIA',processos_28-07-2026.CSV,515
0000072-34.2026.5.12.0028,UNIDADE_NAO_CLASSIFICADA,Unidade nao classificada: 'NÚCLEO DE JUSTIÇA 4.0 DE COOPERAÇÃO JUDICIÁRIA',processos_28-07-2026.CSV,518
0000099-17.2026.5.12.0028,UNIDADE_NAO_CLASSIFICADA,Unidade nao classificada: 'NÚCLEO DE JUSTIÇA 4.0 DE COOPERAÇÃO JUDICIÁRIA',processos_28-07-2026.CSV,520
0000635-28.2026.5.12.0028,UNIDADE_NAO_CLASSIFICADA,Unidade nao classificada: 'NÚCLEO DE JUSTIÇA 4.0 DE COOPERAÇÃO JUDICIÁRIA',processos_28-07-2026.CSV,526
0002018-75.2025.5.12.0028,UNIDADE_NAO_CLASSIFICADA,Unidade nao classificada: 'NÚCLEO DE JUSTIÇA 4.0 DE COOPERAÇÃO JUDICIÁRIA',processos_28-07-2026.CSV,528
0001617-76.2025.5.12.0028,UNIDADE_NAO_CLASSIFICADA,Unidade nao classificada: 'NÚCLEO DE JUSTIÇA 4.0 DE COOPERAÇÃO JUDICIÁRIA',processos_28-07-2026.CSV,530
0002655-26.2025.5.12.0028,UNIDADE_NAO_CLASSIFICADA,Unidade nao classificada: 'NÚCLEO DE JUSTIÇA 4.0 DE COOPERAÇÃO JUDICIÁRIA',processos_28-07-2026.CSV,531
0000117-38.2026.5.12.0028,UNIDADE_NAO_CLASSIFICADA,Unidade nao classificada: 'NÚCLEO DE JUSTIÇA 4.0 DE COOPERAÇÃO JUDICIÁRIA',processos_28-07-2026.CSV,533
0000326-07.2026.5.12.0028,UNIDADE_NAO_CLASSIFICADA,Unidade nao classificada: 'NÚCLEO DE JUSTIÇA 4.0 DE COOPERAÇÃO JUDICIÁRIA',processos_28-07-2026.CSV,535
0002435-28.2025.5.12.0028,UNIDADE_NAO_CLASSIFICADA,Unidade nao classificada: 'NÚCLEO DE JUSTIÇA 4.0 DE COOPERAÇÃO JUDICIÁRIA',processos_28-07-2026.CSV,538
0002476-31.2025.5.12.0016,UNIDADE_NAO_CLASSIFICADA,Unidade nao classificada: 'NÚCLEO DE JUSTIÇA 4.0 DE COOPERAÇÃO JUDICIÁRIA',processos_28-07-2026.CSV,539
0002564-33.2025.5.12.0028,UNIDADE_NAO_CLASSIFICADA,Unidade nao classificada: 'NÚCLEO DE JUSTIÇA 4.0 DE COOPERAÇÃO JUDICIÁRIA',processos_28-07-2026.CSV,545
0002137-72.2025.5.12.0016,UNIDADE_NAO_CLASSIFICADA,Unidade nao classificada: 'NÚCLEO DE JUSTIÇA 4.0 DE COOPERAÇÃO JUDICIÁRIA',processos_28-07-2026.CSV,549
0002422-65.2025.5.12.0016,UNIDADE_NAO_CLASSIFICADA,Unidade nao classificada: 'NÚCLEO DE JUSTIÇA 4.0 DE COOPERAÇÃO JUDICIÁRIA',processos_28-07-2026.CSV,552
0001691-33.2025.5.12.0028,UNIDADE_NAO_CLASSIFICADA,Unidade nao classificada: 'NÚCLEO DE JUSTIÇA 4.0 DE COOPERAÇÃO JUDICIÁRIA',processos_28-07-2026.CSV,553
0000406-07.2026.5.12.0016,UNIDADE_NAO_CLASSIFICADA,Unidade nao classificada: 'NÚCLEO DE JUSTIÇA 4.0 DE COOPERAÇÃO JUDICIÁRIA',processos_28-07-2026.CSV,557
0000258-57.2026.5.12.0028,UNIDADE_NAO_CLASSIFICADA,Unidade nao classificada: 'NÚCLEO DE JUSTIÇA 4.0 DE COOPERAÇÃO JUDICIÁRIA',processos_28-07-2026.CSV,563
0002193-69.2025.5.12.0028,UNIDADE_NAO_CLASSIFICADA,Unidade nao classificada: 'NÚCLEO DE JUSTIÇA 4.0 DE COOPERAÇÃO JUDICIÁRIA',processos_28-07-2026.CSV,565
0000143-36.2026.5.12.0028,UNIDADE_NAO_CLASSIFICADA,Unidade nao classificada: 'NÚCLEO DE JUSTIÇA 4.0 DE COOPERAÇÃO JUDICIÁRIA',processos_28-07-2026.CSV,566
0000585-02.2026.5.12.0028,UNIDADE_NAO_CLASSIFICADA,Unidade nao classificada: 'NÚCLEO DE JUSTIÇA 4.0 DE COOPERAÇÃO JUDICIÁRIA',processos_28-07-2026.CSV,569
0002141-73.2025.5.12.0028,UNIDADE_NAO_CLASSIFICADA,Unidade nao classificada: 'NÚCLEO DE JUSTIÇA 4.0 DE COOPERAÇÃO JUDICIÁRIA',processos_28-07-2026.CSV,570
0000365-04.2026.5.12.0028,UNIDADE_NAO_CLASSIFICADA,Unidade nao classificada: 'NÚCLEO DE JUSTIÇA 4.0 DE COOPERAÇÃO JUDICIÁRIA',processos_28-07-2026.CSV,573
0000583-32.2026.5.12.0028,UNIDADE_NAO_CLASSIFICADA,Unidade nao classificada: 'NÚCLEO DE JUSTIÇA 4.0 DE COOPERAÇÃO JUDICIÁRIA',processos_28-07-2026.CSV,574
0000140-81.2026.5.12.0028,UNIDADE_NAO_CLASSIFICADA,Unidade nao classificada: 'NÚCLEO DE JUSTIÇA 4.0 DE COOPERAÇÃO JUDICIÁRIA',processos_28-07-2026.CSV,578
0002625-88.2025.5.12.0028,UNIDADE_NAO_CLASSIFICADA,Unidade nao classificada: 'NÚCLEO DE JUSTIÇA 4.0 DE COOPERAÇÃO JUDICIÁRIA',processos_28-07-2026.CSV,579
0002628-43.2025.5.12.0028,UNIDADE_NAO_CLASSIFICADA,Unidade nao classificada: 'NÚCLEO DE JUSTIÇA 4.0 DE COOPERAÇÃO JUDICIÁRIA',processos_28-07-2026.CSV,583
0002331-36.2025.5.12.0028,UNIDADE_NAO_CLASSIFICADA,Unidade nao classificada: 'NÚCLEO DE JUSTIÇA 4.0 DE COOPERAÇÃO JUDICIÁRIA',processos_28-07-2026.CSV,584
0000032-52.2026.5.12.0028,UNIDADE_NAO_CLASSIFICADA,Unidade nao classificada: 'NÚCLEO DE JUSTIÇA 4.0 DE COOPERAÇÃO JUDICIÁRIA',processos_28-07-2026.CSV,588
0000604-08.2026.5.12.0028,UNIDADE_NAO_CLASSIFICADA,Unidade nao classificada: 'NÚCLEO DE JUSTIÇA 4.0 DE COOPERAÇÃO JUDICIÁRIA',processos_28-07-2026.CSV,589
0001815-16.2025.5.12.0028,UNIDADE_NAO_CLASSIFICADA,Unidade nao classificada: 'NÚCLEO DE JUSTIÇA 4.0 DE COOPERAÇÃO JUDICIÁRIA',processos_28-07-2026.CSV,592
0001667-41.2025.5.12.0016,UNIDADE_NAO_CLASSIFICADA,Unidade nao classificada: 'NÚCLEO DE JUSTIÇA 4.0 DE COOPERAÇÃO JUDICIÁRIA',processos_28-07-2026.CSV,593
0001872-34.2025.5.12.0028,UNIDADE_NAO_CLASSIFICADA,Unidade nao classificada: 'NÚCLEO DE JUSTIÇA 4.0 DE COOPERAÇÃO JUDICIÁRIA',processos_28-07-2026.CSV,595
0000555-64.2026.5.12.0028,UNIDADE_NAO_CLASSIFICADA,Unidade nao classificada: 'NÚCLEO DE JUSTIÇA 4.0 DE COOPERAÇÃO JUDICIÁRIA',processos_28-07-2026.CSV,598
0002543-57.2025.5.12.0028,UNIDADE_NAO_CLASSIFICADA,Unidade nao classificada: 'NÚCLEO DE JUSTIÇA 4.0 DE COOPERAÇÃO JUDICIÁRIA',processos_28-07-2026.CSV,599
0002334-88.2025.5.12.0028,UNIDADE_NAO_CLASSIFICADA,Unidade nao classificada: 'NÚCLEO DE JUSTIÇA 4.0 DE COOPERAÇÃO JUDICIÁRIA',processos_28-07-2026.CSV,601
0002572-10.2025.5.12.0028,UNIDADE_NAO_CLASSIFICADA,Unidade nao classificada: 'NÚCLEO DE JUSTIÇA 4.0 DE COOPERAÇÃO JUDICIÁRIA',processos_28-07-2026.CSV,604
0002647-49.2025.5.12.0028,UNIDADE_NAO_CLASSIFICADA,Unidade nao classificada: 'NÚCLEO DE JUSTIÇA 4.0 DE COOPERAÇÃO JUDICIÁRIA',processos_28-07-2026.CSV,605
0002155-57.2025.5.12.0028,UNIDADE_NAO_CLASSIFICADA,Unidade nao classificada: 'NÚCLEO DE JUSTIÇA 4.0 DE COOPERAÇÃO JUDICIÁRIA',processos_28-07-2026.CSV,607
0002214-45.2025.5.12.0028,UNIDADE_NAO_CLASSIFICADA,Unidade nao classificada: 'NÚCLEO DE JUSTIÇA 4.0 DE COOPERAÇÃO JUDICIÁRIA',processos_28-07-2026.CSV,611
0000279-33.2026.5.12.0028,UNIDADE_NAO_CLASSIFICADA,Unidade nao classificada: 'NÚCLEO DE JUSTIÇA 4.0 DE COOPERAÇÃO JUDICIÁRIA',processos_28-07-2026.CSV,612
0000333-96.2026.5.12.0028,UNIDADE_NAO_CLASSIFICADA,Unidade nao classificada: 'NÚCLEO DE JUSTIÇA 4.0 DE COOPERAÇÃO JUDICIÁRIA',processos_28-07-2026.CSV,616
0000180-26.2026.5.12.0008,UNIDADE_NAO_CLASSIFICADA,Unidade nao classificada: 'NÚCLEO DE JUSTIÇA 4.0 DE COOPERAÇÃO JUDICIÁRIA',processos_28-07-2026.CSV,619
0001511-17.2025.5.12.0028,UNIDADE_NAO_CLASSIFICADA,Unidade nao classificada: 'NÚCLEO DE JUSTIÇA 4.0 DE COOPERAÇÃO JUDICIÁRIA',processos_28-07-2026.CSV,621
0002571-25.2025.5.12.0028,UNIDADE_NAO_CLASSIFICADA,Unidade nao classificada: 'NÚCLEO DE JUSTIÇA 4.0 DE COOPERAÇÃO JUDICIÁRIA',processos_28-07-2026.CSV,623
0002519-29.2025.5.12.0028,UNIDADE_NAO_CLASSIFICADA,Unidade nao classificada: 'NÚCLEO DE JUSTIÇA 4.0 DE COOPERAÇÃO JUDICIÁRIA',processos_28-07-2026.CSV,625
0002595-89.2025.5.12.0016,UNIDADE_NAO_CLASSIFICADA,Unidade nao classificada: 'NÚCLEO DE JUSTIÇA 4.0 DE COOPERAÇÃO JUDICIÁRIA',processos_28-07-2026.CSV,627
0001676-64.2025.5.12.0028,UNIDADE_NAO_CLASSIFICADA,Unidade nao classificada: 'NÚCLEO DE JUSTIÇA 4.0 DE COOPERAÇÃO JUDICIÁRIA',processos_28-07-2026.CSV,629
0002485-54.2025.5.12.0028,UNIDADE_NAO_CLASSIFICADA,Unidade nao classificada: 'NÚCLEO DE JUSTIÇA 4.0 DE COOPERAÇÃO JUDICIÁRIA',processos_28-07-2026.CSV,631
0000255-05.2026.5.12.0028,UNIDADE_NAO_CLASSIFICADA,Unidade nao classificada: 'NÚCLEO DE JUSTIÇA 4.0 DE COOPERAÇÃO JUDICIÁRIA',processos_28-07-2026.CSV,632
0002665-70.2025.5.12.0028,UNIDADE_NAO_CLASSIFICADA,Unidade nao classificada: 'NÚCLEO DE JUSTIÇA 4.0 DE COOPERAÇÃO JUDICIÁRIA',processos_28-07-2026.CSV,635
0002390-24.2025.5.12.0028,UNIDADE_NAO_CLASSIFICADA,Unidade nao classificada: 'NÚCLEO DE JUSTIÇA 4.0 DE COOPERAÇÃO JUDICIÁRIA',processos_28-07-2026.CSV,637
0002198-91.2025.5.12.0028,UNIDADE_NAO_CLASSIFICADA,Unidade nao classificada: 'NÚCLEO DE JUSTIÇA 4.0 DE COOPERAÇÃO JUDICIÁRIA',processos_28-07-2026.CSV,638
0001651-45.2025.5.12.0030,UNIDADE_NAO_CLASSIFICADA,Unidade nao classificada: 'NÚCLEO DE JUSTIÇA 4.0 DE COOPERAÇÃO JUDICIÁRIA',processos_28-07-2026.CSV,640
0002340-95.2025.5.12.0028,UNIDADE_NAO_CLASSIFICADA,Unidade nao classificada: 'NÚCLEO DE JUSTIÇA 4.0 DE COOPERAÇÃO JUDICIÁRIA',processos_28-07-2026.CSV,642
0001185-57.2025.5.12.0028,UNIDADE_NAO_CLASSIFICADA,Unidade nao classificada: 'NÚCLEO DE JUSTIÇA 4.0 DE COOPERAÇÃO JUDICIÁRIA',processos_28-07-2026.CSV,647
0002240-43.2025.5.12.0028,UNIDADE_NAO_CLASSIFICADA,Unidade nao classificada: 'NÚCLEO DE JUSTIÇA 4.0 DE COOPERAÇÃO JUDICIÁRIA',processos_28-07-2026.CSV,648
0000518-37.2026.5.12.0028,UNIDADE_NAO_CLASSIFICADA,Unidade nao classificada: 'NÚCLEO DE JUSTIÇA 4.0 DE COOPERAÇÃO JUDICIÁRIA',processos_28-07-2026.CSV,650
0000201-39.2026.5.12.0028,UNIDADE_NAO_CLASSIFICADA,Unidade nao classificada: 'NÚCLEO DE JUSTIÇA 4.0 DE COOPERAÇÃO JUDICIÁRIA',processos_28-07-2026.CSV,653
0002295-91.2025.5.12.0028,UNIDADE_NAO_CLASSIFICADA,Unidade nao classificada: 'NÚCLEO DE JUSTIÇA 4.0 DE COOPERAÇÃO JUDICIÁRIA',processos_28-07-2026.CSV,654
0000628-36.2026.5.12.0028,UNIDADE_NAO_CLASSIFICADA,Unidade nao classificada: 'NÚCLEO DE JUSTIÇA 4.0 DE COOPERAÇÃO JUDICIÁRIA',processos_28-07-2026.CSV,656
0002626-73.2025.5.12.0028,UNIDADE_NAO_CLASSIFICADA,Unidade nao classificada: 'NÚCLEO DE JUSTIÇA 4.0 DE COOPERAÇÃO JUDICIÁRIA',processos_28-07-2026.CSV,659
0001853-23.2025.5.12.0062,UNIDADE_NAO_CLASSIFICADA,Unidade nao classificada: 'NÚCLEO DE JUSTIÇA 4.0 DE COOPERAÇÃO JUDICIÁRIA',processos_28-07-2026.CSV,661
0001538-92.2025.5.12.0062,UNIDADE_NAO_CLASSIFICADA,Unidade nao classificada: 'NÚCLEO DE JUSTIÇA 4.0 DE COOPERAÇÃO JUDICIÁRIA',processos_28-07-2026.CSV,664
0001351-84.2025.5.12.0062,UNIDADE_NAO_CLASSIFICADA,Unidade nao classificada: 'NÚCLEO DE JUSTIÇA 4.0 DE COOPERAÇÃO JUDICIÁRIA',processos_28-07-2026.CSV,667
0003292-69.2025.5.12.0062,UNIDADE_NAO_CLASSIFICADA,Unidade nao classificada: 'NÚCLEO DE JUSTIÇA 4.0 DE COOPERAÇÃO JUDICIÁRIA',processos_28-07-2026.CSV,668
0000844-60.2024.5.12.0062,UNIDADE_NAO_CLASSIFICADA,Unidade nao classificada: 'NÚCLEO DE JUSTIÇA 4.0 DE COOPERAÇÃO JUDICIÁRIA',processos_28-07-2026.CSV,673
0000488-38.2026.5.12.0016,UNIDADE_NAO_CLASSIFICADA,Unidade nao classificada: 'NÚCLEO DE JUSTIÇA 4.0 DE COOPERAÇÃO JUDICIÁRIA',processos_28-07-2026.CSV,675
0003327-29.2025.5.12.0062,UNIDADE_NAO_CLASSIFICADA,Unidade nao classificada: 'NÚCLEO DE JUSTIÇA 4.0 DE COOPERAÇÃO JUDICIÁRIA',processos_28-07-2026.CSV,677
0002019-55.2025.5.12.0062,UNIDADE_NAO_CLASSIFICADA,Unidade nao classificada: 'NÚCLEO DE JUSTIÇA 4.0 DE COOPERAÇÃO JUDICIÁRIA',processos_28-07-2026.CSV,681
0000990-67.2025.5.12.0062,UNIDADE_NAO_CLASSIFICADA,Unidade nao classificada: 'NÚCLEO DE JUSTIÇA 4.0 DE COOPERAÇÃO JUDICIÁRIA',processos_28-07-2026.CSV,682
0001632-40.2025.5.12.0062,UNIDADE_NAO_CLASSIFICADA,Unidade nao classificada: 'NÚCLEO DE JUSTIÇA 4.0 DE COOPERAÇÃO JUDICIÁRIA',processos_28-07-2026.CSV,687
0003333-36.2025.5.12.0062,UNIDADE_NAO_CLASSIFICADA,Unidade nao classificada: 'NÚCLEO DE JUSTIÇA 4.0 DE COOPERAÇÃO JUDICIÁRIA',processos_28-07-2026.CSV,690
0002617-09.2025.5.12.0062,UNIDADE_NAO_CLASSIFICADA,Unidade nao classificada: 'NÚCLEO DE JUSTIÇA 4.0 DE COOPERAÇÃO JUDICIÁRIA',processos_28-07-2026.CSV,691
0000693-60.2025.5.12.0062,UNIDADE_NAO_CLASSIFICADA,Unidade nao classificada: 'NÚCLEO DE JUSTIÇA 4.0 DE COOPERAÇÃO JUDICIÁRIA',processos_28-07-2026.CSV,696
0000513-09.2026.5.12.0030,UNIDADE_NAO_CLASSIFICADA,Unidade nao classificada: 'NÚCLEO DE JUSTIÇA 4.0 DE COOPERAÇÃO JUDICIÁRIA',processos_28-07-2026.CSV,698
0000139-90.2026.5.12.0030,UNIDADE_NAO_CLASSIFICADA,Unidade nao classificada: 'NÚCLEO DE JUSTIÇA 4.0 DE COOPERAÇÃO JUDICIÁRIA',processos_28-07-2026.CSV,707
0001747-60.2025.5.12.0030,UNIDADE_NAO_CLASSIFICADA,Unidade nao classificada: 'NÚCLEO DE JUSTIÇA 4.0 DE COOPERAÇÃO JUDICIÁRIA',processos_28-07-2026.CSV,712
0002237-82.2025.5.12.0030,UNIDADE_NAO_CLASSIFICADA,Unidade nao classificada: 'NÚCLEO DE JUSTIÇA 4.0 DE COOPERAÇÃO JUDICIÁRIA',processos_28-07-2026.CSV,732
0002501-02.2025.5.12.0030,UNIDADE_NAO_CLASSIFICADA,Unidade nao classificada: 'NÚCLEO DE JUSTIÇA 4.0 DE COOPERAÇÃO JUDICIÁRIA',processos_28-07-2026.CSV,741
0002100-03.2025.5.12.0030,UNIDADE_NAO_CLASSIFICADA,Unidade nao classificada: 'NÚCLEO DE JUSTIÇA 4.0 DE COOPERAÇÃO JUDICIÁRIA',processos_28-07-2026.CSV,748
0000678-56.2026.5.12.0030,UNIDADE_NAO_CLASSIFICADA,Unidade nao classificada: 'NÚCLEO DE JUSTIÇA 4.0 DE COOPERAÇÃO JUDICIÁRIA',processos_28-07-2026.CSV,761
0000110-82.2026.5.12.0016,UNIDADE_NAO_CLASSIFICADA,Unidade nao classificada: 'NÚCLEO DE JUSTIÇA 4.0 DE COOPERAÇÃO JUDICIÁRIA',processos_28-07-2026.CSV,781
0002224-28.2025.5.12.0016,UNIDADE_NAO_CLASSIFICADA,Unidade nao classificada: 'NÚCLEO DE JUSTIÇA 4.0 DE COOPERAÇÃO JUDICIÁRIA',processos_28-07-2026.CSV,784
0000087-39.2026.5.12.0016,UNIDADE_NAO_CLASSIFICADA,Unidade nao classificada: 'NÚCLEO DE JUSTIÇA 4.0 DE COOPERAÇÃO JUDICIÁRIA',processos_28-07-2026.CSV,789
0000457-73.2026.5.12.0030,UNIDADE_NAO_CLASSIFICADA,Unidade nao classificada: 'NÚCLEO DE JUSTIÇA 4.0 DE COOPERAÇÃO JUDICIÁRIA',processos_28-07-2026.CSV,798
0001788-61.2024.5.12.0030,UNIDADE_NAO_CLASSIFICADA,Unidade nao classificada: 'NÚCLEO DE JUSTIÇA 4.0 DE COOPERAÇÃO JUDICIÁRIA',processos_28-07-2026.CSV,809
0001357-35.2025.5.12.0016,UNIDADE_NAO_CLASSIFICADA,Unidade nao classificada: 'NÚCLEO DE JUSTIÇA 4.0 DE COOPERAÇÃO JUDICIÁRIA',processos_28-07-2026.CSV,820
0002187-98.2025.5.12.0016,UNIDADE_NAO_CLASSIFICADA,Unidade nao classificada: 'NÚCLEO DE JUSTIÇA 4.0 DE COOPERAÇÃO JUDICIÁRIA',processos_28-07-2026.CSV,823
0000313-44.2026.5.12.0016,UNIDADE_NAO_CLASSIFICADA,Unidade nao classificada: 'NÚCLEO DE JUSTIÇA 4.0 DE COOPERAÇÃO JUDICIÁRIA',processos_28-07-2026.CSV,830
0002309-14.2025.5.12.0016,UNIDADE_NAO_CLASSIFICADA,Unidade nao classificada: 'NÚCLEO DE JUSTIÇA 4.0 DE COOPERAÇÃO JUDICIÁRIA',processos_28-07-2026.CSV,835
0002085-76.2025.5.12.0016,UNIDADE_NAO_CLASSIFICADA,Unidade nao classificada: 'NÚCLEO DE JUSTIÇA 4.0 DE COOPERAÇÃO JUDICIÁRIA',processos_28-07-2026.CSV,838
0002039-87.2025.5.12.0016,UNIDADE_NAO_CLASSIFICADA,Unidade nao classificada: 'NÚCLEO DE JUSTIÇA 4.0 DE COOPERAÇÃO JUDICIÁRIA',processos_28-07-2026.CSV,846
0000074-40.2026.5.12.0016,UNIDADE_NAO_CLASSIFICADA,Unidade nao classificada: 'NÚCLEO DE JUSTIÇA 4.0 DE COOPERAÇÃO JUDICIÁRIA',processos_28-07-2026.CSV,851
0001832-65.2025.5.12.0056,UNIDADE_NAO_CLASSIFICADA,Unidade nao classificada: 'NÚCLEO DE JUSTIÇA 4.0 DE COOPERAÇÃO JUDICIÁRIA',processos_28-07-2026.CSV,855
0002481-17.2025.5.12.0028,UNIDADE_NAO_CLASSIFICADA,Unidade nao classificada: 'NÚCLEO DE JUSTIÇA 4.0 DE COOPERAÇÃO JUDICIÁRIA',processos_28-07-2026.CSV,858
0002366-32.2025.5.12.0016,UNIDADE_NAO_CLASSIFICADA,Unidade nao classificada: 'NÚCLEO DE JUSTIÇA 4.0 DE COOPERAÇÃO JUDICIÁRIA',processos_28-07-2026.CSV,864
0002627-94.2025.5.12.0016,UNIDADE_NAO_CLASSIFICADA,Unidade nao classificada: 'NÚCLEO DE JUSTIÇA 4.0 DE COOPERAÇÃO JUDICIÁRIA',processos_28-07-2026.CSV,868
0002560-09.2025.5.12.0056,UNIDADE_NAO_CLASSIFICADA,Unidade nao classificada: 'NÚCLEO DE JUSTIÇA 4.0 DE COOPERAÇÃO JUDICIÁRIA',processos_28-07-2026.CSV,870
0002918-71.2025.5.12.0056,UNIDADE_NAO_CLASSIFICADA,Unidade nao classificada: 'NÚCLEO DE JUSTIÇA 4.0 DE COOPERAÇÃO JUDICIÁRIA',processos_28-07-2026.CSV,874
0000032-65.2026.5.12.0056,UNIDADE_NAO_CLASSIFICADA,Unidade nao classificada: 'NÚCLEO DE JUSTIÇA 4.0 DE COOPERAÇÃO JUDICIÁRIA',processos_28-07-2026.CSV,880
0000346-89.2026.5.12.0030,UNIDADE_NAO_CLASSIFICADA,Unidade nao classificada: 'NÚCLEO DE JUSTIÇA 4.0 DE COOPERAÇÃO JUDICIÁRIA',processos_28-07-2026.CSV,883
0002580-97.2025.5.12.0056,UNIDADE_NAO_CLASSIFICADA,Unidade nao classificada: 'NÚCLEO DE JUSTIÇA 4.0 DE COOPERAÇÃO JUDICIÁRIA',processos_28-07-2026.CSV,888
0000302-15.2026.5.12.0016,UNIDADE_NAO_CLASSIFICADA,Unidade nao classificada: 'NÚCLEO DE JUSTIÇA 4.0 DE COOPERAÇÃO JUDICIÁRIA',processos_28-07-2026.CSV,892
0000248-49.2026.5.12.0016,UNIDADE_NAO_CLASSIFICADA,Unidade nao classificada: 'NÚCLEO DE JUSTIÇA 4.0 DE COOPERAÇÃO JUDICIÁRIA',processos_28-07-2026.CSV,894
0001943-49.2025.5.12.0056,UNIDADE_NAO_CLASSIFICADA,Unidade nao classificada: 'NÚCLEO DE JUSTIÇA 4.0 DE COOPERAÇÃO JUDICIÁRIA',processos_28-07-2026.CSV,899
0002338-64.2025.5.12.0016,UNIDADE_NAO_CLASSIFICADA,Unidade nao classificada: 'NÚCLEO DE JUSTIÇA 4.0 DE COOPERAÇÃO JUDICIÁRIA',processos_28-07-2026.CSV,901
0002194-90.2025.5.12.0016,UNIDADE_NAO_CLASSIFICADA,Unidade nao classificada: 'NÚCLEO DE JUSTIÇA 4.0 DE COOPERAÇÃO JUDICIÁRIA',processos_28-07-2026.CSV,903
0002969-82.2025.5.12.0056,UNIDADE_NAO_CLASSIFICADA,Unidade nao classificada: 'NÚCLEO DE JUSTIÇA 4.0 DE COOPERAÇÃO JUDICIÁRIA',processos_28-07-2026.CSV,904
0002563-61.2025.5.12.0056,UNIDADE_NAO_CLASSIFICADA,Unidade nao classificada: 'NÚCLEO DE JUSTIÇA 4.0 DE COOPERAÇÃO JUDICIÁRIA',processos_28-07-2026.CSV,911
0002294-45.2025.5.12.0016,UNIDADE_NAO_CLASSIFICADA,Unidade nao classificada: 'NÚCLEO DE JUSTIÇA 4.0 DE COOPERAÇÃO JUDICIÁRIA',processos_28-07-2026.CSV,917
0002613-13.2025.5.12.0016,UNIDADE_NAO_CLASSIFICADA,Unidade nao classificada: 'NÚCLEO DE JUSTIÇA 4.0 DE COOPERAÇÃO JUDICIÁRIA',processos_28-07-2026.CSV,921
0002019-73.2025.5.12.0056,UNIDADE_NAO_CLASSIFICADA,Unidade nao classificada: 'NÚCLEO DE JUSTIÇA 4.0 DE COOPERAÇÃO JUDICIÁRIA',processos_28-07-2026.CSV,925
0000295-23.2026.5.12.0016,UNIDADE_NAO_CLASSIFICADA,Unidade nao classificada: 'NÚCLEO DE JUSTIÇA 4.0 DE COOPERAÇÃO JUDICIÁRIA',processos_28-07-2026.CSV,936
0002539-33.2025.5.12.0056,UNIDADE_NAO_CLASSIFICADA,Unidade nao classificada: 'NÚCLEO DE JUSTIÇA 4.0 DE COOPERAÇÃO JUDICIÁRIA',processos_28-07-2026.CSV,954
0001527-07.2025.5.12.0016,UNIDADE_NAO_CLASSIFICADA,Unidade nao classificada: 'NÚCLEO DE JUSTIÇA 4.0 DE COOPERAÇÃO JUDICIÁRIA',processos_28-07-2026.CSV,960
0000158-41.2026.5.12.0016,UNIDADE_NAO_CLASSIFICADA,Unidade nao classificada: 'NÚCLEO DE JUSTIÇA 4.0 DE COOPERAÇÃO JUDICIÁRIA',processos_28-07-2026.CSV,968
0001108-61.2025.5.12.0056,UNIDADE_NAO_CLASSIFICADA,Unidade nao classificada: 'NÚCLEO DE JUSTIÇA 4.0 DE COOPERAÇÃO JUDICIÁRIA',processos_28-07-2026.CSV,970
0000274-47.2026.5.12.0016,UNIDADE_NAO_CLASSIFICADA,Unidade nao classificada: 'NÚCLEO DE JUSTIÇA 4.0 DE COOPERAÇÃO JUDICIÁRIA',processos_28-07-2026.CSV,976
0000183-54.2026.5.12.0016,UNIDADE_NAO_CLASSIFICADA,Unidade nao classificada: 'NÚCLEO DE JUSTIÇA 4.0 DE COOPERAÇÃO JUDICIÁRIA',processos_28-07-2026.CSV,983
0001847-34.2025.5.12.0056,UNIDADE_NAO_CLASSIFICADA,Unidade nao classificada: 'NÚCLEO DE JUSTIÇA 4.0 DE COOPERAÇÃO JUDICIÁRIA',processos_28-07-2026.CSV,1013
0001779-10.2025.5.12.0016,UNIDADE_NAO_CLASSIFICADA,Unidade nao classificada: 'NÚCLEO DE JUSTIÇA 4.0 DE COOPERAÇÃO JUDICIÁRIA',processos_28-07-2026.CSV,1014
0000148-94.2026.5.12.0016,UNIDADE_NAO_CLASSIFICADA,Unidade nao classificada: 'NÚCLEO DE JUSTIÇA 4.0 DE COOPERAÇÃO JUDICIÁRIA',processos_28-07-2026.CSV,1019
0000812-28.2026.5.12.0016,UNIDADE_NAO_CLASSIFICADA,Unidade nao classificada: 'NÚCLEO DE JUSTIÇA 4.0 DE COOPERAÇÃO JUDICIÁRIA',processos_28-07-2026.CSV,1020
0002106-52.2025.5.12.0016,UNIDADE_NAO_CLASSIFICADA,Unidade nao classificada: 'NÚCLEO DE JUSTIÇA 4.0 DE COOPERAÇÃO JUDICIÁRIA',processos_28-07-2026.CSV,1023
0000641-29.2026.5.12.0030,UNIDADE_NAO_CLASSIFICADA,Unidade nao classificada: 'NÚCLEO DE JUSTIÇA 4.0 DE COOPERAÇÃO JUDICIÁRIA',processos_28-07-2026.CSV,1025
0002031-68.2025.5.12.0030,UNIDADE_NAO_CLASSIFICADA,Unidade nao classificada: 'NÚCLEO DE JUSTIÇA 4.0 DE COOPERAÇÃO JUDICIÁRIA',processos_28-07-2026.CSV,1029
0000446-44.2026.5.12.0030,UNIDADE_NAO_CLASSIFICADA,Unidade nao classificada: 'NÚCLEO DE JUSTIÇA 4.0 DE COOPERAÇÃO JUDICIÁRIA',processos_28-07-2026.CSV,1031
0000559-95.2026.5.12.0030,UNIDADE_NAO_CLASSIFICADA,Unidade nao classificada: 'NÚCLEO DE JUSTIÇA 4.0 DE COOPERAÇÃO JUDICIÁRIA',processos_28-07-2026.CSV,1033
0000752-13.2026.5.12.0030,UNIDADE_NAO_CLASSIFICADA,Unidade nao classificada: 'NÚCLEO DE JUSTIÇA 4.0 DE COOPERAÇÃO JUDICIÁRIA',processos_28-07-2026.CSV,1035
0000249-89.2026.5.12.0030,UNIDADE_NAO_CLASSIFICADA,Unidade nao classificada: 'NÚCLEO DE JUSTIÇA 4.0 DE COOPERAÇÃO JUDICIÁRIA',processos_28-07-2026.CSV,1038
0002180-64.2025.5.12.0030,UNIDADE_NAO_CLASSIFICADA,Unidade nao classificada: 'NÚCLEO DE JUSTIÇA 4.0 DE COOPERAÇÃO JUDICIÁRIA',processos_28-07-2026.CSV,1040
0002418-83.2025.5.12.0030,UNIDADE_NAO_CLASSIFICADA,Unidade nao classificada: 'NÚCLEO DE JUSTIÇA 4.0 DE COOPERAÇÃO JUDICIÁRIA',processos_28-07-2026.CSV,1043
0000673-34.2026.5.12.0030,UNIDADE_NAO_CLASSIFICADA,Unidade nao classificada: 'NÚCLEO DE JUSTIÇA 4.0 DE COOPERAÇÃO JUDICIÁRIA',processos_28-07-2026.CSV,1044
0002310-96.2025.5.12.0016,UNIDADE_NAO_CLASSIFICADA,Unidade nao classificada: 'NÚCLEO DE JUSTIÇA 4.0 DE COOPERAÇÃO JUDICIÁRIA',processos_28-07-2026.CSV,1047
0002284-62.2025.5.12.0028,UNIDADE_NAO_CLASSIFICADA,Unidade nao classificada: 'NÚCLEO DE JUSTIÇA 4.0 DE COOPERAÇÃO JUDICIÁRIA',processos_28-07-2026.CSV,1051
0002480-26.2025.5.12.0030,UNIDADE_NAO_CLASSIFICADA,Unidade nao classificada: 'NÚCLEO DE JUSTIÇA 4.0 DE COOPERAÇÃO JUDICIÁRIA',processos_28-07-2026.CSV,1055
0000426-95.2026.5.12.0016,UNIDADE_NAO_CLASSIFICADA,Unidade nao classificada: 'NÚCLEO DE JUSTIÇA 4.0 DE COOPERAÇÃO JUDICIÁRIA',processos_28-07-2026.CSV,1057
0001956-29.2025.5.12.0030,UNIDADE_NAO_CLASSIFICADA,Unidade nao classificada: 'NÚCLEO DE JUSTIÇA 4.0 DE COOPERAÇÃO JUDICIÁRIA',processos_28-07-2026.CSV,1061
0000713-16.2026.5.12.0030,UNIDADE_NAO_CLASSIFICADA,Unidade nao classificada: 'NÚCLEO DE JUSTIÇA 4.0 DE COOPERAÇÃO JUDICIÁRIA',processos_28-07-2026.CSV,1063
0002444-81.2025.5.12.0030,UNIDADE_NAO_CLASSIFICADA,Unidade nao classificada: 'NÚCLEO DE JUSTIÇA 4.0 DE COOPERAÇÃO JUDICIÁRIA',processos_28-07-2026.CSV,1065
0000554-73.2026.5.12.0030,UNIDADE_NAO_CLASSIFICADA,Unidade nao classificada: 'NÚCLEO DE JUSTIÇA 4.0 DE COOPERAÇÃO JUDICIÁRIA',processos_28-07-2026.CSV,1068
0000139-35.2026.5.12.0016,UNIDADE_NAO_CLASSIFICADA,Unidade nao classificada: 'NÚCLEO DE JUSTIÇA 4.0 DE COOPERAÇÃO JUDICIÁRIA',processos_28-07-2026.CSV,1069
0002465-57.2025.5.12.0030,UNIDADE_NAO_CLASSIFICADA,Unidade nao classificada: 'NÚCLEO DE JUSTIÇA 4.0 DE COOPERAÇÃO JUDICIÁRIA',processos_28-07-2026.CSV,1072
0001037-06.2026.5.12.0030,UNIDADE_NAO_CLASSIFICADA,Unidade nao classificada: 'NÚCLEO DE JUSTIÇA 4.0 DE COOPERAÇÃO JUDICIÁRIA',processos_28-07-2026.CSV,1075
0002278-49.2025.5.12.0030,UNIDADE_NAO_CLASSIFICADA,Unidade nao classificada: 'NÚCLEO DE JUSTIÇA 4.0 DE COOPERAÇÃO JUDICIÁRIA',processos_28-07-2026.CSV,1077
0000441-64.2026.5.12.0016,UNIDADE_NAO_CLASSIFICADA,Unidade nao classificada: 'NÚCLEO DE JUSTIÇA 4.0 DE COOPERAÇÃO JUDICIÁRIA',processos_28-07-2026.CSV,1078
0000225-61.2026.5.12.0030,UNIDADE_NAO_CLASSIFICADA,Unidade nao classificada: 'NÚCLEO DE JUSTIÇA 4.0 DE COOPERAÇÃO JUDICIÁRIA',processos_28-07-2026.CSV,1080
0000493-18.2026.5.12.0030,UNIDADE_NAO_CLASSIFICADA,Unidade nao classificada: 'NÚCLEO DE JUSTIÇA 4.0 DE COOPERAÇÃO JUDICIÁRIA',processos_28-07-2026.CSV,1087
0002330-87.2025.5.12.0016,UNIDADE_NAO_CLASSIFICADA,Unidade nao classificada: 'NÚCLEO DE JUSTIÇA 4.0 DE COOPERAÇÃO JUDICIÁRIA',processos_28-07-2026.CSV,1095
0000096-56.2026.5.12.0030,UNIDADE_NAO_CLASSIFICADA,Unidade nao classificada: 'NÚCLEO DE JUSTIÇA 4.0 DE COOPERAÇÃO JUDICIÁRIA',processos_28-07-2026.CSV,1096
0000683-78.2026.5.12.0030,UNIDADE_NAO_CLASSIFICADA,Unidade nao classificada: 'NÚCLEO DE JUSTIÇA 4.0 DE COOPERAÇÃO JUDICIÁRIA',processos_28-07-2026.CSV,1099
0001492-05.2025.5.12.0030,UNIDADE_NAO_CLASSIFICADA,Unidade nao classificada: 'NÚCLEO DE JUSTIÇA 4.0 DE COOPERAÇÃO JUDICIÁRIA',processos_28-07-2026.CSV,1101
0001593-42.2025.5.12.0030,UNIDADE_NAO_CLASSIFICADA,Unidade nao classificada: 'NÚCLEO DE JUSTIÇA 4.0 DE COOPERAÇÃO JUDICIÁRIA',processos_28-07-2026.CSV,1104
0002423-08.2025.5.12.0030,UNIDADE_NAO_CLASSIFICADA,Unidade nao classificada: 'NÚCLEO DE JUSTIÇA 4.0 DE COOPERAÇÃO JUDICIÁRIA',processos_28-07-2026.CSV,1105
0000274-05.2026.5.12.0030,UNIDADE_NAO_CLASSIFICADA,Unidade nao classificada: 'NÚCLEO DE JUSTIÇA 4.0 DE COOPERAÇÃO JUDICIÁRIA',processos_28-07-2026.CSV,1110
0000697-62.2026.5.12.0030,UNIDADE_NAO_CLASSIFICADA,Unidade nao classificada: 'NÚCLEO DE JUSTIÇA 4.0 DE COOPERAÇÃO JUDICIÁRIA',processos_28-07-2026.CSV,1111
0000490-08.2026.5.12.0016,UNIDADE_NAO_CLASSIFICADA,Unidade nao classificada: 'NÚCLEO DE JUSTIÇA 4.0 DE COOPERAÇÃO JUDICIÁRIA',processos_28-07-2026.CSV,1114
0001941-60.2025.5.12.0030,UNIDADE_NAO_CLASSIFICADA,Unidade nao classificada: 'NÚCLEO DE JUSTIÇA 4.0 DE COOPERAÇÃO JUDICIÁRIA',processos_28-07-2026.CSV,1115
0001624-62.2025.5.12.0030,UNIDADE_NAO_CLASSIFICADA,Unidade nao classificada: 'NÚCLEO DE JUSTIÇA 4.0 DE COOPERAÇÃO JUDICIÁRIA',processos_28-07-2026.CSV,1119
0001881-87.2025.5.12.0030,UNIDADE_NAO_CLASSIFICADA,Unidade nao classificada: 'NÚCLEO DE JUSTIÇA 4.0 DE COOPERAÇÃO JUDICIÁRIA',processos_28-07-2026.CSV,1121
0001985-79.2025.5.12.0030,UNIDADE_NAO_CLASSIFICADA,Unidade nao classificada: 'NÚCLEO DE JUSTIÇA 4.0 DE COOPERAÇÃO JUDICIÁRIA',processos_28-07-2026.CSV,1124
0000435-57.2026.5.12.0016,UNIDADE_NAO_CLASSIFICADA,Unidade nao classificada: 'NÚCLEO DE JUSTIÇA 4.0 DE COOPERAÇÃO JUDICIÁRIA',processos_28-07-2026.CSV,1125
0002094-33.2025.5.12.0050,UNIDADE_NAO_CLASSIFICADA,Unidade nao classificada: 'NÚCLEO DE JUSTIÇA 4.0 DE COOPERAÇÃO JUDICIÁRIA',processos_28-07-2026.CSV,1130
0000289-16.2026.5.12.0016,UNIDADE_NAO_CLASSIFICADA,Unidade nao classificada: 'NÚCLEO DE JUSTIÇA 4.0 DE COOPERAÇÃO JUDICIÁRIA',processos_28-07-2026.CSV,1132
0001515-48.2025.5.12.0030,UNIDADE_NAO_CLASSIFICADA,Unidade nao classificada: 'NÚCLEO DE JUSTIÇA 4.0 DE COOPERAÇÃO JUDICIÁRIA',processos_28-07-2026.CSV,1134
0001906-03.2025.5.12.0030,UNIDADE_NAO_CLASSIFICADA,Unidade nao classificada: 'NÚCLEO DE JUSTIÇA 4.0 DE COOPERAÇÃO JUDICIÁRIA',processos_28-07-2026.CSV,1137
0000487-11.2026.5.12.0030,UNIDADE_NAO_CLASSIFICADA,Unidade nao classificada: 'NÚCLEO DE JUSTIÇA 4.0 DE COOPERAÇÃO JUDICIÁRIA',processos_28-07-2026.CSV,1139
0002125-16.2025.5.12.0030,UNIDADE_NAO_CLASSIFICADA,Unidade nao classificada: 'NÚCLEO DE JUSTIÇA 4.0 DE COOPERAÇÃO JUDICIÁRIA',processos_28-07-2026.CSV,1140
0000398-85.2026.5.12.0030,UNIDADE_NAO_CLASSIFICADA,Unidade nao classificada: 'NÚCLEO DE JUSTIÇA 4.0 DE COOPERAÇÃO JUDICIÁRIA',processos_28-07-2026.CSV,1142
0000765-12.2026.5.12.0030,UNIDADE_NAO_CLASSIFICADA,Unidade nao classificada: 'NÚCLEO DE JUSTIÇA 4.0 DE COOPERAÇÃO JUDICIÁRIA',processos_28-07-2026.CSV,1145
0000238-60.2026.5.12.0030,UNIDADE_NAO_CLASSIFICADA,Unidade nao classificada: 'NÚCLEO DE JUSTIÇA 4.0 DE COOPERAÇÃO JUDICIÁRIA',processos_28-07-2026.CSV,1147
0000340-27.2026.5.12.0016,UNIDADE_NAO_CLASSIFICADA,Unidade nao classificada: 'NÚCLEO DE JUSTIÇA 4.0 DE COOPERAÇÃO JUDICIÁRIA',processos_28-07-2026.CSV,1151
0000823-15.2026.5.12.0030,UNIDADE_NAO_CLASSIFICADA,Unidade nao classificada: 'NÚCLEO DE JUSTIÇA 4.0 DE COOPERAÇÃO JUDICIÁRIA',processos_28-07-2026.CSV,1153
0000545-14.2026.5.12.0030,UNIDADE_NAO_CLASSIFICADA,Unidade nao classificada: 'NÚCLEO DE JUSTIÇA 4.0 DE COOPERAÇÃO JUDICIÁRIA',processos_28-07-2026.CSV,1155
0000279-27.2026.5.12.0030,UNIDADE_NAO_CLASSIFICADA,Unidade nao classificada: 'NÚCLEO DE JUSTIÇA 4.0 DE COOPERAÇÃO JUDICIÁRIA',processos_28-07-2026.CSV,1157
0001698-56.2025.5.12.0050,UNIDADE_NAO_CLASSIFICADA,Unidade nao classificada: 'NÚCLEO DE JUSTIÇA 4.0 DE COOPERAÇÃO JUDICIÁRIA',processos_28-07-2026.CSV,1159
0000280-12.2026.5.12.0030,UNIDADE_NAO_CLASSIFICADA,Unidade nao classificada: 'NÚCLEO DE JUSTIÇA 4.0 DE COOPERAÇÃO JUDICIÁRIA',processos_28-07-2026.CSV,1162
0000518-76.2026.5.12.0015,UNIDADE_NAO_CLASSIFICADA,Unidade nao classificada: 'NÚCLEO DE JUSTIÇA 4.0 DE COOPERAÇÃO JUDICIÁRIA',processos_28-07-2026.CSV,1164
0002607-06.2025.5.12.0016,UNIDADE_NAO_CLASSIFICADA,Unidade nao classificada: 'NÚCLEO DE JUSTIÇA 4.0 DE COOPERAÇÃO JUDICIÁRIA',processos_28-07-2026.CSV,1166
0002197-45.2025.5.12.0016,UNIDADE_NAO_CLASSIFICADA,Unidade nao classificada: 'NÚCLEO DE JUSTIÇA 4.0 DE COOPERAÇÃO JUDICIÁRIA',processos_28-07-2026.CSV,1168
0000089-09.2026.5.12.0016,UNIDADE_NAO_CLASSIFICADA,Unidade nao classificada: 'NÚCLEO DE JUSTIÇA 4.0 DE COOPERAÇÃO JUDICIÁRIA',processos_28-07-2026.CSV,1171
0000423-43.2026.5.12.0016,UNIDADE_NAO_CLASSIFICADA,Unidade nao classificada: 'NÚCLEO DE JUSTIÇA 4.0 DE COOPERAÇÃO JUDICIÁRIA',processos_28-07-2026.CSV,1173
0001475-66.2025.5.12.0030,UNIDADE_NAO_CLASSIFICADA,Unidade nao classificada: 'NÚCLEO DE JUSTIÇA 4.0 DE COOPERAÇÃO JUDICIÁRIA',processos_28-07-2026.CSV,1176
0002244-55.2025.5.12.0004,UNIDADE_NAO_CLASSIFICADA,Unidade nao classificada: 'NÚCLEO DE JUSTIÇA 4.0 DE COOPERAÇÃO JUDICIÁRIA',processos_28-07-2026.CSV,1178
0002193-63.2025.5.12.0030,UNIDADE_NAO_CLASSIFICADA,Unidade nao classificada: 'NÚCLEO DE JUSTIÇA 4.0 DE COOPERAÇÃO JUDICIÁRIA',processos_28-07-2026.CSV,1181
0000079-20.2026.5.12.0030,UNIDADE_NAO_CLASSIFICADA,Unidade nao classificada: 'NÚCLEO DE JUSTIÇA 4.0 DE COOPERAÇÃO JUDICIÁRIA',processos_28-07-2026.CSV,1183
0001859-29.2025.5.12.0030,UNIDADE_NAO_CLASSIFICADA,Unidade nao classificada: 'NÚCLEO DE JUSTIÇA 4.0 DE COOPERAÇÃO JUDICIÁRIA',processos_28-07-2026.CSV,1186
0000318-69.2026.5.12.0015,UNIDADE_NAO_CLASSIFICADA,Unidade nao classificada: 'NÚCLEO DE JUSTIÇA 4.0 DE COOPERAÇÃO JUDICIÁRIA',processos_28-07-2026.CSV,1189
0000037-68.2026.5.12.0030,UNIDADE_NAO_CLASSIFICADA,Unidade nao classificada: 'NÚCLEO DE JUSTIÇA 4.0 DE COOPERAÇÃO JUDICIÁRIA',processos_28-07-2026.CSV,1190
0000373-72.2026.5.12.0030,UNIDADE_NAO_CLASSIFICADA,Unidade nao classificada: 'NÚCLEO DE JUSTIÇA 4.0 DE COOPERAÇÃO JUDICIÁRIA',processos_28-07-2026.CSV,1193
0000714-98.2026.5.12.0030,UNIDADE_NAO_CLASSIFICADA,Unidade nao classificada: 'NÚCLEO DE JUSTIÇA 4.0 DE COOPERAÇÃO JUDICIÁRIA',processos_28-07-2026.CSV,1195
0002597-17.2025.5.12.0030,UNIDADE_NAO_CLASSIFICADA,Unidade nao classificada: 'NÚCLEO DE JUSTIÇA 4.0 DE COOPERAÇÃO JUDICIÁRIA',processos_28-07-2026.CSV,1196
0002888-62.2025.5.12.0015,UNIDADE_NAO_CLASSIFICADA,Unidade nao classificada: 'NÚCLEO DE JUSTIÇA 4.0 DE COOPERAÇÃO JUDICIÁRIA',processos_28-07-2026.CSV,1198
0000655-13.2026.5.12.0030,UNIDADE_NAO_CLASSIFICADA,Unidade nao classificada: 'NÚCLEO DE JUSTIÇA 4.0 DE COOPERAÇÃO JUDICIÁRIA',processos_28-07-2026.CSV,1201
0002475-23.2025.5.12.0056,UNIDADE_NAO_CLASSIFICADA,Unidade nao classificada: 'NÚCLEO DE JUSTIÇA 4.0 DE COOPERAÇÃO JUDICIÁRIA',processos_28-07-2026.CSV,1202
0000662-05.2026.5.12.0030,UNIDADE_NAO_CLASSIFICADA,Unidade nao classificada: 'NÚCLEO DE JUSTIÇA 4.0 DE COOPERAÇÃO JUDICIÁRIA',processos_28-07-2026.CSV,1205
0000833-59.2026.5.12.0030,UNIDADE_NAO_CLASSIFICADA,Unidade nao classificada: 'NÚCLEO DE JUSTIÇA 4.0 DE COOPERAÇÃO JUDICIÁRIA',processos_28-07-2026.CSV,1207
0000772-04.2026.5.12.0030,UNIDADE_NAO_CLASSIFICADA,Unidade nao classificada: 'NÚCLEO DE JUSTIÇA 4.0 DE COOPERAÇÃO JUDICIÁRIA',processos_28-07-2026.CSV,1209
0002488-03.2025.5.12.0030,UNIDADE_NAO_CLASSIFICADA,Unidade nao classificada: 'NÚCLEO DE JUSTIÇA 4.0 DE COOPERAÇÃO JUDICIÁRIA',processos_28-07-2026.CSV,1211
0002315-95.2025.5.12.0056,UNIDADE_NAO_CLASSIFICADA,Unidade nao classificada: 'NÚCLEO DE JUSTIÇA 4.0 DE COOPERAÇÃO JUDICIÁRIA',processos_28-07-2026.CSV,1213
0000299-18.2026.5.12.0030,UNIDADE_NAO_CLASSIFICADA,Unidade nao classificada: 'NÚCLEO DE JUSTIÇA 4.0 DE COOPERAÇÃO JUDICIÁRIA',processos_28-07-2026.CSV,1214
0002377-64.2025.5.12.0015,UNIDADE_NAO_CLASSIFICADA,Unidade nao classificada: 'NÚCLEO DE JUSTIÇA 4.0 DE COOPERAÇÃO JUDICIÁRIA',processos_28-07-2026.CSV,1217
0000239-82.2026.5.12.0050,UNIDADE_NAO_CLASSIFICADA,Unidade nao classificada: 'NÚCLEO DE JUSTIÇA 4.0 DE COOPERAÇÃO JUDICIÁRIA',processos_28-07-2026.CSV,1219
0000267-66.2025.5.12.0056,UNIDADE_NAO_CLASSIFICADA,Unidade nao classificada: 'NÚCLEO DE JUSTIÇA 4.0 DE COOPERAÇÃO JUDICIÁRIA',processos_28-07-2026.CSV,1222
0002155-70.2025.5.12.0056,UNIDADE_NAO_CLASSIFICADA,Unidade nao classificada: 'NÚCLEO DE JUSTIÇA 4.0 DE COOPERAÇÃO JUDICIÁRIA',processos_28-07-2026.CSV,1224
0000067-51.2026.5.12.0015,UNIDADE_NAO_CLASSIFICADA,Unidade nao classificada: 'NÚCLEO DE JUSTIÇA 4.0 DE COOPERAÇÃO JUDICIÁRIA',processos_28-07-2026.CSV,1226
0002343-44.2025.5.12.0030,UNIDADE_NAO_CLASSIFICADA,Unidade nao classificada: 'NÚCLEO DE JUSTIÇA 4.0 DE COOPERAÇÃO JUDICIÁRIA',processos_28-07-2026.CSV,1228
0000715-05.2026.5.12.0056,UNIDADE_NAO_CLASSIFICADA,Unidade nao classificada: 'NÚCLEO DE JUSTIÇA 4.0 DE COOPERAÇÃO JUDICIÁRIA',processos_28-07-2026.CSV,1231
0000504-47.2026.5.12.0030,UNIDADE_NAO_CLASSIFICADA,Unidade nao classificada: 'NÚCLEO DE JUSTIÇA 4.0 DE COOPERAÇÃO JUDICIÁRIA',processos_28-07-2026.CSV,1233
0000392-78.2026.5.12.0030,UNIDADE_NAO_CLASSIFICADA,Unidade nao classificada: 'NÚCLEO DE JUSTIÇA 4.0 DE COOPERAÇÃO JUDICIÁRIA',processos_28-07-2026.CSV,1235
0001016-30.2026.5.12.0030,UNIDADE_NAO_CLASSIFICADA,Unidade nao classificada: 'NÚCLEO DE JUSTIÇA 4.0 DE COOPERAÇÃO JUDICIÁRIA',processos_28-07-2026.CSV,1238
0000629-34.2026.5.12.0056,UNIDADE_NAO_CLASSIFICADA,Unidade nao classificada: 'NÚCLEO DE JUSTIÇA 4.0 DE COOPERAÇÃO JUDICIÁRIA',processos_28-07-2026.CSV,1240
0000583-26.2026.5.12.0030,UNIDADE_NAO_CLASSIFICADA,Unidade nao classificada: 'NÚCLEO DE JUSTIÇA 4.0 DE COOPERAÇÃO JUDICIÁRIA',processos_28-07-2026.CSV,1241
0000422-16.2026.5.12.0030,UNIDADE_NAO_CLASSIFICADA,Unidade nao classificada: 'NÚCLEO DE JUSTIÇA 4.0 DE COOPERAÇÃO JUDICIÁRIA',processos_28-07-2026.CSV,1243
0000729-86.2026.5.12.0056,UNIDADE_NAO_CLASSIFICADA,Unidade nao classificada: 'NÚCLEO DE JUSTIÇA 4.0 DE COOPERAÇÃO JUDICIÁRIA',processos_28-07-2026.CSV,1247
0000399-70.2026.5.12.0030,UNIDADE_NAO_CLASSIFICADA,Unidade nao classificada: 'NÚCLEO DE JUSTIÇA 4.0 DE COOPERAÇÃO JUDICIÁRIA',processos_28-07-2026.CSV,1248
0000740-96.2026.5.12.0030,UNIDADE_NAO_CLASSIFICADA,Unidade nao classificada: 'NÚCLEO DE JUSTIÇA 4.0 DE COOPERAÇÃO JUDICIÁRIA',processos_28-07-2026.CSV,1251
0000535-67.2026.5.12.0030,UNIDADE_NAO_CLASSIFICADA,Unidade nao classificada: 'NÚCLEO DE JUSTIÇA 4.0 DE COOPERAÇÃO JUDICIÁRIA',processos_28-07-2026.CSV,1253
0000732-22.2026.5.12.0030,UNIDADE_NAO_CLASSIFICADA,Unidade nao classificada: 'NÚCLEO DE JUSTIÇA 4.0 DE COOPERAÇÃO JUDICIÁRIA',processos_28-07-2026.CSV,1254
0001922-54.2025.5.12.0030,UNIDADE_NAO_CLASSIFICADA,Unidade nao classificada: 'NÚCLEO DE JUSTIÇA 4.0 DE COOPERAÇÃO JUDICIÁRIA',processos_28-07-2026.CSV,1257
0000384-23.2026.5.12.0056,UNIDADE_NAO_CLASSIFICADA,Unidade nao classificada: 'NÚCLEO DE JUSTIÇA 4.0 DE COOPERAÇÃO JUDICIÁRIA',processos_28-07-2026.CSV,1258
0000319-09.2026.5.12.0030,UNIDADE_NAO_CLASSIFICADA,Unidade nao classificada: 'NÚCLEO DE JUSTIÇA 4.0 DE COOPERAÇÃO JUDICIÁRIA',processos_28-07-2026.CSV,1262
0000586-78.2026.5.12.0030,UNIDADE_NAO_CLASSIFICADA,Unidade nao classificada: 'NÚCLEO DE JUSTIÇA 4.0 DE COOPERAÇÃO JUDICIÁRIA',processos_28-07-2026.CSV,1263
0002281-23.2025.5.12.0056,UNIDADE_NAO_CLASSIFICADA,Unidade nao classificada: 'NÚCLEO DE JUSTIÇA 4.0 DE COOPERAÇÃO JUDICIÁRIA',processos_28-07-2026.CSV,1266
0000613-61.2026.5.12.0030,UNIDADE_NAO_CLASSIFICADA,Unidade nao classificada: 'NÚCLEO DE JUSTIÇA 4.0 DE COOPERAÇÃO JUDICIÁRIA',processos_28-07-2026.CSV,1267
0001828-09.2025.5.12.0030,UNIDADE_NAO_CLASSIFICADA,Unidade nao classificada: 'NÚCLEO DE JUSTIÇA 4.0 DE COOPERAÇÃO JUDICIÁRIA',processos_28-07-2026.CSV,1269
0000315-88.2026.5.12.0056,UNIDADE_NAO_CLASSIFICADA,Unidade nao classificada: 'NÚCLEO DE JUSTIÇA 4.0 DE COOPERAÇÃO JUDICIÁRIA',processos_28-07-2026.CSV,1271
0002201-40.2025.5.12.0030,UNIDADE_NAO_CLASSIFICADA,Unidade nao classificada: 'NÚCLEO DE JUSTIÇA 4.0 DE COOPERAÇÃO JUDICIÁRIA',processos_28-07-2026.CSV,1273
0002534-29.2025.5.12.0050,UNIDADE_NAO_CLASSIFICADA,Unidade nao classificada: 'NÚCLEO DE JUSTIÇA 4.0 DE COOPERAÇÃO JUDICIÁRIA',processos_28-07-2026.CSV,1276
0000173-05.2026.5.12.0050,UNIDADE_NAO_CLASSIFICADA,Unidade nao classificada: 'NÚCLEO DE JUSTIÇA 4.0 DE COOPERAÇÃO JUDICIÁRIA',processos_28-07-2026.CSV,1279
0001960-06.2025.5.12.0050,UNIDADE_NAO_CLASSIFICADA,Unidade nao classificada: 'NÚCLEO DE JUSTIÇA 4.0 DE COOPERAÇÃO JUDICIÁRIA',processos_28-07-2026.CSV,1281
0000123-76.2026.5.12.0050,UNIDADE_NAO_CLASSIFICADA,Unidade nao classificada: 'NÚCLEO DE JUSTIÇA 4.0 DE COOPERAÇÃO JUDICIÁRIA',processos_28-07-2026.CSV,1284
0000365-35.2026.5.12.0050,UNIDADE_NAO_CLASSIFICADA,Unidade nao classificada: 'NÚCLEO DE JUSTIÇA 4.0 DE COOPERAÇÃO JUDICIÁRIA',processos_28-07-2026.CSV,1286
0000253-66.2026.5.12.0050,UNIDADE_NAO_CLASSIFICADA,Unidade nao classificada: 'NÚCLEO DE JUSTIÇA 4.0 DE COOPERAÇÃO JUDICIÁRIA',processos_28-07-2026.CSV,1288
0000328-08.2026.5.12.0050,UNIDADE_NAO_CLASSIFICADA,Unidade nao classificada: 'NÚCLEO DE JUSTIÇA 4.0 DE COOPERAÇÃO JUDICIÁRIA',processos_28-07-2026.CSV,1290
0000071-80.2026.5.12.0050,UNIDADE_NAO_CLASSIFICADA,Unidade nao classificada: 'NÚCLEO DE JUSTIÇA 4.0 DE COOPERAÇÃO JUDICIÁRIA',processos_28-07-2026.CSV,1292
0002538-66.2025.5.12.0050,UNIDADE_NAO_CLASSIFICADA,Unidade nao classificada: 'NÚCLEO DE JUSTIÇA 4.0 DE COOPERAÇÃO JUDICIÁRIA',processos_28-07-2026.CSV,1295
0000378-34.2026.5.12.0050,UNIDADE_NAO_CLASSIFICADA,Unidade nao classificada: 'NÚCLEO DE JUSTIÇA 4.0 DE COOPERAÇÃO JUDICIÁRIA',processos_28-07-2026.CSV,1298
0000400-92.2026.5.12.0050,UNIDADE_NAO_CLASSIFICADA,Unidade nao classificada: 'NÚCLEO DE JUSTIÇA 4.0 DE COOPERAÇÃO JUDICIÁRIA',processos_28-07-2026.CSV,1299
0001229-10.2025.5.12.0050,UNIDADE_NAO_CLASSIFICADA,Unidade nao classificada: 'NÚCLEO DE JUSTIÇA 4.0 DE COOPERAÇÃO JUDICIÁRIA',processos_28-07-2026.CSV,1303
0000370-57.2026.5.12.0050,UNIDADE_NAO_CLASSIFICADA,Unidade nao classificada: 'NÚCLEO DE JUSTIÇA 4.0 DE COOPERAÇÃO JUDICIÁRIA',processos_28-07-2026.CSV,1305
0000180-31.2025.5.12.0050,UNIDADE_NAO_CLASSIFICADA,Unidade nao classificada: 'NÚCLEO DE JUSTIÇA 4.0 DE COOPERAÇÃO JUDICIÁRIA',processos_28-07-2026.CSV,1307
0002138-52.2025.5.12.0050,UNIDADE_NAO_CLASSIFICADA,Unidade nao classificada: 'NÚCLEO DE JUSTIÇA 4.0 DE COOPERAÇÃO JUDICIÁRIA',processos_28-07-2026.CSV,1310
0000496-10.2026.5.12.0050,UNIDADE_NAO_CLASSIFICADA,Unidade nao classificada: 'NÚCLEO DE JUSTIÇA 4.0 DE COOPERAÇÃO JUDICIÁRIA',processos_28-07-2026.CSV,1312
0000454-65.2025.5.12.0059,UNIDADE_NAO_CLASSIFICADA,Unidade nao classificada: 'NÚCLEO DE JUSTIÇA 4.0 DE COOPERAÇÃO JUDICIÁRIA',processos_28-07-2026.CSV,1315
0000329-90.2026.5.12.0050,UNIDADE_NAO_CLASSIFICADA,Unidade nao classificada: 'NÚCLEO DE JUSTIÇA 4.0 DE COOPERAÇÃO JUDICIÁRIA',processos_28-07-2026.CSV,1317
0000264-95.2026.5.12.0050,UNIDADE_NAO_CLASSIFICADA,Unidade nao classificada: 'NÚCLEO DE JUSTIÇA 4.0 DE COOPERAÇÃO JUDICIÁRIA',processos_28-07-2026.CSV,1319
0001106-82.2025.5.12.0059,UNIDADE_NAO_CLASSIFICADA,Unidade nao classificada: 'NÚCLEO DE JUSTIÇA 4.0 DE COOPERAÇÃO JUDICIÁRIA',processos_28-07-2026.CSV,1322
0000355-88.2026.5.12.0050,UNIDADE_NAO_CLASSIFICADA,Unidade nao classificada: 'NÚCLEO DE JUSTIÇA 4.0 DE COOPERAÇÃO JUDICIÁRIA',processos_28-07-2026.CSV,1323
0001042-72.2025.5.12.0059,UNIDADE_NAO_CLASSIFICADA,Unidade nao classificada: 'NÚCLEO DE JUSTIÇA 4.0 DE COOPERAÇÃO JUDICIÁRIA',processos_28-07-2026.CSV,1325
0000390-48.2026.5.12.0050,UNIDADE_NAO_CLASSIFICADA,Unidade nao classificada: 'NÚCLEO DE JUSTIÇA 4.0 DE COOPERAÇÃO JUDICIÁRIA',processos_28-07-2026.CSV,1327
0002204-32.2025.5.12.0050,UNIDADE_NAO_CLASSIFICADA,Unidade nao classificada: 'NÚCLEO DE JUSTIÇA 4.0 DE COOPERAÇÃO JUDICIÁRIA',processos_28-07-2026.CSV,1330
0000302-10.2026.5.12.0050,UNIDADE_NAO_CLASSIFICADA,Unidade nao classificada: 'NÚCLEO DE JUSTIÇA 4.0 DE COOPERAÇÃO JUDICIÁRIA',processos_28-07-2026.CSV,1333
0000352-43.2025.5.12.0059,UNIDADE_NAO_CLASSIFICADA,Unidade nao classificada: 'NÚCLEO DE JUSTIÇA 4.0 DE COOPERAÇÃO JUDICIÁRIA',processos_28-07-2026.CSV,1335
0000376-64.2026.5.12.0050,UNIDADE_NAO_CLASSIFICADA,Unidade nao classificada: 'NÚCLEO DE JUSTIÇA 4.0 DE COOPERAÇÃO JUDICIÁRIA',processos_28-07-2026.CSV,1336
0002504-91.2025.5.12.0050,UNIDADE_NAO_CLASSIFICADA,Unidade nao classificada: 'NÚCLEO DE JUSTIÇA 4.0 DE COOPERAÇÃO JUDICIÁRIA',processos_28-07-2026.CSV,1338
0000285-71.2026.5.12.0050,UNIDADE_NAO_CLASSIFICADA,Unidade nao classificada: 'NÚCLEO DE JUSTIÇA 4.0 DE COOPERAÇÃO JUDICIÁRIA',processos_28-07-2026.CSV,1341
0000422-53.2026.5.12.0050,UNIDADE_NAO_CLASSIFICADA,Unidade nao classificada: 'NÚCLEO DE JUSTIÇA 4.0 DE COOPERAÇÃO JUDICIÁRIA',processos_28-07-2026.CSV,1343
0002061-43.2025.5.12.0050,UNIDADE_NAO_CLASSIFICADA,Unidade nao classificada: 'NÚCLEO DE JUSTIÇA 4.0 DE COOPERAÇÃO JUDICIÁRIA',processos_28-07-2026.CSV,1345
0000153-14.2026.5.12.0050,UNIDADE_NAO_CLASSIFICADA,Unidade nao classificada: 'NÚCLEO DE JUSTIÇA 4.0 DE COOPERAÇÃO JUDICIÁRIA',processos_28-07-2026.CSV,1347
0000489-18.2026.5.12.0050,UNIDADE_NAO_CLASSIFICADA,Unidade nao classificada: 'NÚCLEO DE JUSTIÇA 4.0 DE COOPERAÇÃO JUDICIÁRIA',processos_28-07-2026.CSV,1350
0002264-05.2025.5.12.0050,UNIDADE_NAO_CLASSIFICADA,Unidade nao classificada: 'NÚCLEO DE JUSTIÇA 4.0 DE COOPERAÇÃO JUDICIÁRIA',processos_28-07-2026.CSV,1353
0000438-07.2026.5.12.0050,UNIDADE_NAO_CLASSIFICADA,Unidade nao classificada: 'NÚCLEO DE JUSTIÇA 4.0 DE COOPERAÇÃO JUDICIÁRIA',processos_28-07-2026.CSV,1355
0000018-02.2026.5.12.0050,UNIDADE_NAO_CLASSIFICADA,Unidade nao classificada: 'NÚCLEO DE JUSTIÇA 4.0 DE COOPERAÇÃO JUDICIÁRIA',processos_28-07-2026.CSV,1356
0000810-60.2025.5.12.0059,UNIDADE_NAO_CLASSIFICADA,Unidade nao classificada: 'NÚCLEO DE JUSTIÇA 4.0 DE COOPERAÇÃO JUDICIÁRIA',processos_28-07-2026.CSV,1359
0000640-81.2026.5.12.0050,UNIDADE_NAO_CLASSIFICADA,Unidade nao classificada: 'NÚCLEO DE JUSTIÇA 4.0 DE COOPERAÇÃO JUDICIÁRIA',processos_28-07-2026.CSV,1360
0000426-90.2026.5.12.0050,UNIDADE_NAO_CLASSIFICADA,Unidade nao classificada: 'NÚCLEO DE JUSTIÇA 4.0 DE COOPERAÇÃO JUDICIÁRIA',processos_28-07-2026.CSV,1362
0000182-64.2026.5.12.0050,UNIDADE_NAO_CLASSIFICADA,Unidade nao classificada: 'NÚCLEO DE JUSTIÇA 4.0 DE COOPERAÇÃO JUDICIÁRIA',processos_28-07-2026.CSV,1365
0001801-36.2025.5.12.0059,UNIDADE_NAO_CLASSIFICADA,Unidade nao classificada: 'NÚCLEO DE JUSTIÇA 4.0 DE COOPERAÇÃO JUDICIÁRIA',processos_28-07-2026.CSV,1367
0000213-84.2026.5.12.0050,UNIDADE_NAO_CLASSIFICADA,Unidade nao classificada: 'NÚCLEO DE JUSTIÇA 4.0 DE COOPERAÇÃO JUDICIÁRIA',processos_28-07-2026.CSV,1368
0000308-17.2026.5.12.0050,UNIDADE_NAO_CLASSIFICADA,Unidade nao classificada: 'NÚCLEO DE JUSTIÇA 4.0 DE COOPERAÇÃO JUDICIÁRIA',processos_28-07-2026.CSV,1371
0000223-38.2025.5.12.0059,UNIDADE_NAO_CLASSIFICADA,Unidade nao classificada: 'NÚCLEO DE JUSTIÇA 4.0 DE COOPERAÇÃO JUDICIÁRIA',processos_28-07-2026.CSV,1373
0002170-57.2025.5.12.0050,UNIDADE_NAO_CLASSIFICADA,Unidade nao classificada: 'NÚCLEO DE JUSTIÇA 4.0 DE COOPERAÇÃO JUDICIÁRIA',processos_28-07-2026.CSV,1374
0001799-66.2025.5.12.0059,UNIDADE_NAO_CLASSIFICADA,Unidade nao classificada: 'NÚCLEO DE JUSTIÇA 4.0 DE COOPERAÇÃO JUDICIÁRIA',processos_28-07-2026.CSV,1377
0000435-52.2026.5.12.0050,UNIDADE_NAO_CLASSIFICADA,Unidade nao classificada: 'NÚCLEO DE JUSTIÇA 4.0 DE COOPERAÇÃO JUDICIÁRIA',processos_28-07-2026.CSV,1380
0002127-23.2025.5.12.0050,UNIDADE_NAO_CLASSIFICADA,Unidade nao classificada: 'NÚCLEO DE JUSTIÇA 4.0 DE COOPERAÇÃO JUDICIÁRIA',processos_28-07-2026.CSV,1382
0000286-56.2026.5.12.0050,UNIDADE_NAO_CLASSIFICADA,Unidade nao classificada: 'NÚCLEO DE JUSTIÇA 4.0 DE COOPERAÇÃO JUDICIÁRIA',processos_28-07-2026.CSV,1383
0001229-80.2025.5.12.0059,UNIDADE_NAO_CLASSIFICADA,Unidade nao classificada: 'NÚCLEO DE JUSTIÇA 4.0 DE COOPERAÇÃO JUDICIÁRIA',processos_28-07-2026.CSV,1386
0000387-93.2026.5.12.0050,UNIDADE_NAO_CLASSIFICADA,Unidade nao classificada: 'NÚCLEO DE JUSTIÇA 4.0 DE COOPERAÇÃO JUDICIÁRIA',processos_28-07-2026.CSV,1387
0001217-66.2025.5.12.0059,UNIDADE_NAO_CLASSIFICADA,Unidade nao classificada: 'NÚCLEO DE JUSTIÇA 4.0 DE COOPERAÇÃO JUDICIÁRIA',processos_28-07-2026.CSV,1389
0001037-43.2026.5.12.0050,UNIDADE_NAO_CLASSIFICADA,Unidade nao classificada: 'NÚCLEO DE JUSTIÇA 4.0 DE COOPERAÇÃO JUDICIÁRIA',processos_28-07-2026.CSV,1393
0000350-73.2025.5.12.0059,UNIDADE_NAO_CLASSIFICADA,Unidade nao classificada: 'NÚCLEO DE JUSTIÇA 4.0 DE COOPERAÇÃO JUDICIÁRIA',processos_28-07-2026.CSV,1394
0001254-23.2025.5.12.0050,UNIDADE_NAO_CLASSIFICADA,Unidade nao classificada: 'NÚCLEO DE JUSTIÇA 4.0 DE COOPERAÇÃO JUDICIÁRIA',processos_28-07-2026.CSV,1396
0000530-89.2025.5.12.0059,UNIDADE_NAO_CLASSIFICADA,Unidade nao classificada: 'NÚCLEO DE JUSTIÇA 4.0 DE COOPERAÇÃO JUDICIÁRIA',processos_28-07-2026.CSV,1398
0000440-74.2026.5.12.0050,UNIDADE_NAO_CLASSIFICADA,Unidade nao classificada: 'NÚCLEO DE JUSTIÇA 4.0 DE COOPERAÇÃO JUDICIÁRIA',processos_28-07-2026.CSV,1400
0002218-23.2024.5.12.0059,UNIDADE_NAO_CLASSIFICADA,Unidade nao classificada: 'NÚCLEO DE JUSTIÇA 4.0 DE COOPERAÇÃO JUDICIÁRIA',processos_28-07-2026.CSV,1402
0002063-13.2025.5.12.0050,UNIDADE_NAO_CLASSIFICADA,Unidade nao classificada: 'NÚCLEO DE JUSTIÇA 4.0 DE COOPERAÇÃO JUDICIÁRIA',processos_28-07-2026.CSV,1405
0001329-35.2025.5.12.0059,UNIDADE_NAO_CLASSIFICADA,Unidade nao classificada: 'NÚCLEO DE JUSTIÇA 4.0 DE COOPERAÇÃO JUDICIÁRIA',processos_28-07-2026.CSV,1407
0000299-62.2025.5.12.0059,UNIDADE_NAO_CLASSIFICADA,Unidade nao classificada: 'NÚCLEO DE JUSTIÇA 4.0 DE COOPERAÇÃO JUDICIÁRIA',processos_28-07-2026.CSV,1412
0001337-39.2025.5.12.0050,UNIDADE_NAO_CLASSIFICADA,Unidade nao classificada: 'NÚCLEO DE JUSTIÇA 4.0 DE COOPERAÇÃO JUDICIÁRIA',processos_28-07-2026.CSV,1415
0000617-45.2025.5.12.0059,UNIDADE_NAO_CLASSIFICADA,Unidade nao classificada: 'NÚCLEO DE JUSTIÇA 4.0 DE COOPERAÇÃO JUDICIÁRIA',processos_28-07-2026.CSV,1417
0000554-13.2026.5.12.0050,UNIDADE_NAO_CLASSIFICADA,Unidade nao classificada: 'NÚCLEO DE JUSTIÇA 4.0 DE COOPERAÇÃO JUDICIÁRIA',processos_28-07-2026.CSV,1420
0001179-54.2025.5.12.0059,UNIDADE_NAO_CLASSIFICADA,Unidade nao classificada: 'NÚCLEO DE JUSTIÇA 4.0 DE COOPERAÇÃO JUDICIÁRIA',processos_28-07-2026.CSV,1422
0002595-84.2025.5.12.0050,UNIDADE_NAO_CLASSIFICADA,Unidade nao classificada: 'NÚCLEO DE JUSTIÇA 4.0 DE COOPERAÇÃO JUDICIÁRIA',processos_28-07-2026.CSV,1423
0001249-71.2025.5.12.0059,UNIDADE_NAO_CLASSIFICADA,Unidade nao classificada: 'NÚCLEO DE JUSTIÇA 4.0 DE COOPERAÇÃO JUDICIÁRIA',processos_28-07-2026.CSV,1426
0000552-43.2026.5.12.0050,UNIDADE_NAO_CLASSIFICADA,Unidade nao classificada: 'NÚCLEO DE JUSTIÇA 4.0 DE COOPERAÇÃO JUDICIÁRIA',processos_28-07-2026.CSV,1429
0000692-84.2025.5.12.0059,UNIDADE_NAO_CLASSIFICADA,Unidade nao classificada: 'NÚCLEO DE JUSTIÇA 4.0 DE COOPERAÇÃO JUDICIÁRIA',processos_28-07-2026.CSV,1431
0000408-76.2025.5.12.0059,UNIDADE_NAO_CLASSIFICADA,Unidade nao classificada: 'NÚCLEO DE JUSTIÇA 4.0 DE COOPERAÇÃO JUDICIÁRIA',processos_28-07-2026.CSV,1432
0000114-24.2025.5.12.0059,UNIDADE_NAO_CLASSIFICADA,Unidade nao classificada: 'NÚCLEO DE JUSTIÇA 4.0 DE COOPERAÇÃO JUDICIÁRIA',processos_28-07-2026.CSV,1435
0000550-73.2026.5.12.0050,UNIDADE_NAO_CLASSIFICADA,Unidade nao classificada: 'NÚCLEO DE JUSTIÇA 4.0 DE COOPERAÇÃO JUDICIÁRIA',processos_28-07-2026.CSV,1436
0000410-39.2026.5.12.0050,UNIDADE_NAO_CLASSIFICADA,Unidade nao classificada: 'NÚCLEO DE JUSTIÇA 4.0 DE COOPERAÇÃO JUDICIÁRIA',processos_28-07-2026.CSV,1439
0000722-22.2025.5.12.0059,UNIDADE_NAO_CLASSIFICADA,Unidade nao classificada: 'NÚCLEO DE JUSTIÇA 4.0 DE COOPERAÇÃO JUDICIÁRIA',processos_28-07-2026.CSV,1441
0000491-85.2026.5.12.0050,UNIDADE_NAO_CLASSIFICADA,Unidade nao classificada: 'NÚCLEO DE JUSTIÇA 4.0 DE COOPERAÇÃO JUDICIÁRIA',processos_28-07-2026.CSV,1442
0000698-91.2025.5.12.0059,UNIDADE_NAO_CLASSIFICADA,Unidade nao classificada: 'NÚCLEO DE JUSTIÇA 4.0 DE COOPERAÇÃO JUDICIÁRIA',processos_28-07-2026.CSV,1444
0000325-53.2026.5.12.0050,UNIDADE_NAO_CLASSIFICADA,Unidade nao classificada: 'NÚCLEO DE JUSTIÇA 4.0 DE COOPERAÇÃO JUDICIÁRIA',processos_28-07-2026.CSV,1446
0000359-22.2025.5.12.0031,UNIDADE_NAO_CLASSIFICADA,Unidade nao classificada: 'NÚCLEO DE JUSTIÇA 4.0 DE COOPERAÇÃO JUDICIÁRIA',processos_28-07-2026.CSV,1448
0000327-23.2026.5.12.0050,UNIDADE_NAO_CLASSIFICADA,Unidade nao classificada: 'NÚCLEO DE JUSTIÇA 4.0 DE COOPERAÇÃO JUDICIÁRIA',processos_28-07-2026.CSV,1450
0000375-86.2025.5.12.0059,UNIDADE_NAO_CLASSIFICADA,Unidade nao classificada: 'NÚCLEO DE JUSTIÇA 4.0 DE COOPERAÇÃO JUDICIÁRIA',processos_28-07-2026.CSV,1453
0000106-40.2026.5.12.0050,UNIDADE_NAO_CLASSIFICADA,Unidade nao classificada: 'NÚCLEO DE JUSTIÇA 4.0 DE COOPERAÇÃO JUDICIÁRIA',processos_28-07-2026.CSV,1455
0001529-42.2025.5.12.0059,UNIDADE_NAO_CLASSIFICADA,Unidade nao classificada: 'NÚCLEO DE JUSTIÇA 4.0 DE COOPERAÇÃO JUDICIÁRIA',processos_28-07-2026.CSV,1456
0000194-78.2026.5.12.0050,UNIDADE_NAO_CLASSIFICADA,Unidade nao classificada: 'NÚCLEO DE JUSTIÇA 4.0 DE COOPERAÇÃO JUDICIÁRIA',processos_28-07-2026.CSV,1459
0000017-24.2025.5.12.0059,UNIDADE_NAO_CLASSIFICADA,Unidade nao classificada: 'NÚCLEO DE JUSTIÇA 4.0 DE COOPERAÇÃO JUDICIÁRIA',processos_28-07-2026.CSV,1462
0000434-11.2026.5.12.0004,UNIDADE_NAO_CLASSIFICADA,Unidade nao classificada: 'NÚCLEO DE JUSTIÇA 4.0 DE COOPERAÇÃO JUDICIÁRIA',processos_28-07-2026.CSV,1464
0000027-43.2025.5.12.0035,UNIDADE_NAO_CLASSIFICADA,Unidade nao classificada: 'NÚCLEO DE JUSTIÇA 4.0 DE COOPERAÇÃO JUDICIÁRIA',processos_28-07-2026.CSV,1466
0000834-81.2026.5.12.0050,UNIDADE_NAO_CLASSIFICADA,Unidade nao classificada: 'NÚCLEO DE JUSTIÇA 4.0 DE COOPERAÇÃO JUDICIÁRIA',processos_28-07-2026.CSV,1467
0000716-15.2025.5.12.0059,UNIDADE_NAO_CLASSIFICADA,Unidade nao classificada: 'NÚCLEO DE JUSTIÇA 4.0 DE COOPERAÇÃO JUDICIÁRIA',processos_28-07-2026.CSV,1469
0000444-21.2025.5.12.0059,UNIDADE_NAO_CLASSIFICADA,Unidade nao classificada: 'NÚCLEO DE JUSTIÇA 4.0 DE COOPERAÇÃO JUDICIÁRIA',processos_28-07-2026.CSV,1471
0000447-66.2026.5.12.0050,UNIDADE_NAO_CLASSIFICADA,Unidade nao classificada: 'NÚCLEO DE JUSTIÇA 4.0 DE COOPERAÇÃO JUDICIÁRIA',processos_28-07-2026.CSV,1474
0000418-23.2025.5.12.0059,UNIDADE_NAO_CLASSIFICADA,Unidade nao classificada: 'NÚCLEO DE JUSTIÇA 4.0 DE COOPERAÇÃO JUDICIÁRIA',processos_28-07-2026.CSV,1475
0001003-05.2025.5.12.0050,UNIDADE_NAO_CLASSIFICADA,Unidade nao classificada: 'NÚCLEO DE JUSTIÇA 4.0 DE COOPERAÇÃO JUDICIÁRIA',processos_28-07-2026.CSV,1478
0000964-78.2025.5.12.0059,UNIDADE_NAO_CLASSIFICADA,Unidade nao classificada: 'NÚCLEO DE JUSTIÇA 4.0 DE COOPERAÇÃO JUDICIÁRIA',processos_28-07-2026.CSV,1480
0000120-24.2026.5.12.0050,UNIDADE_NAO_CLASSIFICADA,Unidade nao classificada: 'NÚCLEO DE JUSTIÇA 4.0 DE COOPERAÇÃO JUDICIÁRIA',processos_28-07-2026.CSV,1481
0001232-35.2025.5.12.0059,UNIDADE_NAO_CLASSIFICADA,Unidade nao classificada: 'NÚCLEO DE JUSTIÇA 4.0 DE COOPERAÇÃO JUDICIÁRIA',processos_28-07-2026.CSV,1483
0000312-54.2026.5.12.0050,UNIDADE_NAO_CLASSIFICADA,Unidade nao classificada: 'NÚCLEO DE JUSTIÇA 4.0 DE COOPERAÇÃO JUDICIÁRIA',processos_28-07-2026.CSV,1486
0000262-35.2025.5.12.0059,UNIDADE_NAO_CLASSIFICADA,Unidade nao classificada: 'NÚCLEO DE JUSTIÇA 4.0 DE COOPERAÇÃO JUDICIÁRIA',processos_28-07-2026.CSV,1488
0001745-30.2025.5.12.0050,UNIDADE_NAO_CLASSIFICADA,Unidade nao classificada: 'NÚCLEO DE JUSTIÇA 4.0 DE COOPERAÇÃO JUDICIÁRIA',processos_28-07-2026.CSV,1490
0000453-80.2025.5.12.0059,UNIDADE_NAO_CLASSIFICADA,Unidade nao classificada: 'NÚCLEO DE JUSTIÇA 4.0 DE COOPERAÇÃO JUDICIÁRIA',processos_28-07-2026.CSV,1492
0002327-30.2025.5.12.0050,UNIDADE_NAO_CLASSIFICADA,Unidade nao classificada: 'NÚCLEO DE JUSTIÇA 4.0 DE COOPERAÇÃO JUDICIÁRIA',processos_28-07-2026.CSV,1494
0000687-62.2025.5.12.0059,UNIDADE_NAO_CLASSIFICADA,Unidade nao classificada: 'NÚCLEO DE JUSTIÇA 4.0 DE COOPERAÇÃO JUDICIÁRIA',processos_28-07-2026.CSV,1497
0000229-72.2025.5.12.0050,UNIDADE_NAO_CLASSIFICADA,Unidade nao classificada: 'NÚCLEO DE JUSTIÇA 4.0 DE COOPERAÇÃO JUDICIÁRIA',processos_28-07-2026.CSV,1498
0000717-34.2024.5.12.0059,UNIDADE_NAO_CLASSIFICADA,Unidade nao classificada: 'NÚCLEO DE JUSTIÇA 4.0 DE COOPERAÇÃO JUDICIÁRIA',processos_28-07-2026.CSV,1501
0001089-39.2026.5.12.0050,UNIDADE_NAO_CLASSIFICADA,Unidade nao classificada: 'NÚCLEO DE JUSTIÇA 4.0 DE COOPERAÇÃO JUDICIÁRIA',processos_28-07-2026.CSV,1503
0001991-96.2025.5.12.0059,UNIDADE_NAO_CLASSIFICADA,Unidade nao classificada: 'NÚCLEO DE JUSTIÇA 4.0 DE COOPERAÇÃO JUDICIÁRIA',processos_28-07-2026.CSV,1504
0000231-42.2025.5.12.0050,UNIDADE_NAO_CLASSIFICADA,Unidade nao classificada: 'NÚCLEO DE JUSTIÇA 4.0 DE COOPERAÇÃO JUDICIÁRIA',processos_28-07-2026.CSV,1507
0000720-52.2025.5.12.0059,UNIDADE_NAO_CLASSIFICADA,Unidade nao classificada: 'NÚCLEO DE JUSTIÇA 4.0 DE COOPERAÇÃO JUDICIÁRIA',processos_28-07-2026.CSV,1508
0000334-15.2026.5.12.0050,UNIDADE_NAO_CLASSIFICADA,Unidade nao classificada: 'NÚCLEO DE JUSTIÇA 4.0 DE COOPERAÇÃO JUDICIÁRIA',processos_28-07-2026.CSV,1511
0000488-09.2025.5.12.0037,UNIDADE_NAO_CLASSIFICADA,Unidade nao classificada: 'NÚCLEO DE JUSTIÇA 4.0 DE COOPERAÇÃO JUDICIÁRIA',processos_28-07-2026.CSV,1512
0002519-60.2025.5.12.0050,UNIDADE_NAO_CLASSIFICADA,Unidade nao classificada: 'NÚCLEO DE JUSTIÇA 4.0 DE COOPERAÇÃO JUDICIÁRIA',processos_28-07-2026.CSV,1515
0000364-57.2025.5.12.0059,UNIDADE_NAO_CLASSIFICADA,Unidade nao classificada: 'NÚCLEO DE JUSTIÇA 4.0 DE COOPERAÇÃO JUDICIÁRIA',processos_28-07-2026.CSV,1516
0000701-73.2025.5.12.0050,UNIDADE_NAO_CLASSIFICADA,Unidade nao classificada: 'NÚCLEO DE JUSTIÇA 4.0 DE COOPERAÇÃO JUDICIÁRIA',processos_28-07-2026.CSV,1519
0001098-08.2025.5.12.0059,UNIDADE_NAO_CLASSIFICADA,Unidade nao classificada: 'NÚCLEO DE JUSTIÇA 4.0 DE COOPERAÇÃO JUDICIÁRIA',processos_28-07-2026.CSV,1521
0001220-82.2024.5.12.0050,UNIDADE_NAO_CLASSIFICADA,Unidade nao classificada: 'NÚCLEO DE JUSTIÇA 4.0 DE COOPERAÇÃO JUDICIÁRIA',processos_28-07-2026.CSV,1524
0001346-71.2025.5.12.0059,UNIDADE_NAO_CLASSIFICADA,Unidade nao classificada: 'NÚCLEO DE JUSTIÇA 4.0 DE COOPERAÇÃO JUDICIÁRIA',processos_28-07-2026.CSV,1526
0000981-56.2025.5.12.0046,UNIDADE_NAO_CLASSIFICADA,Unidade nao classificada: 'NÚCLEO DE JUSTIÇA 4.0 DE COOPERAÇÃO JUDICIÁRIA',processos_28-07-2026.CSV,1528
0000392-52.2025.5.12.0050,UNIDADE_NAO_CLASSIFICADA,Unidade nao classificada: 'NÚCLEO DE JUSTIÇA 4.0 DE COOPERAÇÃO JUDICIÁRIA',processos_28-07-2026.CSV,1531
0000281-41.2025.5.12.0059,UNIDADE_NAO_CLASSIFICADA,Unidade nao classificada: 'NÚCLEO DE JUSTIÇA 4.0 DE COOPERAÇÃO JUDICIÁRIA',processos_28-07-2026.CSV,1533
0000468-42.2026.5.12.0050,UNIDADE_NAO_CLASSIFICADA,Unidade nao classificada: 'NÚCLEO DE JUSTIÇA 4.0 DE COOPERAÇÃO JUDICIÁRIA',processos_28-07-2026.CSV,1534
0001761-54.2025.5.12.0059,UNIDADE_NAO_CLASSIFICADA,Unidade nao classificada: 'NÚCLEO DE JUSTIÇA 4.0 DE COOPERAÇÃO JUDICIÁRIA',processos_28-07-2026.CSV,1537
0000475-34.2026.5.12.0050,UNIDADE_NAO_CLASSIFICADA,Unidade nao classificada: 'NÚCLEO DE JUSTIÇA 4.0 DE COOPERAÇÃO JUDICIÁRIA',processos_28-07-2026.CSV,1539
0000769-93.2025.5.12.0059,UNIDADE_NAO_CLASSIFICADA,Unidade nao classificada: 'NÚCLEO DE JUSTIÇA 4.0 DE COOPERAÇÃO JUDICIÁRIA',processos_28-07-2026.CSV,1540
0000627-82.2026.5.12.0050,UNIDADE_NAO_CLASSIFICADA,Unidade nao classificada: 'NÚCLEO DE JUSTIÇA 4.0 DE COOPERAÇÃO JUDICIÁRIA',processos_28-07-2026.CSV,1542
0000507-46.2025.5.12.0059,UNIDADE_NAO_CLASSIFICADA,Unidade nao classificada: 'NÚCLEO DE JUSTIÇA 4.0 DE COOPERAÇÃO JUDICIÁRIA',processos_28-07-2026.CSV,1545
0002238-07.2025.5.12.0050,UNIDADE_NAO_CLASSIFICADA,Unidade nao classificada: 'NÚCLEO DE JUSTIÇA 4.0 DE COOPERAÇÃO JUDICIÁRIA',processos_28-07-2026.CSV,1546
0001877-94.2024.5.12.0059,UNIDADE_NAO_CLASSIFICADA,Unidade nao classificada: 'NÚCLEO DE JUSTIÇA 4.0 DE COOPERAÇÃO JUDICIÁRIA',processos_28-07-2026.CSV,1549
0000298-70.2026.5.12.0050,UNIDADE_NAO_CLASSIFICADA,Unidade nao classificada: 'NÚCLEO DE JUSTIÇA 4.0 DE COOPERAÇÃO JUDICIÁRIA',processos_28-07-2026.CSV,1550
0000056-21.2025.5.12.0059,UNIDADE_NAO_CLASSIFICADA,Unidade nao classificada: 'NÚCLEO DE JUSTIÇA 4.0 DE COOPERAÇÃO JUDICIÁRIA',processos_28-07-2026.CSV,1553
0000473-64.2026.5.12.0050,UNIDADE_NAO_CLASSIFICADA,Unidade nao classificada: 'NÚCLEO DE JUSTIÇA 4.0 DE COOPERAÇÃO JUDICIÁRIA',processos_28-07-2026.CSV,1555
0000566-34.2025.5.12.0059,UNIDADE_NAO_CLASSIFICADA,Unidade nao classificada: 'NÚCLEO DE JUSTIÇA 4.0 DE COOPERAÇÃO JUDICIÁRIA',processos_28-07-2026.CSV,1556
0002226-90.2025.5.12.0050,UNIDADE_NAO_CLASSIFICADA,Unidade nao classificada: 'NÚCLEO DE JUSTIÇA 4.0 DE COOPERAÇÃO JUDICIÁRIA',processos_28-07-2026.CSV,1558
0000544-73.2025.5.12.0059,UNIDADE_NAO_CLASSIFICADA,Unidade nao classificada: 'NÚCLEO DE JUSTIÇA 4.0 DE COOPERAÇÃO JUDICIÁRIA',processos_28-07-2026.CSV,1561
0000863-34.2026.5.12.0050,UNIDADE_NAO_CLASSIFICADA,Unidade nao classificada: 'NÚCLEO DE JUSTIÇA 4.0 DE COOPERAÇÃO JUDICIÁRIA',processos_28-07-2026.CSV,1562
0000945-72.2025.5.12.0059,UNIDADE_NAO_CLASSIFICADA,Unidade nao classificada: 'NÚCLEO DE JUSTIÇA 4.0 DE COOPERAÇÃO JUDICIÁRIA',processos_28-07-2026.CSV,1565
0001660-44.2025.5.12.0050,UNIDADE_NAO_CLASSIFICADA,Unidade nao classificada: 'NÚCLEO DE JUSTIÇA 4.0 DE COOPERAÇÃO JUDICIÁRIA',processos_28-07-2026.CSV,1566
0001033-06.2026.5.12.0050,UNIDADE_NAO_CLASSIFICADA,Unidade nao classificada: 'NÚCLEO DE JUSTIÇA 4.0 DE COOPERAÇÃO JUDICIÁRIA',processos_28-07-2026.CSV,1568
0001680-42.2024.5.12.0059,UNIDADE_NAO_CLASSIFICADA,Unidade nao classificada: 'NÚCLEO DE JUSTIÇA 4.0 DE COOPERAÇÃO JUDICIÁRIA',processos_28-07-2026.CSV,1570
0000970-15.2025.5.12.0050,UNIDADE_NAO_CLASSIFICADA,Unidade nao classificada: 'NÚCLEO DE JUSTIÇA 4.0 DE COOPERAÇÃO JUDICIÁRIA',processos_28-07-2026.CSV,1572
0000689-32.2025.5.12.0059,UNIDADE_NAO_CLASSIFICADA,Unidade nao classificada: 'NÚCLEO DE JUSTIÇA 4.0 DE COOPERAÇÃO JUDICIÁRIA',processos_28-07-2026.CSV,1574
0002335-07.2025.5.12.0050,UNIDADE_NAO_CLASSIFICADA,Unidade nao classificada: 'NÚCLEO DE JUSTIÇA 4.0 DE COOPERAÇÃO JUDICIÁRIA',processos_28-07-2026.CSV,1577
0002473-78.2024.5.12.0059,UNIDADE_NAO_CLASSIFICADA,Unidade nao classificada: 'NÚCLEO DE JUSTIÇA 4.0 DE COOPERAÇÃO JUDICIÁRIA',processos_28-07-2026.CSV,1579
0001944-86.2024.5.12.0050,UNIDADE_NAO_CLASSIFICADA,Unidade nao classificada: 'NÚCLEO DE JUSTIÇA 4.0 DE COOPERAÇÃO JUDICIÁRIA',processos_28-07-2026.CSV,1581
0000977-77.2025.5.12.0059,UNIDADE_NAO_CLASSIFICADA,Unidade nao classificada: 'NÚCLEO DE JUSTIÇA 4.0 DE COOPERAÇÃO JUDICIÁRIA',processos_28-07-2026.CSV,1583
0000900-66.2026.5.12.0016,UNIDADE_NAO_CLASSIFICADA,Unidade nao classificada: 'NÚCLEO DE JUSTIÇA 4.0 DE COOPERAÇÃO JUDICIÁRIA',processos_28-07-2026.CSV,1584
0000587-10.2025.5.12.0059,UNIDADE_NAO_CLASSIFICADA,Unidade nao classificada: 'NÚCLEO DE JUSTIÇA 4.0 DE COOPERAÇÃO JUDICIÁRIA',processos_28-07-2026.CSV,1587
0000607-98.2025.5.12.0059,UNIDADE_NAO_CLASSIFICADA,Unidade nao classificada: 'NÚCLEO DE JUSTIÇA 4.0 DE COOPERAÇÃO JUDICIÁRIA',processos_28-07-2026.CSV,1589
0000944-87.2025.5.12.0059,UNIDADE_NAO_CLASSIFICADA,Unidade nao classificada: 'NÚCLEO DE JUSTIÇA 4.0 DE COOPERAÇÃO JUDICIÁRIA',processos_28-07-2026.CSV,1590
0000602-76.2025.5.12.0059,UNIDADE_NAO_CLASSIFICADA,Unidade nao classificada: 'NÚCLEO DE JUSTIÇA 4.0 DE COOPERAÇÃO JUDICIÁRIA',processos_28-07-2026.CSV,1593
0000582-85.2025.5.12.0059,UNIDADE_NAO_CLASSIFICADA,Unidade nao classificada: 'NÚCLEO DE JUSTIÇA 4.0 DE COOPERAÇÃO JUDICIÁRIA',processos_28-07-2026.CSV,1594
0000248-51.2025.5.12.0059,UNIDADE_NAO_CLASSIFICADA,Unidade nao classificada: 'NÚCLEO DE JUSTIÇA 4.0 DE COOPERAÇÃO JUDICIÁRIA',processos_28-07-2026.CSV,1596
0000294-33.2026.5.12.0050,UNIDADE_NAO_CLASSIFICADA,Unidade nao classificada: 'NÚCLEO DE JUSTIÇA 4.0 DE COOPERAÇÃO JUDICIÁRIA',processos_28-07-2026.CSV,1598
0000226-90.2025.5.12.0059,UNIDADE_NAO_CLASSIFICADA,Unidade nao classificada: 'NÚCLEO DE JUSTIÇA 4.0 DE COOPERAÇÃO JUDICIÁRIA',processos_28-07-2026.CSV,1601
0002463-34.2024.5.12.0059,UNIDADE_NAO_CLASSIFICADA,Unidade nao classificada: 'NÚCLEO DE JUSTIÇA 4.0 DE COOPERAÇÃO JUDICIÁRIA',processos_28-07-2026.CSV,1603
0000717-97.2025.5.12.0059,UNIDADE_NAO_CLASSIFICADA,Unidade nao classificada: 'NÚCLEO DE JUSTIÇA 4.0 DE COOPERAÇÃO JUDICIÁRIA',processos_28-07-2026.CSV,1604
0000717-77.2025.5.12.0001,UNIDADE_NAO_CLASSIFICADA,Unidade nao classificada: 'NÚCLEO DE JUSTIÇA 4.0 DE COOPERAÇÃO JUDICIÁRIA',processos_28-07-2026.CSV,1607
0000675-48.2025.5.12.0059,UNIDADE_NAO_CLASSIFICADA,Unidade nao classificada: 'NÚCLEO DE JUSTIÇA 4.0 DE COOPERAÇÃO JUDICIÁRIA',processos_28-07-2026.CSV,1609
0000611-38.2025.5.12.0059,UNIDADE_NAO_CLASSIFICADA,Unidade nao classificada: 'NÚCLEO DE JUSTIÇA 4.0 DE COOPERAÇÃO JUDICIÁRIA',processos_28-07-2026.CSV,1610
0001082-54.2025.5.12.0059,UNIDADE_NAO_CLASSIFICADA,Unidade nao classificada: 'NÚCLEO DE JUSTIÇA 4.0 DE COOPERAÇÃO JUDICIÁRIA',processos_28-07-2026.CSV,1612
0000708-38.2025.5.12.0059,UNIDADE_NAO_CLASSIFICADA,Unidade nao classificada: 'NÚCLEO DE JUSTIÇA 4.0 DE COOPERAÇÃO JUDICIÁRIA',processos_28-07-2026.CSV,1614
0000686-77.2025.5.12.0059,UNIDADE_NAO_CLASSIFICADA,Unidade nao classificada: 'NÚCLEO DE JUSTIÇA 4.0 DE COOPERAÇÃO JUDICIÁRIA',processos_28-07-2026.CSV,1617
0000684-10.2025.5.12.0059,UNIDADE_NAO_CLASSIFICADA,Unidade nao classificada: 'NÚCLEO DE JUSTIÇA 4.0 DE COOPERAÇÃO JUDICIÁRIA',processos_28-07-2026.CSV,1619
0000430-37.2025.5.12.0059,UNIDADE_NAO_CLASSIFICADA,Unidade nao classificada: 'NÚCLEO DE JUSTIÇA 4.0 DE COOPERAÇÃO JUDICIÁRIA',processos_28-07-2026.CSV,1620
0000061-43.2025.5.12.0059,UNIDADE_NAO_CLASSIFICADA,Unidade nao classificada: 'NÚCLEO DE JUSTIÇA 4.0 DE COOPERAÇÃO JUDICIÁRIA',processos_28-07-2026.CSV,1622
0000889-39.2025.5.12.0059,UNIDADE_NAO_CLASSIFICADA,Unidade nao classificada: 'NÚCLEO DE JUSTIÇA 4.0 DE COOPERAÇÃO JUDICIÁRIA',processos_28-07-2026.CSV,1625
0000817-52.2025.5.12.0059,UNIDADE_NAO_CLASSIFICADA,Unidade nao classificada: 'NÚCLEO DE JUSTIÇA 4.0 DE COOPERAÇÃO JUDICIÁRIA',processos_28-07-2026.CSV,1626
0000859-04.2025.5.12.0059,UNIDADE_NAO_CLASSIFICADA,Unidade nao classificada: 'NÚCLEO DE JUSTIÇA 4.0 DE COOPERAÇÃO JUDICIÁRIA',processos_28-07-2026.CSV,1628
0000813-15.2025.5.12.0059,UNIDADE_NAO_CLASSIFICADA,Unidade nao classificada: 'NÚCLEO DE JUSTIÇA 4.0 DE COOPERAÇÃO JUDICIÁRIA',processos_28-07-2026.CSV,1631
0001136-20.2025.5.12.0059,UNIDADE_NAO_CLASSIFICADA,Unidade nao classificada: 'NÚCLEO DE JUSTIÇA 4.0 DE COOPERAÇÃO JUDICIÁRIA',processos_28-07-2026.CSV,1633
0000826-14.2025.5.12.0059,UNIDADE_NAO_CLASSIFICADA,Unidade nao classificada: 'NÚCLEO DE JUSTIÇA 4.0 DE COOPERAÇÃO JUDICIÁRIA',processos_28-07-2026.CSV,1635
0000688-47.2025.5.12.0059,UNIDADE_NAO_CLASSIFICADA,Unidade nao classificada: 'NÚCLEO DE JUSTIÇA 4.0 DE COOPERAÇÃO JUDICIÁRIA',processos_28-07-2026.CSV,1637
0000874-70.2025.5.12.0059,UNIDADE_NAO_CLASSIFICADA,Unidade nao classificada: 'NÚCLEO DE JUSTIÇA 4.0 DE COOPERAÇÃO JUDICIÁRIA',processos_28-07-2026.CSV,1638
0001036-65.2025.5.12.0059,UNIDADE_NAO_CLASSIFICADA,Unidade nao classificada: 'NÚCLEO DE JUSTIÇA 4.0 DE COOPERAÇÃO JUDICIÁRIA',processos_28-07-2026.CSV,1641
0001148-34.2025.5.12.0059,UNIDADE_NAO_CLASSIFICADA,Unidade nao classificada: 'NÚCLEO DE JUSTIÇA 4.0 DE COOPERAÇÃO JUDICIÁRIA',processos_28-07-2026.CSV,1642
0001068-70.2025.5.12.0059,UNIDADE_NAO_CLASSIFICADA,Unidade nao classificada: 'NÚCLEO DE JUSTIÇA 4.0 DE COOPERAÇÃO JUDICIÁRIA',processos_28-07-2026.CSV,1644
0001050-49.2025.5.12.0059,UNIDADE_NAO_CLASSIFICADA,Unidade nao classificada: 'NÚCLEO DE JUSTIÇA 4.0 DE COOPERAÇÃO JUDICIÁRIA',processos_28-07-2026.CSV,1646
0000912-82.2025.5.12.0059,UNIDADE_NAO_CLASSIFICADA,Unidade nao classificada: 'NÚCLEO DE JUSTIÇA 4.0 DE COOPERAÇÃO JUDICIÁRIA',processos_28-07-2026.CSV,1649
0001052-19.2025.5.12.0059,UNIDADE_NAO_CLASSIFICADA,Unidade nao classificada: 'NÚCLEO DE JUSTIÇA 4.0 DE COOPERAÇÃO JUDICIÁRIA',processos_28-07-2026.CSV,1651
0000354-13.2025.5.12.0059,UNIDADE_NAO_CLASSIFICADA,Unidade nao classificada: 'NÚCLEO DE JUSTIÇA 4.0 DE COOPERAÇÃO JUDICIÁRIA',processos_28-07-2026.CSV,1654
0001173-47.2025.5.12.0059,UNIDADE_NAO_CLASSIFICADA,Unidade nao classificada: 'NÚCLEO DE JUSTIÇA 4.0 DE COOPERAÇÃO JUDICIÁRIA',processos_28-07-2026.CSV,1656
0001029-73.2025.5.12.0059,UNIDADE_NAO_CLASSIFICADA,Unidade nao classificada: 'NÚCLEO DE JUSTIÇA 4.0 DE COOPERAÇÃO JUDICIÁRIA',processos_28-07-2026.CSV,1657
0000987-24.2025.5.12.0059,UNIDADE_NAO_CLASSIFICADA,Unidade nao classificada: 'NÚCLEO DE JUSTIÇA 4.0 DE COOPERAÇÃO JUDICIÁRIA',processos_28-07-2026.CSV,1659
0001154-41.2025.5.12.0059,UNIDADE_NAO_CLASSIFICADA,Unidade nao classificada: 'NÚCLEO DE JUSTIÇA 4.0 DE COOPERAÇÃO JUDICIÁRIA',processos_28-07-2026.CSV,1662
0001124-06.2025.5.12.0059,UNIDADE_NAO_CLASSIFICADA,Unidade nao classificada: 'NÚCLEO DE JUSTIÇA 4.0 DE COOPERAÇÃO JUDICIÁRIA',processos_28-07-2026.CSV,1665
0001094-68.2025.5.12.0059,UNIDADE_NAO_CLASSIFICADA,Unidade nao classificada: 'NÚCLEO DE JUSTIÇA 4.0 DE COOPERAÇÃO JUDICIÁRIA',processos_28-07-2026.CSV,1667
0001066-03.2025.5.12.0059,UNIDADE_NAO_CLASSIFICADA,Unidade nao classificada: 'NÚCLEO DE JUSTIÇA 4.0 DE COOPERAÇÃO JUDICIÁRIA',processos_28-07-2026.CSV,1668
0001350-26.2025.5.12.0054,UNIDADE_NAO_CLASSIFICADA,Unidade nao classificada: 'NÚCLEO DE JUSTIÇA 4.0 DE COOPERAÇÃO JUDICIÁRIA',processos_28-07-2026.CSV,1671
0001316-36.2025.5.12.0059,UNIDADE_NAO_CLASSIFICADA,Unidade nao classificada: 'NÚCLEO DE JUSTIÇA 4.0 DE COOPERAÇÃO JUDICIÁRIA',processos_28-07-2026.CSV,1673
0001266-10.2025.5.12.0059,UNIDADE_NAO_CLASSIFICADA,Unidade nao classificada: 'NÚCLEO DE JUSTIÇA 4.0 DE COOPERAÇÃO JUDICIÁRIA',processos_28-07-2026.CSV,1675
0001142-27.2025.5.12.0059,UNIDADE_NAO_CLASSIFICADA,Unidade nao classificada: 'NÚCLEO DE JUSTIÇA 4.0 DE COOPERAÇÃO JUDICIÁRIA',processos_28-07-2026.CSV,1676
0001178-69.2025.5.12.0059,UNIDADE_NAO_CLASSIFICADA,Unidade nao classificada: 'NÚCLEO DE JUSTIÇA 4.0 DE COOPERAÇÃO JUDICIÁRIA',processos_28-07-2026.CSV,1680
0001341-49.2025.5.12.0059,UNIDADE_NAO_CLASSIFICADA,Unidade nao classificada: 'NÚCLEO DE JUSTIÇA 4.0 DE COOPERAÇÃO JUDICIÁRIA',processos_28-07-2026.CSV,1681
0001213-29.2025.5.12.0059,UNIDADE_NAO_CLASSIFICADA,Unidade nao classificada: 'NÚCLEO DE JUSTIÇA 4.0 DE COOPERAÇÃO JUDICIÁRIA',processos_28-07-2026.CSV,1683
0001131-95.2025.5.12.0059,UNIDADE_NAO_CLASSIFICADA,Unidade nao classificada: 'NÚCLEO DE JUSTIÇA 4.0 DE COOPERAÇÃO JUDICIÁRIA',processos_28-07-2026.CSV,1686
0001157-93.2025.5.12.0059,UNIDADE_NAO_CLASSIFICADA,Unidade nao classificada: 'NÚCLEO DE JUSTIÇA 4.0 DE COOPERAÇÃO JUDICIÁRIA',processos_28-07-2026.CSV,1687
0001167-40.2025.5.12.0059,UNIDADE_NAO_CLASSIFICADA,Unidade nao classificada: 'NÚCLEO DE JUSTIÇA 4.0 DE COOPERAÇÃO JUDICIÁRIA',processos_28-07-2026.CSV,1689
0001412-51.2025.5.12.0059,UNIDADE_NAO_CLASSIFICADA,Unidade nao classificada: 'NÚCLEO DE JUSTIÇA 4.0 DE COOPERAÇÃO JUDICIÁRIA',processos_28-07-2026.CSV,1691
0001368-32.2025.5.12.0059,UNIDADE_NAO_CLASSIFICADA,Unidade nao classificada: 'NÚCLEO DE JUSTIÇA 4.0 DE COOPERAÇÃO JUDICIÁRIA',processos_28-07-2026.CSV,1694
0001216-81.2025.5.12.0059,UNIDADE_NAO_CLASSIFICADA,Unidade nao classificada: 'NÚCLEO DE JUSTIÇA 4.0 DE COOPERAÇÃO JUDICIÁRIA',processos_28-07-2026.CSV,1696
0001234-05.2025.5.12.0059,UNIDADE_NAO_CLASSIFICADA,Unidade nao classificada: 'NÚCLEO DE JUSTIÇA 4.0 DE COOPERAÇÃO JUDICIÁRIA',processos_28-07-2026.CSV,1697
0000343-81.2025.5.12.0059,UNIDADE_NAO_CLASSIFICADA,Unidade nao classificada: 'NÚCLEO DE JUSTIÇA 4.0 DE COOPERAÇÃO JUDICIÁRIA',processos_28-07-2026.CSV,1700
0001215-96.2025.5.12.0059,UNIDADE_NAO_CLASSIFICADA,Unidade nao classificada: 'NÚCLEO DE JUSTIÇA 4.0 DE COOPERAÇÃO JUDICIÁRIA',processos_28-07-2026.CSV,1702
0001183-91.2025.5.12.0059,UNIDADE_NAO_CLASSIFICADA,Unidade nao classificada: 'NÚCLEO DE JUSTIÇA 4.0 DE COOPERAÇÃO JUDICIÁRIA',processos_28-07-2026.CSV,1703
0001273-02.2025.5.12.0059,UNIDADE_NAO_CLASSIFICADA,Unidade nao classificada: 'NÚCLEO DE JUSTIÇA 4.0 DE COOPERAÇÃO JUDICIÁRIA',processos_28-07-2026.CSV,1705
0001279-09.2025.5.12.0059,UNIDADE_NAO_CLASSIFICADA,Unidade nao classificada: 'NÚCLEO DE JUSTIÇA 4.0 DE COOPERAÇÃO JUDICIÁRIA',processos_28-07-2026.CSV,1707
0001696-59.2025.5.12.0059,UNIDADE_NAO_CLASSIFICADA,Unidade nao classificada: 'NÚCLEO DE JUSTIÇA 4.0 DE COOPERAÇÃO JUDICIÁRIA',processos_28-07-2026.CSV,1710
0000648-65.2025.5.12.0059,UNIDADE_NAO_CLASSIFICADA,Unidade nao classificada: 'NÚCLEO DE JUSTIÇA 4.0 DE COOPERAÇÃO JUDICIÁRIA',processos_28-07-2026.CSV,1712
0000628-74.2025.5.12.0059,UNIDADE_NAO_CLASSIFICADA,Unidade nao classificada: 'NÚCLEO DE JUSTIÇA 4.0 DE COOPERAÇÃO JUDICIÁRIA',processos_28-07-2026.CSV,1716
0001904-34.2025.5.12.0062,UNIDADE_NAO_CLASSIFICADA,Unidade nao classificada: 'NÚCLEO DE JUSTIÇA 4.0 DE COOPERAÇÃO JUDICIÁRIA',processos_29-07-2026.CSV,24
0000378-32.2025.5.12.0062,UNIDADE_NAO_CLASSIFICADA,Unidade nao classificada: 'NÚCLEO DE JUSTIÇA 4.0 DE COOPERAÇÃO JUDICIÁRIA',processos_29-07-2026.CSV,26
0000585-31.2025.5.12.0062,UNIDADE_NAO_CLASSIFICADA,Unidade nao classificada: 'NÚCLEO DE JUSTIÇA 4.0 DE COOPERAÇÃO JUDICIÁRIA',processos_29-07-2026.CSV,27
0002675-12.2025.5.12.0062,UNIDADE_NAO_CLASSIFICADA,Unidade nao classificada: 'NÚCLEO DE JUSTIÇA 4.0 DE COOPERAÇÃO JUDICIÁRIA',processos_29-07-2026.CSV,30
0001985-80.2025.5.12.0062,UNIDADE_NAO_CLASSIFICADA,Unidade nao classificada: 'NÚCLEO DE JUSTIÇA 4.0 DE COOPERAÇÃO JUDICIÁRIA',processos_29-07-2026.CSV,31
0001951-08.2025.5.12.0062,UNIDADE_NAO_CLASSIFICADA,Unidade nao classificada: 'NÚCLEO DE JUSTIÇA 4.0 DE COOPERAÇÃO JUDICIÁRIA',processos_29-07-2026.CSV,33
0001275-60.2025.5.12.0062,UNIDADE_NAO_CLASSIFICADA,Unidade nao classificada: 'NÚCLEO DE JUSTIÇA 4.0 DE COOPERAÇÃO JUDICIÁRIA',processos_29-07-2026.CSV,36
0001271-23.2025.5.12.0062,UNIDADE_NAO_CLASSIFICADA,Unidade nao classificada: 'NÚCLEO DE JUSTIÇA 4.0 DE COOPERAÇÃO JUDICIÁRIA',processos_29-07-2026.CSV,38
0001663-60.2025.5.12.0062,UNIDADE_NAO_CLASSIFICADA,Unidade nao classificada: 'NÚCLEO DE JUSTIÇA 4.0 DE COOPERAÇÃO JUDICIÁRIA',processos_29-07-2026.CSV,40
0002160-74.2025.5.12.0062,UNIDADE_NAO_CLASSIFICADA,Unidade nao classificada: 'NÚCLEO DE JUSTIÇA 4.0 DE COOPERAÇÃO JUDICIÁRIA',processos_29-07-2026.CSV,41
0001792-65.2025.5.12.0062,UNIDADE_NAO_CLASSIFICADA,Unidade nao classificada: 'NÚCLEO DE JUSTIÇA 4.0 DE COOPERAÇÃO JUDICIÁRIA',processos_29-07-2026.CSV,43
0001183-82.2025.5.12.0062,UNIDADE_NAO_CLASSIFICADA,Unidade nao classificada: 'NÚCLEO DE JUSTIÇA 4.0 DE COOPERAÇÃO JUDICIÁRIA',processos_29-07-2026.CSV,45
0001279-97.2025.5.12.0062,UNIDADE_NAO_CLASSIFICADA,Unidade nao classificada: 'NÚCLEO DE JUSTIÇA 4.0 DE COOPERAÇÃO JUDICIÁRIA',processos_29-07-2026.CSV,47
0000709-14.2025.5.12.0062,UNIDADE_NAO_CLASSIFICADA,Unidade nao classificada: 'NÚCLEO DE JUSTIÇA 4.0 DE COOPERAÇÃO JUDICIÁRIA',processos_29-07-2026.CSV,49
0002418-21.2024.5.12.0062,UNIDADE_NAO_CLASSIFICADA,Unidade nao classificada: 'NÚCLEO DE JUSTIÇA 4.0 DE COOPERAÇÃO JUDICIÁRIA',processos_29-07-2026.CSV,56
0001344-92.2025.5.12.0062,UNIDADE_NAO_CLASSIFICADA,Unidade nao classificada: 'NÚCLEO DE JUSTIÇA 4.0 DE COOPERAÇÃO JUDICIÁRIA',processos_29-07-2026.CSV,59
0003253-72.2025.5.12.0062,UNIDADE_NAO_CLASSIFICADA,Unidade nao classificada: 'NÚCLEO DE JUSTIÇA 4.0 DE COOPERAÇÃO JUDICIÁRIA',processos_29-07-2026.CSV,60
0000659-85.2025.5.12.0062,UNIDADE_NAO_CLASSIFICADA,Unidade nao classificada: 'NÚCLEO DE JUSTIÇA 4.0 DE COOPERAÇÃO JUDICIÁRIA',processos_29-07-2026.CSV,65
0001803-94.2025.5.12.0062,UNIDADE_NAO_CLASSIFICADA,Unidade nao classificada: 'NÚCLEO DE JUSTIÇA 4.0 DE COOPERAÇÃO JUDICIÁRIA',processos_29-07-2026.CSV,68
0001805-64.2025.5.12.0062,UNIDADE_NAO_CLASSIFICADA,Unidade nao classificada: 'NÚCLEO DE JUSTIÇA 4.0 DE COOPERAÇÃO JUDICIÁRIA',processos_29-07-2026.CSV,69
0002404-03.2025.5.12.0062,UNIDADE_NAO_CLASSIFICADA,Unidade nao classificada: 'NÚCLEO DE JUSTIÇA 4.0 DE COOPERAÇÃO JUDICIÁRIA',processos_29-07-2026.CSV,71
0001529-33.2025.5.12.0062,UNIDADE_NAO_CLASSIFICADA,Unidade nao classificada: 'NÚCLEO DE JUSTIÇA 4.0 DE COOPERAÇÃO JUDICIÁRIA',processos_29-07-2026.CSV,74
0001751-98.2025.5.12.0062,UNIDADE_NAO_CLASSIFICADA,Unidade nao classificada: 'NÚCLEO DE JUSTIÇA 4.0 DE COOPERAÇÃO JUDICIÁRIA',processos_29-07-2026.CSV,76
0001895-72.2025.5.12.0062,UNIDADE_NAO_CLASSIFICADA,Unidade nao classificada: 'NÚCLEO DE JUSTIÇA 4.0 DE COOPERAÇÃO JUDICIÁRIA',processos_29-07-2026.CSV,78
0001671-37.2025.5.12.0062,UNIDADE_NAO_CLASSIFICADA,Unidade nao classificada: 'NÚCLEO DE JUSTIÇA 4.0 DE COOPERAÇÃO JUDICIÁRIA',processos_29-07-2026.CSV,79
0001164-76.2025.5.12.0062,UNIDADE_NAO_CLASSIFICADA,Unidade nao classificada: 'NÚCLEO DE JUSTIÇA 4.0 DE COOPERAÇÃO JUDICIÁRIA',processos_29-07-2026.CSV,89
0001863-67.2025.5.12.0062,UNIDADE_NAO_CLASSIFICADA,Unidade nao classificada: 'NÚCLEO DE JUSTIÇA 4.0 DE COOPERAÇÃO JUDICIÁRIA',processos_29-07-2026.CSV,91
0000921-35.2025.5.12.0062,UNIDADE_NAO_CLASSIFICADA,Unidade nao classificada: 'NÚCLEO DE JUSTIÇA 4.0 DE COOPERAÇÃO JUDICIÁRIA',processos_29-07-2026.CSV,94
0001178-60.2025.5.12.0062,UNIDADE_NAO_CLASSIFICADA,Unidade nao classificada: 'NÚCLEO DE JUSTIÇA 4.0 DE COOPERAÇÃO JUDICIÁRIA',processos_29-07-2026.CSV,96
0001297-21.2025.5.12.0062,UNIDADE_NAO_CLASSIFICADA,Unidade nao classificada: 'NÚCLEO DE JUSTIÇA 4.0 DE COOPERAÇÃO JUDICIÁRIA',processos_29-07-2026.CSV,98
0001321-49.2025.5.12.0062,UNIDADE_NAO_CLASSIFICADA,Unidade nao classificada: 'NÚCLEO DE JUSTIÇA 4.0 DE COOPERAÇÃO JUDICIÁRIA',processos_29-07-2026.CSV,100
0001794-35.2025.5.12.0062,UNIDADE_NAO_CLASSIFICADA,Unidade nao classificada: 'NÚCLEO DE JUSTIÇA 4.0 DE COOPERAÇÃO JUDICIÁRIA',processos_29-07-2026.CSV,103
0001179-45.2025.5.12.0062,UNIDADE_NAO_CLASSIFICADA,Unidade nao classificada: 'NÚCLEO DE JUSTIÇA 4.0 DE COOPERAÇÃO JUDICIÁRIA',processos_29-07-2026.CSV,107
0003301-31.2025.5.12.0062,UNIDADE_NAO_CLASSIFICADA,Unidade nao classificada: 'NÚCLEO DE JUSTIÇA 4.0 DE COOPERAÇÃO JUDICIÁRIA',processos_29-07-2026.CSV,108
0000706-59.2025.5.12.0062,UNIDADE_NAO_CLASSIFICADA,Unidade nao classificada: 'NÚCLEO DE JUSTIÇA 4.0 DE COOPERAÇÃO JUDICIÁRIA',processos_29-07-2026.CSV,110
0001807-34.2025.5.12.0062,UNIDADE_NAO_CLASSIFICADA,Unidade nao classificada: 'NÚCLEO DE JUSTIÇA 4.0 DE COOPERAÇÃO JUDICIÁRIA',processos_29-07-2026.CSV,112
0001261-54.2024.5.12.0016,UNIDADE_NAO_CLASSIFICADA,Unidade nao classificada: 'NÚCLEO DE JUSTIÇA 4.0 DE COOPERAÇÃO JUDICIÁRIA',processos_29-07-2026.CSV,115
0002080-54.2025.5.12.0016,UNIDADE_NAO_CLASSIFICADA,Unidade nao classificada: 'NÚCLEO DE JUSTIÇA 4.0 DE COOPERAÇÃO JUDICIÁRIA',processos_29-07-2026.CSV,118
0000503-07.2026.5.12.0016,UNIDADE_NAO_CLASSIFICADA,Unidade nao classificada: 'NÚCLEO DE JUSTIÇA 4.0 DE COOPERAÇÃO JUDICIÁRIA',processos_29-07-2026.CSV,120
0000159-26.2026.5.12.0016,UNIDADE_NAO_CLASSIFICADA,Unidade nao classificada: 'NÚCLEO DE JUSTIÇA 4.0 DE COOPERAÇÃO JUDICIÁRIA',processos_29-07-2026.CSV,123
0002391-45.2025.5.12.0016,UNIDADE_NAO_CLASSIFICADA,Unidade nao classificada: 'NÚCLEO DE JUSTIÇA 4.0 DE COOPERAÇÃO JUDICIÁRIA',processos_29-07-2026.CSV,126
0000263-18.2026.5.12.0016,UNIDADE_NAO_CLASSIFICADA,Unidade nao classificada: 'NÚCLEO DE JUSTIÇA 4.0 DE COOPERAÇÃO JUDICIÁRIA',processos_29-07-2026.CSV,128
0002381-98.2025.5.12.0016,UNIDADE_NAO_CLASSIFICADA,Unidade nao classificada: 'NÚCLEO DE JUSTIÇA 4.0 DE COOPERAÇÃO JUDICIÁRIA',processos_29-07-2026.CSV,132
0002634-86.2025.5.12.0016,UNIDADE_NAO_CLASSIFICADA,Unidade nao classificada: 'NÚCLEO DE JUSTIÇA 4.0 DE COOPERAÇÃO JUDICIÁRIA',processos_29-07-2026.CSV,135
0000583-61.2025.5.12.0062,UNIDADE_NAO_CLASSIFICADA,Unidade nao classificada: 'NÚCLEO DE JUSTIÇA 4.0 DE COOPERAÇÃO JUDICIÁRIA',processos_29-07-2026.CSV,150
0000593-08.2025.5.12.0062,UNIDADE_NAO_CLASSIFICADA,Unidade nao classificada: 'NÚCLEO DE JUSTIÇA 4.0 DE COOPERAÇÃO JUDICIÁRIA',processos_29-07-2026.CSV,152
0002087-05.2025.5.12.0062,UNIDADE_NAO_CLASSIFICADA,Unidade nao classificada: 'NÚCLEO DE JUSTIÇA 4.0 DE COOPERAÇÃO JUDICIÁRIA',processos_29-07-2026.CSV,167
0001209-80.2025.5.12.0062,UNIDADE_NAO_CLASSIFICADA,Unidade nao classificada: 'NÚCLEO DE JUSTIÇA 4.0 DE COOPERAÇÃO JUDICIÁRIA',processos_29-07-2026.CSV,174
0001323-19.2025.5.12.0062,UNIDADE_NAO_CLASSIFICADA,Unidade nao classificada: 'NÚCLEO DE JUSTIÇA 4.0 DE COOPERAÇÃO JUDICIÁRIA',processos_29-07-2026.CSV,181
0001293-81.2025.5.12.0062,UNIDADE_NAO_CLASSIFICADA,Unidade nao classificada: 'NÚCLEO DE JUSTIÇA 4.0 DE COOPERAÇÃO JUDICIÁRIA',processos_29-07-2026.CSV,185
0001225-34.2025.5.12.0062,UNIDADE_NAO_CLASSIFICADA,Unidade nao classificada: 'NÚCLEO DE JUSTIÇA 4.0 DE COOPERAÇÃO JUDICIÁRIA',processos_29-07-2026.CSV,188
0000603-52.2025.5.12.0062,UNIDADE_NAO_CLASSIFICADA,Unidade nao classificada: 'NÚCLEO DE JUSTIÇA 4.0 DE COOPERAÇÃO JUDICIÁRIA',processos_29-07-2026.CSV,191
0000056-19.2026.5.12.0016,UNIDADE_NAO_CLASSIFICADA,Unidade nao classificada: 'NÚCLEO DE JUSTIÇA 4.0 DE COOPERAÇÃO JUDICIÁRIA',processos_29-07-2026.CSV,194
0000851-02.2026.5.12.0056,UNIDADE_NAO_CLASSIFICADA,Unidade nao classificada: 'NÚCLEO DE JUSTIÇA 4.0 DE COOPERAÇÃO JUDICIÁRIA',processos_29-07-2026.CSV,197
0001290-29.2025.5.12.0062,UNIDADE_NAO_CLASSIFICADA,Unidade nao classificada: 'NÚCLEO DE JUSTIÇA 4.0 DE COOPERAÇÃO JUDICIÁRIA',processos_29-07-2026.CSV,198
0000735-93.2026.5.12.0056,UNIDADE_NAO_CLASSIFICADA,Unidade nao classificada: 'NÚCLEO DE JUSTIÇA 4.0 DE COOPERAÇÃO JUDICIÁRIA',processos_29-07-2026.CSV,202
0002570-76.2025.5.12.0016,UNIDADE_NAO_CLASSIFICADA,Unidade nao classificada: 'NÚCLEO DE JUSTIÇA 4.0 DE COOPERAÇÃO JUDICIÁRIA',processos_29-07-2026.CSV,205
0001745-91.2025.5.12.0062,UNIDADE_NAO_CLASSIFICADA,Unidade nao classificada: 'NÚCLEO DE JUSTIÇA 4.0 DE COOPERAÇÃO JUDICIÁRIA',processos_29-07-2026.CSV,208
0000723-79.2026.5.12.0056,UNIDADE_NAO_CLASSIFICADA,Unidade nao classificada: 'NÚCLEO DE JUSTIÇA 4.0 DE COOPERAÇÃO JUDICIÁRIA',processos_29-07-2026.CSV,212
0001325-86.2025.5.12.0062,UNIDADE_NAO_CLASSIFICADA,Unidade nao classificada: 'NÚCLEO DE JUSTIÇA 4.0 DE COOPERAÇÃO JUDICIÁRIA',processos_29-07-2026.CSV,215
0002404-44.2025.5.12.0016,UNIDADE_NAO_CLASSIFICADA,Unidade nao classificada: 'NÚCLEO DE JUSTIÇA 4.0 DE COOPERAÇÃO JUDICIÁRIA',processos_29-07-2026.CSV,217
0001350-02.2025.5.12.0062,UNIDADE_NAO_CLASSIFICADA,Unidade nao classificada: 'NÚCLEO DE JUSTIÇA 4.0 DE COOPERAÇÃO JUDICIÁRIA',processos_29-07-2026.CSV,219
0001545-28.2025.5.12.0016,UNIDADE_NAO_CLASSIFICADA,Unidade nao classificada: 'NÚCLEO DE JUSTIÇA 4.0 DE COOPERAÇÃO JUDICIÁRIA',processos_29-07-2026.CSV,221
0001362-16.2025.5.12.0062,UNIDADE_NAO_CLASSIFICADA,Unidade nao classificada: 'NÚCLEO DE JUSTIÇA 4.0 DE COOPERAÇÃO JUDICIÁRIA',processos_29-07-2026.CSV,225
0000464-10.2026.5.12.0016,UNIDADE_NAO_CLASSIFICADA,Unidade nao classificada: 'NÚCLEO DE JUSTIÇA 4.0 DE COOPERAÇÃO JUDICIÁRIA',processos_29-07-2026.CSV,226
0001847-16.2025.5.12.0062,UNIDADE_NAO_CLASSIFICADA,Unidade nao classificada: 'NÚCLEO DE JUSTIÇA 4.0 DE COOPERAÇÃO JUDICIÁRIA',processos_29-07-2026.CSV,228
0000955-10.2025.5.12.0062,UNIDADE_NAO_CLASSIFICADA,Unidade nao classificada: 'NÚCLEO DE JUSTIÇA 4.0 DE COOPERAÇÃO JUDICIÁRIA',processos_29-07-2026.CSV,234
0002041-57.2025.5.12.0016,UNIDADE_NAO_CLASSIFICADA,Unidade nao classificada: 'NÚCLEO DE JUSTIÇA 4.0 DE COOPERAÇÃO JUDICIÁRIA',processos_29-07-2026.CSV,237
0001166-46.2025.5.12.0062,UNIDADE_NAO_CLASSIFICADA,Unidade nao classificada: 'NÚCLEO DE JUSTIÇA 4.0 DE COOPERAÇÃO JUDICIÁRIA',processos_29-07-2026.CSV,239
0000429-50.2026.5.12.0016,UNIDADE_NAO_CLASSIFICADA,Unidade nao classificada: 'NÚCLEO DE JUSTIÇA 4.0 DE COOPERAÇÃO JUDICIÁRIA',processos_29-07-2026.CSV,242
0001888-80.2025.5.12.0062,UNIDADE_NAO_CLASSIFICADA,Unidade nao classificada: 'NÚCLEO DE JUSTIÇA 4.0 DE COOPERAÇÃO JUDICIÁRIA',processos_29-07-2026.CSV,244
0002290-19.2024.5.12.0056,UNIDADE_NAO_CLASSIFICADA,Unidade nao classificada: 'NÚCLEO DE JUSTIÇA 4.0 DE COOPERAÇÃO JUDICIÁRIA',processos_29-07-2026.CSV,247
0002081-95.2025.5.12.0062,UNIDADE_NAO_CLASSIFICADA,Unidade nao classificada: 'NÚCLEO DE JUSTIÇA 4.0 DE COOPERAÇÃO JUDICIÁRIA',processos_29-07-2026.CSV,249
0002337-79.2025.5.12.0016,UNIDADE_NAO_CLASSIFICADA,Unidade nao classificada: 'NÚCLEO DE JUSTIÇA 4.0 DE COOPERAÇÃO JUDICIÁRIA',processos_29-07-2026.CSV,251
0002048-08.2025.5.12.0062,UNIDADE_NAO_CLASSIFICADA,Unidade nao classificada: 'NÚCLEO DE JUSTIÇA 4.0 DE COOPERAÇÃO JUDICIÁRIA',processos_29-07-2026.CSV,253
0001621-11.2025.5.12.0062,UNIDADE_NAO_CLASSIFICADA,Unidade nao classificada: 'NÚCLEO DE JUSTIÇA 4.0 DE COOPERAÇÃO JUDICIÁRIA',processos_29-07-2026.CSV,255
0002094-15.2025.5.12.0056,UNIDADE_NAO_CLASSIFICADA,Unidade nao classificada: 'NÚCLEO DE JUSTIÇA 4.0 DE COOPERAÇÃO JUDICIÁRIA',processos_29-07-2026.CSV,257
0001984-95.2025.5.12.0062,UNIDADE_NAO_CLASSIFICADA,Unidade nao classificada: 'NÚCLEO DE JUSTIÇA 4.0 DE COOPERAÇÃO JUDICIÁRIA',processos_29-07-2026.CSV,261
0002025-62.2025.5.12.0062,UNIDADE_NAO_CLASSIFICADA,Unidade nao classificada: 'NÚCLEO DE JUSTIÇA 4.0 DE COOPERAÇÃO JUDICIÁRIA',processos_29-07-2026.CSV,266
0001342-25.2025.5.12.0062,UNIDADE_NAO_CLASSIFICADA,Unidade nao classificada: 'NÚCLEO DE JUSTIÇA 4.0 DE COOPERAÇÃO JUDICIÁRIA',processos_29-07-2026.CSV,269
0000806-14.2025.5.12.0062,UNIDADE_NAO_CLASSIFICADA,Unidade nao classificada: 'NÚCLEO DE JUSTIÇA 4.0 DE COOPERAÇÃO JUDICIÁRIA',processos_29-07-2026.CSV,281
0001499-95.2025.5.12.0062,UNIDADE_NAO_CLASSIFICADA,Unidade nao classificada: 'NÚCLEO DE JUSTIÇA 4.0 DE COOPERAÇÃO JUDICIÁRIA',processos_29-07-2026.CSV,285
0001900-94.2025.5.12.0062,UNIDADE_NAO_CLASSIFICADA,Unidade nao classificada: 'NÚCLEO DE JUSTIÇA 4.0 DE COOPERAÇÃO JUDICIÁRIA',processos_29-07-2026.CSV,286
0002074-06.2025.5.12.0062,UNIDADE_NAO_CLASSIFICADA,Unidade nao classificada: 'NÚCLEO DE JUSTIÇA 4.0 DE COOPERAÇÃO JUDICIÁRIA',processos_29-07-2026.CSV,289
0002223-02.2025.5.12.0062,UNIDADE_NAO_CLASSIFICADA,Unidade nao classificada: 'NÚCLEO DE JUSTIÇA 4.0 DE COOPERAÇÃO JUDICIÁRIA',processos_29-07-2026.CSV,290
0001716-41.2025.5.12.0062,UNIDADE_NAO_CLASSIFICADA,Unidade nao classificada: 'NÚCLEO DE JUSTIÇA 4.0 DE COOPERAÇÃO JUDICIÁRIA',processos_29-07-2026.CSV,293
0002571-54.2024.5.12.0062,UNIDADE_NAO_CLASSIFICADA,Unidade nao classificada: 'NÚCLEO DE JUSTIÇA 4.0 DE COOPERAÇÃO JUDICIÁRIA',processos_29-07-2026.CSV,294
0001721-63.2025.5.12.0062,UNIDADE_NAO_CLASSIFICADA,Unidade nao classificada: 'NÚCLEO DE JUSTIÇA 4.0 DE COOPERAÇÃO JUDICIÁRIA',processos_29-07-2026.CSV,296
0001720-78.2025.5.12.0062,UNIDADE_NAO_CLASSIFICADA,Unidade nao classificada: 'NÚCLEO DE JUSTIÇA 4.0 DE COOPERAÇÃO JUDICIÁRIA',processos_29-07-2026.CSV,298
0001722-48.2025.5.12.0062,UNIDADE_NAO_CLASSIFICADA,Unidade nao classificada: 'NÚCLEO DE JUSTIÇA 4.0 DE COOPERAÇÃO JUDICIÁRIA',processos_29-07-2026.CSV,300
0002311-40.2025.5.12.0062,UNIDADE_NAO_CLASSIFICADA,Unidade nao classificada: 'NÚCLEO DE JUSTIÇA 4.0 DE COOPERAÇÃO JUDICIÁRIA',processos_29-07-2026.CSV,303
0002161-59.2025.5.12.0062,UNIDADE_NAO_CLASSIFICADA,Unidade nao classificada: 'NÚCLEO DE JUSTIÇA 4.0 DE COOPERAÇÃO JUDICIÁRIA',processos_29-07-2026.CSV,305
0001259-09.2025.5.12.0062,UNIDADE_NAO_CLASSIFICADA,Unidade nao classificada: 'NÚCLEO DE JUSTIÇA 4.0 DE COOPERAÇÃO JUDICIÁRIA',processos_29-07-2026.CSV,307
0001726-85.2025.5.12.0062,UNIDADE_NAO_CLASSIFICADA,Unidade nao classificada: 'NÚCLEO DE JUSTIÇA 4.0 DE COOPERAÇÃO JUDICIÁRIA',processos_29-07-2026.CSV,309
0001723-33.2025.5.12.0062,UNIDADE_NAO_CLASSIFICADA,Unidade nao classificada: 'NÚCLEO DE JUSTIÇA 4.0 DE COOPERAÇÃO JUDICIÁRIA',processos_29-07-2026.CSV,316
0001725-03.2025.5.12.0062,UNIDADE_NAO_CLASSIFICADA,Unidade nao classificada: 'NÚCLEO DE JUSTIÇA 4.0 DE COOPERAÇÃO JUDICIÁRIA',processos_29-07-2026.CSV,319
0002009-11.2025.5.12.0062,UNIDADE_NAO_CLASSIFICADA,Unidade nao classificada: 'NÚCLEO DE JUSTIÇA 4.0 DE COOPERAÇÃO JUDICIÁRIA',processos_29-07-2026.CSV,321
0000551-56.2025.5.12.0062,UNIDADE_NAO_CLASSIFICADA,Unidade nao classificada: 'NÚCLEO DE JUSTIÇA 4.0 DE COOPERAÇÃO JUDICIÁRIA',processos_29-07-2026.CSV,324
0000939-56.2025.5.12.0062,UNIDADE_NAO_CLASSIFICADA,Unidade nao classificada: 'NÚCLEO DE JUSTIÇA 4.0 DE COOPERAÇÃO JUDICIÁRIA',processos_29-07-2026.CSV,327
0002650-96.2025.5.12.0062,UNIDADE_NAO_CLASSIFICADA,Unidade nao classificada: 'NÚCLEO DE JUSTIÇA 4.0 DE COOPERAÇÃO JUDICIÁRIA',processos_29-07-2026.CSV,329
0002524-80.2024.5.12.0062,UNIDADE_NAO_CLASSIFICADA,Unidade nao classificada: 'NÚCLEO DE JUSTIÇA 4.0 DE COOPERAÇÃO JUDICIÁRIA',processos_29-07-2026.CSV,333
0001838-54.2025.5.12.0062,UNIDADE_NAO_CLASSIFICADA,Unidade nao classificada: 'NÚCLEO DE JUSTIÇA 4.0 DE COOPERAÇÃO JUDICIÁRIA',processos_29-07-2026.CSV,334
0001907-86.2025.5.12.0062,UNIDADE_NAO_CLASSIFICADA,Unidade nao classificada: 'NÚCLEO DE JUSTIÇA 4.0 DE COOPERAÇÃO JUDICIÁRIA',processos_29-07-2026.CSV,341
0001489-51.2025.5.12.0062,UNIDADE_NAO_CLASSIFICADA,Unidade nao classificada: 'NÚCLEO DE JUSTIÇA 4.0 DE COOPERAÇÃO JUDICIÁRIA',processos_29-07-2026.CSV,343
0002738-81.2025.5.12.0015,UNIDADE_NAO_CLASSIFICADA,Unidade nao classificada: 'NÚCLEO DE JUSTIÇA 4.0 DE COOPERAÇÃO JUDICIÁRIA',processos_29-07-2026.CSV,346
0002739-66.2025.5.12.0015,UNIDADE_NAO_CLASSIFICADA,Unidade nao classificada: 'NÚCLEO DE JUSTIÇA 4.0 DE COOPERAÇÃO JUDICIÁRIA',processos_29-07-2026.CSV,351
0002098-52.2025.5.12.0056,UNIDADE_NAO_CLASSIFICADA,Unidade nao classificada: 'NÚCLEO DE JUSTIÇA 4.0 DE COOPERAÇÃO JUDICIÁRIA',processos_29-07-2026.CSV,364
0000035-98.2026.5.12.0030,UNIDADE_NAO_CLASSIFICADA,Unidade nao classificada: 'NÚCLEO DE JUSTIÇA 4.0 DE COOPERAÇÃO JUDICIÁRIA',processos_29-07-2026.CSV,370
0001702-57.2025.5.12.0062,UNIDADE_NAO_CLASSIFICADA,Unidade nao classificada: 'NÚCLEO DE JUSTIÇA 4.0 DE COOPERAÇÃO JUDICIÁRIA',processos_29-07-2026.CSV,389
0001699-05.2025.5.12.0062,UNIDADE_NAO_CLASSIFICADA,Unidade nao classificada: 'NÚCLEO DE JUSTIÇA 4.0 DE COOPERAÇÃO JUDICIÁRIA',processos_29-07-2026.CSV,394
0002035-09.2025.5.12.0062,UNIDADE_NAO_CLASSIFICADA,Unidade nao classificada: 'NÚCLEO DE JUSTIÇA 4.0 DE COOPERAÇÃO JUDICIÁRIA',processos_29-07-2026.CSV,395
0002177-13.2025.5.12.0062,UNIDADE_NAO_CLASSIFICADA,Unidade nao classificada: 'NÚCLEO DE JUSTIÇA 4.0 DE COOPERAÇÃO JUDICIÁRIA',processos_29-07-2026.CSV,398
0002228-24.2025.5.12.0062,UNIDADE_NAO_CLASSIFICADA,Unidade nao classificada: 'NÚCLEO DE JUSTIÇA 4.0 DE COOPERAÇÃO JUDICIÁRIA',processos_29-07-2026.CSV,401
0000640-79.2025.5.12.0062,UNIDADE_NAO_CLASSIFICADA,Unidade nao classificada: 'NÚCLEO DE JUSTIÇA 4.0 DE COOPERAÇÃO JUDICIÁRIA',processos_29-07-2026.CSV,402
0000272-70.2025.5.12.0062,UNIDADE_NAO_CLASSIFICADA,Unidade nao classificada: 'NÚCLEO DE JUSTIÇA 4.0 DE COOPERAÇÃO JUDICIÁRIA',processos_29-07-2026.CSV,404
0000220-74.2025.5.12.0062,UNIDADE_NAO_CLASSIFICADA,Unidade nao classificada: 'NÚCLEO DE JUSTIÇA 4.0 DE COOPERAÇÃO JUDICIÁRIA',processos_29-07-2026.CSV,406
0000371-40.2025.5.12.0062,UNIDADE_NAO_CLASSIFICADA,Unidade nao classificada: 'NÚCLEO DE JUSTIÇA 4.0 DE COOPERAÇÃO JUDICIÁRIA',processos_29-07-2026.CSV,409
0000373-10.2025.5.12.0062,UNIDADE_NAO_CLASSIFICADA,Unidade nao classificada: 'NÚCLEO DE JUSTIÇA 4.0 DE COOPERAÇÃO JUDICIÁRIA',processos_29-07-2026.CSV,411
0000271-85.2025.5.12.0062,UNIDADE_NAO_CLASSIFICADA,Unidade nao classificada: 'NÚCLEO DE JUSTIÇA 4.0 DE COOPERAÇÃO JUDICIÁRIA',processos_29-07-2026.CSV,412
0000367-03.2025.5.12.0062,UNIDADE_NAO_CLASSIFICADA,Unidade nao classificada: 'NÚCLEO DE JUSTIÇA 4.0 DE COOPERAÇÃO JUDICIÁRIA',processos_29-07-2026.CSV,415
0000441-57.2025.5.12.0062,UNIDADE_NAO_CLASSIFICADA,Unidade nao classificada: 'NÚCLEO DE JUSTIÇA 4.0 DE COOPERAÇÃO JUDICIÁRIA',processos_29-07-2026.CSV,417
0000233-73.2025.5.12.0062,UNIDADE_NAO_CLASSIFICADA,Unidade nao classificada: 'NÚCLEO DE JUSTIÇA 4.0 DE COOPERAÇÃO JUDICIÁRIA',processos_29-07-2026.CSV,419
0002153-82.2025.5.12.0062,UNIDADE_NAO_CLASSIFICADA,Unidade nao classificada: 'NÚCLEO DE JUSTIÇA 4.0 DE COOPERAÇÃO JUDICIÁRIA',processos_29-07-2026.CSV,422
0002251-67.2025.5.12.0062,UNIDADE_NAO_CLASSIFICADA,Unidade nao classificada: 'NÚCLEO DE JUSTIÇA 4.0 DE COOPERAÇÃO JUDICIÁRIA',processos_29-07-2026.CSV,425
0001413-27.2025.5.12.0062,UNIDADE_NAO_CLASSIFICADA,Unidade nao classificada: 'NÚCLEO DE JUSTIÇA 4.0 DE COOPERAÇÃO JUDICIÁRIA',processos_29-07-2026.CSV,427
0001693-95.2025.5.12.0062,UNIDADE_NAO_CLASSIFICADA,Unidade nao classificada: 'NÚCLEO DE JUSTIÇA 4.0 DE COOPERAÇÃO JUDICIÁRIA',processos_29-07-2026.CSV,428
0002110-48.2025.5.12.0062,UNIDADE_NAO_CLASSIFICADA,Unidade nao classificada: 'NÚCLEO DE JUSTIÇA 4.0 DE COOPERAÇÃO JUDICIÁRIA',processos_29-07-2026.CSV,431
0001549-24.2025.5.12.0062,UNIDADE_NAO_CLASSIFICADA,Unidade nao classificada: 'NÚCLEO DE JUSTIÇA 4.0 DE COOPERAÇÃO JUDICIÁRIA',processos_29-07-2026.CSV,432
0001333-63.2025.5.12.0062,UNIDADE_NAO_CLASSIFICADA,Unidade nao classificada: 'NÚCLEO DE JUSTIÇA 4.0 DE COOPERAÇÃO JUDICIÁRIA',processos_29-07-2026.CSV,435
0001238-42.2025.5.12.0059,UNIDADE_NAO_CLASSIFICADA,Unidade nao classificada: 'NÚCLEO DE JUSTIÇA 4.0 DE COOPERAÇÃO JUDICIÁRIA',processos_29-07-2026.CSV,442
0001272-17.2025.5.12.0059,UNIDADE_NAO_CLASSIFICADA,Unidade nao classificada: 'NÚCLEO DE JUSTIÇA 4.0 DE COOPERAÇÃO JUDICIÁRIA',processos_29-07-2026.CSV,446
0001581-38.2025.5.12.0059,UNIDADE_NAO_CLASSIFICADA,Unidade nao classificada: 'NÚCLEO DE JUSTIÇA 4.0 DE COOPERAÇÃO JUDICIÁRIA',processos_29-07-2026.CSV,447
0001295-60.2025.5.12.0059,UNIDADE_NAO_CLASSIFICADA,Unidade nao classificada: 'NÚCLEO DE JUSTIÇA 4.0 DE COOPERAÇÃO JUDICIÁRIA',processos_29-07-2026.CSV,450
0001681-81.2025.5.12.0062,UNIDADE_NAO_CLASSIFICADA,Unidade nao classificada: 'NÚCLEO DE JUSTIÇA 4.0 DE COOPERAÇÃO JUDICIÁRIA',processos_29-07-2026.CSV,451
0000393-98.2025.5.12.0062,UNIDADE_NAO_CLASSIFICADA,Unidade nao classificada: 'NÚCLEO DE JUSTIÇA 4.0 DE COOPERAÇÃO JUDICIÁRIA',processos_29-07-2026.CSV,456
0001055-39.2025.5.12.0005,UNIDADE_NAO_CLASSIFICADA,Unidade nao classificada: 'NÚCLEO DE JUSTIÇA 4.0 DE COOPERAÇÃO JUDICIÁRIA',processos_29-07-2026.CSV,457
0000369-70.2025.5.12.0062,UNIDADE_NAO_CLASSIFICADA,Unidade nao classificada: 'NÚCLEO DE JUSTIÇA 4.0 DE COOPERAÇÃO JUDICIÁRIA',processos_29-07-2026.CSV,459
0002191-94.2025.5.12.0062,UNIDADE_NAO_CLASSIFICADA,Unidade nao classificada: 'NÚCLEO DE JUSTIÇA 4.0 DE COOPERAÇÃO JUDICIÁRIA',processos_29-07-2026.CSV,461
0002398-93.2025.5.12.0062,UNIDADE_NAO_CLASSIFICADA,Unidade nao classificada: 'NÚCLEO DE JUSTIÇA 4.0 DE COOPERAÇÃO JUDICIÁRIA',processos_29-07-2026.CSV,463
0002195-34.2025.5.12.0062,UNIDADE_NAO_CLASSIFICADA,Unidade nao classificada: 'NÚCLEO DE JUSTIÇA 4.0 DE COOPERAÇÃO JUDICIÁRIA',processos_29-07-2026.CSV,465
0001979-73.2025.5.12.0062,UNIDADE_NAO_CLASSIFICADA,Unidade nao classificada: 'NÚCLEO DE JUSTIÇA 4.0 DE COOPERAÇÃO JUDICIÁRIA',processos_29-07-2026.CSV,467
0001608-12.2025.5.12.0062,UNIDADE_NAO_CLASSIFICADA,Unidade nao classificada: 'NÚCLEO DE JUSTIÇA 4.0 DE COOPERAÇÃO JUDICIÁRIA',processos_29-07-2026.CSV,470
0000552-41.2025.5.12.0062,UNIDADE_NAO_CLASSIFICADA,Unidade nao classificada: 'NÚCLEO DE JUSTIÇA 4.0 DE COOPERAÇÃO JUDICIÁRIA',processos_29-07-2026.CSV,471
0001680-96.2025.5.12.0062,UNIDADE_NAO_CLASSIFICADA,Unidade nao classificada: 'NÚCLEO DE JUSTIÇA 4.0 DE COOPERAÇÃO JUDICIÁRIA',processos_29-07-2026.CSV,474
0001275-69.2025.5.12.0059,UNIDADE_NAO_CLASSIFICADA,Unidade nao classificada: 'NÚCLEO DE JUSTIÇA 4.0 DE COOPERAÇÃO JUDICIÁRIA',processos_29-07-2026.CSV,476
0001371-84.2025.5.12.0059,UNIDADE_NAO_CLASSIFICADA,Unidade nao classificada: 'NÚCLEO DE JUSTIÇA 4.0 DE COOPERAÇÃO JUDICIÁRIA',processos_29-07-2026.CSV,479
0001311-14.2025.5.12.0059,UNIDADE_NAO_CLASSIFICADA,Unidade nao classificada: 'NÚCLEO DE JUSTIÇA 4.0 DE COOPERAÇÃO JUDICIÁRIA',processos_29-07-2026.CSV,484
0001540-71.2025.5.12.0059,UNIDADE_NAO_CLASSIFICADA,Unidade nao classificada: 'NÚCLEO DE JUSTIÇA 4.0 DE COOPERAÇÃO JUDICIÁRIA',processos_29-07-2026.CSV,485
0001572-76.2025.5.12.0059,UNIDADE_NAO_CLASSIFICADA,Unidade nao classificada: 'NÚCLEO DE JUSTIÇA 4.0 DE COOPERAÇÃO JUDICIÁRIA',processos_29-07-2026.CSV,487
0001418-58.2025.5.12.0059,UNIDADE_NAO_CLASSIFICADA,Unidade nao classificada: 'NÚCLEO DE JUSTIÇA 4.0 DE COOPERAÇÃO JUDICIÁRIA',processos_29-07-2026.CSV,493
0001324-13.2025.5.12.0059,UNIDADE_NAO_CLASSIFICADA,Unidade nao classificada: 'NÚCLEO DE JUSTIÇA 4.0 DE COOPERAÇÃO JUDICIÁRIA',processos_29-07-2026.CSV,497
0001290-38.2025.5.12.0059,UNIDADE_NAO_CLASSIFICADA,Unidade nao classificada: 'NÚCLEO DE JUSTIÇA 4.0 DE COOPERAÇÃO JUDICIÁRIA',processos_29-07-2026.CSV,501
0001627-27.2025.5.12.0059,UNIDADE_NAO_CLASSIFICADA,Unidade nao classificada: 'NÚCLEO DE JUSTIÇA 4.0 DE COOPERAÇÃO JUDICIÁRIA',processos_29-07-2026.CSV,502
0001387-38.2025.5.12.0059,UNIDADE_NAO_CLASSIFICADA,Unidade nao classificada: 'NÚCLEO DE JUSTIÇA 4.0 DE COOPERAÇÃO JUDICIÁRIA',processos_29-07-2026.CSV,506
0001301-67.2025.5.12.0059,UNIDADE_NAO_CLASSIFICADA,Unidade nao classificada: 'NÚCLEO DE JUSTIÇA 4.0 DE COOPERAÇÃO JUDICIÁRIA',processos_29-07-2026.CSV,510
0001427-20.2025.5.12.0059,UNIDADE_NAO_CLASSIFICADA,Unidade nao classificada: 'NÚCLEO DE JUSTIÇA 4.0 DE COOPERAÇÃO JUDICIÁRIA',processos_29-07-2026.CSV,512
0001284-15.2025.5.12.0032,UNIDADE_NAO_CLASSIFICADA,Unidade nao classificada: 'NÚCLEO DE JUSTIÇA 4.0 DE COOPERAÇÃO JUDICIÁRIA',processos_29-07-2026.CSV,516
0001706-06.2025.5.12.0059,UNIDADE_NAO_CLASSIFICADA,Unidade nao classificada: 'NÚCLEO DE JUSTIÇA 4.0 DE COOPERAÇÃO JUDICIÁRIA',processos_29-07-2026.CSV,519
0001605-71.2025.5.12.0025,UNIDADE_NAO_CLASSIFICADA,Unidade nao classificada: 'NÚCLEO DE JUSTIÇA 4.0 DE COOPERAÇÃO JUDICIÁRIA',processos_29-07-2026.CSV,522
0000148-96.2025.5.12.0059,UNIDADE_NAO_CLASSIFICADA,Unidade nao classificada: 'NÚCLEO DE JUSTIÇA 4.0 DE COOPERAÇÃO JUDICIÁRIA',processos_29-07-2026.CSV,526
0001370-02.2025.5.12.0059,UNIDADE_NAO_CLASSIFICADA,Unidade nao classificada: 'NÚCLEO DE JUSTIÇA 4.0 DE COOPERAÇÃO JUDICIÁRIA',processos_29-07-2026.CSV,529
0001304-22.2025.5.12.0059,UNIDADE_NAO_CLASSIFICADA,Unidade nao classificada: 'NÚCLEO DE JUSTIÇA 4.0 DE COOPERAÇÃO JUDICIÁRIA',processos_29-07-2026.CSV,533
0001657-62.2025.5.12.0059,UNIDADE_NAO_CLASSIFICADA,Unidade nao classificada: 'NÚCLEO DE JUSTIÇA 4.0 DE COOPERAÇÃO JUDICIÁRIA',processos_29-07-2026.CSV,539
0001913-05.2025.5.12.0059,UNIDADE_NAO_CLASSIFICADA,Unidade nao classificada: 'NÚCLEO DE JUSTIÇA 4.0 DE COOPERAÇÃO JUDICIÁRIA',processos_29-07-2026.CSV,542
0001439-34.2025.5.12.0059,UNIDADE_NAO_CLASSIFICADA,Unidade nao classificada: 'NÚCLEO DE JUSTIÇA 4.0 DE COOPERAÇÃO JUDICIÁRIA',processos_29-07-2026.CSV,543
0001511-21.2025.5.12.0059,UNIDADE_NAO_CLASSIFICADA,Unidade nao classificada: 'NÚCLEO DE JUSTIÇA 4.0 DE COOPERAÇÃO JUDICIÁRIA',processos_29-07-2026.CSV,546
0001654-10.2025.5.12.0059,UNIDADE_NAO_CLASSIFICADA,Unidade nao classificada: 'NÚCLEO DE JUSTIÇA 4.0 DE COOPERAÇÃO JUDICIÁRIA',processos_29-07-2026.CSV,551
0000820-70.2026.5.12.0059,UNIDADE_NAO_CLASSIFICADA,Unidade nao classificada: 'NÚCLEO DE JUSTIÇA 4.0 DE COOPERAÇÃO JUDICIÁRIA',processos_29-07-2026.CSV,557
0000188-78.2025.5.12.0059,UNIDADE_NAO_CLASSIFICADA,Unidade nao classificada: 'NÚCLEO DE JUSTIÇA 4.0 DE COOPERAÇÃO JUDICIÁRIA',processos_29-07-2026.CSV,571
0001415-06.2025.5.12.0059,UNIDADE_NAO_CLASSIFICADA,Unidade nao classificada: 'NÚCLEO DE JUSTIÇA 4.0 DE COOPERAÇÃO JUDICIÁRIA',processos_29-07-2026.CSV,584
0002189-41.2025.5.12.0025,UNIDADE_NAO_CLASSIFICADA,Unidade nao classificada: 'NÚCLEO DE JUSTIÇA 4.0 DE COOPERAÇÃO JUDICIÁRIA',processos_29-07-2026.CSV,649
0001819-66.2025.5.12.0056,UNIDADE_NAO_CLASSIFICADA,Unidade nao classificada: 'NÚCLEO DE JUSTIÇA 4.0 DE COOPERAÇÃO JUDICIÁRIA',processos_29-07-2026.CSV,652
0002627-71.2025.5.12.0056,UNIDADE_NAO_CLASSIFICADA,Unidade nao classificada: 'NÚCLEO DE JUSTIÇA 4.0 DE COOPERAÇÃO JUDICIÁRIA',processos_29-07-2026.CSV,656
0000566-72.2025.5.12.0014,UNIDADE_NAO_CLASSIFICADA,Unidade nao classificada: 'NÚCLEO DE JUSTIÇA 4.0 DE COOPERAÇÃO JUDICIÁRIA',processos_29-07-2026.CSV,657
0001909-74.2025.5.12.0056,UNIDADE_NAO_CLASSIFICADA,Unidade nao classificada: 'NÚCLEO DE JUSTIÇA 4.0 DE COOPERAÇÃO JUDICIÁRIA',processos_29-07-2026.CSV,661
0001948-71.2025.5.12.0056,UNIDADE_NAO_CLASSIFICADA,Unidade nao classificada: 'NÚCLEO DE JUSTIÇA 4.0 DE COOPERAÇÃO JUDICIÁRIA',processos_29-07-2026.CSV,666
0001988-53.2025.5.12.0056,UNIDADE_NAO_CLASSIFICADA,Unidade nao classificada: 'NÚCLEO DE JUSTIÇA 4.0 DE COOPERAÇÃO JUDICIÁRIA',processos_29-07-2026.CSV,669
0000002-26.2026.5.12.0025,UNIDADE_NAO_CLASSIFICADA,Unidade nao classificada: 'NÚCLEO DE JUSTIÇA 4.0 DE COOPERAÇÃO JUDICIÁRIA',processos_29-07-2026.CSV,676
0002212-88.2025.5.12.0056,UNIDADE_NAO_CLASSIFICADA,Unidade nao classificada: 'NÚCLEO DE JUSTIÇA 4.0 DE COOPERAÇÃO JUDICIÁRIA',processos_29-07-2026.CSV,680
0002135-75.2025.5.12.0025,UNIDADE_NAO_CLASSIFICADA,Unidade nao classificada: 'NÚCLEO DE JUSTIÇA 4.0 DE COOPERAÇÃO JUDICIÁRIA',processos_29-07-2026.CSV,682
0002134-94.2025.5.12.0056,UNIDADE_NAO_CLASSIFICADA,Unidade nao classificada: 'NÚCLEO DE JUSTIÇA 4.0 DE COOPERAÇÃO JUDICIÁRIA',processos_29-07-2026.CSV,683
0002833-85.2025.5.12.0056,UNIDADE_NAO_CLASSIFICADA,Unidade nao classificada: 'NÚCLEO DE JUSTIÇA 4.0 DE COOPERAÇÃO JUDICIÁRIA',processos_29-07-2026.CSV,688
0001305-16.2025.5.12.0056,UNIDADE_NAO_CLASSIFICADA,Unidade nao classificada: 'NÚCLEO DE JUSTIÇA 4.0 DE COOPERAÇÃO JUDICIÁRIA',processos_29-07-2026.CSV,691
0002702-09.2025.5.12.0025,UNIDADE_NAO_CLASSIFICADA,Unidade nao classificada: 'NÚCLEO DE JUSTIÇA 4.0 DE COOPERAÇÃO JUDICIÁRIA',processos_29-07-2026.CSV,695
0002657-09.2025.5.12.0056,UNIDADE_NAO_CLASSIFICADA,Unidade nao classificada: 'NÚCLEO DE JUSTIÇA 4.0 DE COOPERAÇÃO JUDICIÁRIA',processos_29-07-2026.CSV,697
0002181-64.2025.5.12.0025,UNIDADE_NAO_CLASSIFICADA,Unidade nao classificada: 'NÚCLEO DE JUSTIÇA 4.0 DE COOPERAÇÃO JUDICIÁRIA',processos_29-07-2026.CSV,701
0001824-84.2025.5.12.0025,UNIDADE_NAO_CLASSIFICADA,Unidade nao classificada: 'NÚCLEO DE JUSTIÇA 4.0 DE COOPERAÇÃO JUDICIÁRIA',processos_29-07-2026.CSV,703
0002114-02.2025.5.12.0025,UNIDADE_NAO_CLASSIFICADA,Unidade nao classificada: 'NÚCLEO DE JUSTIÇA 4.0 DE COOPERAÇÃO JUDICIÁRIA',processos_29-07-2026.CSV,707
0002061-25.2025.5.12.0056,UNIDADE_NAO_CLASSIFICADA,Unidade nao classificada: 'NÚCLEO DE JUSTIÇA 4.0 DE COOPERAÇÃO JUDICIÁRIA',processos_29-07-2026.CSV,711
0002112-32.2025.5.12.0025,UNIDADE_NAO_CLASSIFICADA,Unidade nao classificada: 'NÚCLEO DE JUSTIÇA 4.0 DE COOPERAÇÃO JUDICIÁRIA',processos_29-07-2026.CSV,714
0002360-95.2025.5.12.0025,UNIDADE_NAO_CLASSIFICADA,Unidade nao classificada: 'NÚCLEO DE JUSTIÇA 4.0 DE COOPERAÇÃO JUDICIÁRIA',processos_29-07-2026.CSV,717
0001947-86.2025.5.12.0056,UNIDADE_NAO_CLASSIFICADA,Unidade nao classificada: 'NÚCLEO DE JUSTIÇA 4.0 DE COOPERAÇÃO JUDICIÁRIA',processos_29-07-2026.CSV,719
0001742-53.2025.5.12.0025,UNIDADE_NAO_CLASSIFICADA,Unidade nao classificada: 'NÚCLEO DE JUSTIÇA 4.0 DE COOPERAÇÃO JUDICIÁRIA',processos_29-07-2026.CSV,724
0001761-63.2025.5.12.0056,UNIDADE_NAO_CLASSIFICADA,Unidade nao classificada: 'NÚCLEO DE JUSTIÇA 4.0 DE COOPERAÇÃO JUDICIÁRIA',processos_29-07-2026.CSV,727
0001697-49.2025.5.12.0025,UNIDADE_NAO_CLASSIFICADA,Unidade nao classificada: 'NÚCLEO DE JUSTIÇA 4.0 DE COOPERAÇÃO JUDICIÁRIA',processos_29-07-2026.CSV,729
0003019-37.2025.5.12.0015,UNIDADE_NAO_CLASSIFICADA,Unidade nao classificada: 'NÚCLEO DE JUSTIÇA 4.0 DE COOPERAÇÃO JUDICIÁRIA',processos_29-07-2026.CSV,731
0002567-94.2025.5.12.0025,UNIDADE_NAO_CLASSIFICADA,Unidade nao classificada: 'NÚCLEO DE JUSTIÇA 4.0 DE COOPERAÇÃO JUDICIÁRIA',processos_29-07-2026.CSV,734
0002065-62.2025.5.12.0056,UNIDADE_NAO_CLASSIFICADA,Unidade nao classificada: 'NÚCLEO DE JUSTIÇA 4.0 DE COOPERAÇÃO JUDICIÁRIA',processos_29-07-2026.CSV,737
0002394-70.2025.5.12.0025,UNIDADE_NAO_CLASSIFICADA,Unidade nao classificada: 'NÚCLEO DE JUSTIÇA 4.0 DE COOPERAÇÃO JUDICIÁRIA',processos_29-07-2026.CSV,738
0001065-27.2025.5.12.0056,UNIDADE_NAO_CLASSIFICADA,Unidade nao classificada: 'NÚCLEO DE JUSTIÇA 4.0 DE COOPERAÇÃO JUDICIÁRIA',processos_29-07-2026.CSV,741
0000678-71.2026.5.12.0025,UNIDADE_NAO_CLASSIFICADA,Unidade nao classificada: 'NÚCLEO DE JUSTIÇA 4.0 DE COOPERAÇÃO JUDICIÁRIA',processos_29-07-2026.CSV,743
0000702-02.2026.5.12.0025,UNIDADE_NAO_CLASSIFICADA,Unidade nao classificada: 'NÚCLEO DE JUSTIÇA 4.0 DE COOPERAÇÃO JUDICIÁRIA',processos_29-07-2026.CSV,747
0002744-62.2025.5.12.0056,UNIDADE_NAO_CLASSIFICADA,Unidade nao classificada: 'NÚCLEO DE JUSTIÇA 4.0 DE COOPERAÇÃO JUDICIÁRIA',processos_29-07-2026.CSV,749
0002824-52.2025.5.12.0015,UNIDADE_NAO_CLASSIFICADA,Unidade nao classificada: 'NÚCLEO DE JUSTIÇA 4.0 DE COOPERAÇÃO JUDICIÁRIA',processos_29-07-2026.CSV,751
0001747-75.2025.5.12.0025,UNIDADE_NAO_CLASSIFICADA,Unidade nao classificada: 'NÚCLEO DE JUSTIÇA 4.0 DE COOPERAÇÃO JUDICIÁRIA',processos_29-07-2026.CSV,756
0002058-70.2025.5.12.0056,UNIDADE_NAO_CLASSIFICADA,Unidade nao classificada: 'NÚCLEO DE JUSTIÇA 4.0 DE COOPERAÇÃO JUDICIÁRIA',processos_29-07-2026.CSV,758
0002945-80.2025.5.12.0015,UNIDADE_NAO_CLASSIFICADA,Unidade nao classificada: 'NÚCLEO DE JUSTIÇA 4.0 DE COOPERAÇÃO JUDICIÁRIA',processos_29-07-2026.CSV,761
0002482-11.2025.5.12.0025,UNIDADE_NAO_CLASSIFICADA,Unidade nao classificada: 'NÚCLEO DE JUSTIÇA 4.0 DE COOPERAÇÃO JUDICIÁRIA',processos_29-07-2026.CSV,764
0000228-61.2026.5.12.0015,UNIDADE_NAO_CLASSIFICADA,Unidade nao classificada: 'NÚCLEO DE JUSTIÇA 4.0 DE COOPERAÇÃO JUDICIÁRIA',processos_29-07-2026.CSV,766
0002006-74.2025.5.12.0056,UNIDADE_NAO_CLASSIFICADA,Unidade nao classificada: 'NÚCLEO DE JUSTIÇA 4.0 DE COOPERAÇÃO JUDICIÁRIA',processos_29-07-2026.CSV,769
0000683-26.2026.5.12.0015,UNIDADE_NAO_CLASSIFICADA,Unidade nao classificada: 'NÚCLEO DE JUSTIÇA 4.0 DE COOPERAÇÃO JUDICIÁRIA',processos_29-07-2026.CSV,772
0000042-46.2025.5.12.0056,UNIDADE_NAO_CLASSIFICADA,Unidade nao classificada: 'NÚCLEO DE JUSTIÇA 4.0 DE COOPERAÇÃO JUDICIÁRIA',processos_29-07-2026.CSV,775
0000073-28.2026.5.12.0025,UNIDADE_NAO_CLASSIFICADA,Unidade nao classificada: 'NÚCLEO DE JUSTIÇA 4.0 DE COOPERAÇÃO JUDICIÁRIA',processos_29-07-2026.CSV,780
0003044-06.2025.5.12.0062,UNIDADE_NAO_CLASSIFICADA,Unidade nao classificada: 'NÚCLEO DE JUSTIÇA 4.0 DE COOPERAÇÃO JUDICIÁRIA',processos_29-07-2026.CSV,781
0001701-72.2025.5.12.0062,UNIDADE_NAO_CLASSIFICADA,Unidade nao classificada: 'NÚCLEO DE JUSTIÇA 4.0 DE COOPERAÇÃO JUDICIÁRIA',processos_29-07-2026.CSV,783
0001970-14.2025.5.12.0062,UNIDADE_NAO_CLASSIFICADA,Unidade nao classificada: 'NÚCLEO DE JUSTIÇA 4.0 DE COOPERAÇÃO JUDICIÁRIA',processos_29-07-2026.CSV,786
0000587-11.2026.5.12.0015,UNIDADE_NAO_CLASSIFICADA,Unidade nao classificada: 'NÚCLEO DE JUSTIÇA 4.0 DE COOPERAÇÃO JUDICIÁRIA',processos_29-07-2026.CSV,788
0001282-66.2025.5.12.0025,UNIDADE_NAO_CLASSIFICADA,Unidade nao classificada: 'NÚCLEO DE JUSTIÇA 4.0 DE COOPERAÇÃO JUDICIÁRIA',processos_29-07-2026.CSV,790
0001912-45.2024.5.12.0062,UNIDADE_NAO_CLASSIFICADA,Unidade nao classificada: 'NÚCLEO DE JUSTIÇA 4.0 DE COOPERAÇÃO JUDICIÁRIA',processos_29-07-2026.CSV,793
0003512-67.2025.5.12.0062,UNIDADE_NAO_CLASSIFICADA,Unidade nao classificada: 'NÚCLEO DE JUSTIÇA 4.0 DE COOPERAÇÃO JUDICIÁRIA',processos_29-07-2026.CSV,796
0002424-08.2025.5.12.0025,UNIDADE_NAO_CLASSIFICADA,Unidade nao classificada: 'NÚCLEO DE JUSTIÇA 4.0 DE COOPERAÇÃO JUDICIÁRIA',processos_29-07-2026.CSV,799
0000392-97.2026.5.12.0056,UNIDADE_NAO_CLASSIFICADA,Unidade nao classificada: 'NÚCLEO DE JUSTIÇA 4.0 DE COOPERAÇÃO JUDICIÁRIA',processos_29-07-2026.CSV,801
0000471-92.2025.5.12.0062,UNIDADE_NAO_CLASSIFICADA,Unidade nao classificada: 'NÚCLEO DE JUSTIÇA 4.0 DE COOPERAÇÃO JUDICIÁRIA',processos_29-07-2026.CSV,802
0002006-56.2025.5.12.0062,UNIDADE_NAO_CLASSIFICADA,Unidade nao classificada: 'NÚCLEO DE JUSTIÇA 4.0 DE COOPERAÇÃO JUDICIÁRIA',processos_29-07-2026.CSV,804
0002211-85.2025.5.12.0062,UNIDADE_NAO_CLASSIFICADA,Unidade nao classificada: 'NÚCLEO DE JUSTIÇA 4.0 DE COOPERAÇÃO JUDICIÁRIA',processos_29-07-2026.CSV,806
0001854-22.2025.5.12.0025,UNIDADE_NAO_CLASSIFICADA,Unidade nao classificada: 'NÚCLEO DE JUSTIÇA 4.0 DE COOPERAÇÃO JUDICIÁRIA',processos_29-07-2026.CSV,808
0002162-62.2025.5.12.0056,UNIDADE_NAO_CLASSIFICADA,Unidade nao classificada: 'NÚCLEO DE JUSTIÇA 4.0 DE COOPERAÇÃO JUDICIÁRIA',processos_29-07-2026.CSV,811
0000509-21.2025.5.12.0025,UNIDADE_NAO_CLASSIFICADA,Unidade nao classificada: 'NÚCLEO DE JUSTIÇA 4.0 DE COOPERAÇÃO JUDICIÁRIA',processos_29-07-2026.CSV,814
0002446-66.2025.5.12.0025,UNIDADE_NAO_CLASSIFICADA,Unidade nao classificada: 'NÚCLEO DE JUSTIÇA 4.0 DE COOPERAÇÃO JUDICIÁRIA',processos_29-07-2026.CSV,818
0002549-77.2025.5.12.0056,UNIDADE_NAO_CLASSIFICADA,Unidade nao classificada: 'NÚCLEO DE JUSTIÇA 4.0 DE COOPERAÇÃO JUDICIÁRIA',processos_29-07-2026.CSV,820
0001873-28.2025.5.12.0025,UNIDADE_NAO_CLASSIFICADA,Unidade nao classificada: 'NÚCLEO DE JUSTIÇA 4.0 DE COOPERAÇÃO JUDICIÁRIA',processos_29-07-2026.CSV,823
0001933-98.2025.5.12.0025,UNIDADE_NAO_CLASSIFICADA,Unidade nao classificada: 'NÚCLEO DE JUSTIÇA 4.0 DE COOPERAÇÃO JUDICIÁRIA',processos_29-07-2026.CSV,827
0000001-41.2026.5.12.0025,UNIDADE_NAO_CLASSIFICADA,Unidade nao classificada: 'NÚCLEO DE JUSTIÇA 4.0 DE COOPERAÇÃO JUDICIÁRIA',processos_29-07-2026.CSV,834
0000287-23.2026.5.12.0056,UNIDADE_NAO_CLASSIFICADA,Unidade nao classificada: 'NÚCLEO DE JUSTIÇA 4.0 DE COOPERAÇÃO JUDICIÁRIA',processos_29-07-2026.CSV,842
0002741-06.2025.5.12.0025,UNIDADE_NAO_CLASSIFICADA,Unidade nao classificada: 'NÚCLEO DE JUSTIÇA 4.0 DE COOPERAÇÃO JUDICIÁRIA',processos_29-07-2026.CSV,845
0002321-84.2025.5.12.0062,UNIDADE_NAO_CLASSIFICADA,Unidade nao classificada: 'NÚCLEO DE JUSTIÇA 4.0 DE COOPERAÇÃO JUDICIÁRIA',processos_29-07-2026.CSV,846
0002154-04.2024.5.12.0062,UNIDADE_NAO_CLASSIFICADA,Unidade nao classificada: 'NÚCLEO DE JUSTIÇA 4.0 DE COOPERAÇÃO JUDICIÁRIA',processos_29-07-2026.CSV,849
0002809-83.2025.5.12.0015,UNIDADE_NAO_CLASSIFICADA,Unidade nao classificada: 'NÚCLEO DE JUSTIÇA 4.0 DE COOPERAÇÃO JUDICIÁRIA',processos_29-07-2026.CSV,851
0001959-03.2025.5.12.0056,UNIDADE_NAO_CLASSIFICADA,Unidade nao classificada: 'NÚCLEO DE JUSTIÇA 4.0 DE COOPERAÇÃO JUDICIÁRIA',processos_29-07-2026.CSV,853
0000125-24.2026.5.12.0025,UNIDADE_NAO_CLASSIFICADA,Unidade nao classificada: 'NÚCLEO DE JUSTIÇA 4.0 DE COOPERAÇÃO JUDICIÁRIA',processos_29-07-2026.CSV,855
0001939-12.2025.5.12.0056,UNIDADE_NAO_CLASSIFICADA,Unidade nao classificada: 'NÚCLEO DE JUSTIÇA 4.0 DE COOPERAÇÃO JUDICIÁRIA',processos_29-07-2026.CSV,859
0000002-60.2025.5.12.0025,UNIDADE_NAO_CLASSIFICADA,Unidade nao classificada: 'NÚCLEO DE JUSTIÇA 4.0 DE COOPERAÇÃO JUDICIÁRIA',processos_29-07-2026.CSV,860
0002233-98.2024.5.12.0056,UNIDADE_NAO_CLASSIFICADA,Unidade nao classificada: 'NÚCLEO DE JUSTIÇA 4.0 DE COOPERAÇÃO JUDICIÁRIA',processos_29-07-2026.CSV,864
0001889-83.2025.5.12.0056,UNIDADE_NAO_CLASSIFICADA,Unidade nao classificada: 'NÚCLEO DE JUSTIÇA 4.0 DE COOPERAÇÃO JUDICIÁRIA',processos_29-07-2026.CSV,868
0000226-61.2026.5.12.0025,UNIDADE_NAO_CLASSIFICADA,Unidade nao classificada: 'NÚCLEO DE JUSTIÇA 4.0 DE COOPERAÇÃO JUDICIÁRIA',processos_29-07-2026.CSV,870
0002029-20.2025.5.12.0056,UNIDADE_NAO_CLASSIFICADA,Unidade nao classificada: 'NÚCLEO DE JUSTIÇA 4.0 DE COOPERAÇÃO JUDICIÁRIA',processos_29-07-2026.CSV,873
0001954-78.2025.5.12.0056,UNIDADE_NAO_CLASSIFICADA,Unidade nao classificada: 'NÚCLEO DE JUSTIÇA 4.0 DE COOPERAÇÃO JUDICIÁRIA',processos_29-07-2026.CSV,878
0002455-62.2024.5.12.0025,UNIDADE_NAO_CLASSIFICADA,Unidade nao classificada: 'NÚCLEO DE JUSTIÇA 4.0 DE COOPERAÇÃO JUDICIÁRIA',processos_29-07-2026.CSV,882
0002696-06.2025.5.12.0056,UNIDADE_NAO_CLASSIFICADA,Unidade nao classificada: 'NÚCLEO DE JUSTIÇA 4.0 DE COOPERAÇÃO JUDICIÁRIA',processos_29-07-2026.CSV,883
0002032-68.2025.5.12.0025,UNIDADE_NAO_CLASSIFICADA,Unidade nao classificada: 'NÚCLEO DE JUSTIÇA 4.0 DE COOPERAÇÃO JUDICIÁRIA',processos_29-07-2026.CSV,888
0002054-33.2025.5.12.0056,UNIDADE_NAO_CLASSIFICADA,Unidade nao classificada: 'NÚCLEO DE JUSTIÇA 4.0 DE COOPERAÇÃO JUDICIÁRIA',processos_29-07-2026.CSV,895
0002791-32.2025.5.12.0025,UNIDADE_NAO_CLASSIFICADA,Unidade nao classificada: 'NÚCLEO DE JUSTIÇA 4.0 DE COOPERAÇÃO JUDICIÁRIA',processos_29-07-2026.CSV,898
0000684-82.2026.5.12.0056,UNIDADE_NAO_CLASSIFICADA,Unidade nao classificada: 'NÚCLEO DE JUSTIÇA 4.0 DE COOPERAÇÃO JUDICIÁRIA',processos_29-07-2026.CSV,901
0001786-72.2025.5.12.0025,UNIDADE_NAO_CLASSIFICADA,Unidade nao classificada: 'NÚCLEO DE JUSTIÇA 4.0 DE COOPERAÇÃO JUDICIÁRIA',processos_29-07-2026.CSV,904
0000077-51.2026.5.12.0062,UNIDADE_NAO_CLASSIFICADA,Unidade nao classificada: 'NÚCLEO DE JUSTIÇA 4.0 DE COOPERAÇÃO JUDICIÁRIA',processos_29-07-2026.CSV,909
0001424-90.2024.5.12.0062,UNIDADE_NAO_CLASSIFICADA,Unidade nao classificada: 'NÚCLEO DE JUSTIÇA 4.0 DE COOPERAÇÃO JUDICIÁRIA',processos_29-07-2026.CSV,913
0002064-59.2025.5.12.0062,UNIDADE_NAO_CLASSIFICADA,Unidade nao classificada: 'NÚCLEO DE JUSTIÇA 4.0 DE COOPERAÇÃO JUDICIÁRIA',processos_29-07-2026.CSV,915
0000783-68.2025.5.12.0062,UNIDADE_NAO_CLASSIFICADA,Unidade nao classificada: 'NÚCLEO DE JUSTIÇA 4.0 DE COOPERAÇÃO JUDICIÁRIA',processos_29-07-2026.CSV,918
0001834-31.2025.5.12.0025,UNIDADE_NAO_CLASSIFICADA,Unidade nao classificada: 'NÚCLEO DE JUSTIÇA 4.0 DE COOPERAÇÃO JUDICIÁRIA',processos_29-07-2026.CSV,924
0001881-09.2025.5.12.0056,UNIDADE_NAO_CLASSIFICADA,Unidade nao classificada: 'NÚCLEO DE JUSTIÇA 4.0 DE COOPERAÇÃO JUDICIÁRIA',processos_29-07-2026.CSV,932
0002243-07.2025.5.12.0025,UNIDADE_NAO_CLASSIFICADA,Unidade nao classificada: 'NÚCLEO DE JUSTIÇA 4.0 DE COOPERAÇÃO JUDICIÁRIA',processos_29-07-2026.CSV,934
0002899-91.2025.5.12.0015,UNIDADE_NAO_CLASSIFICADA,Unidade nao classificada: 'NÚCLEO DE JUSTIÇA 4.0 DE COOPERAÇÃO JUDICIÁRIA',processos_29-07-2026.CSV,937
0002723-86.2025.5.12.0056,UNIDADE_NAO_CLASSIFICADA,Unidade nao classificada: 'NÚCLEO DE JUSTIÇA 4.0 DE COOPERAÇÃO JUDICIÁRIA',processos_29-07-2026.CSV,942
0003092-62.2025.5.12.0062,UNIDADE_NAO_CLASSIFICADA,Unidade nao classificada: 'NÚCLEO DE JUSTIÇA 4.0 DE COOPERAÇÃO JUDICIÁRIA',processos_29-07-2026.CSV,946
0001982-28.2025.5.12.0062,UNIDADE_NAO_CLASSIFICADA,Unidade nao classificada: 'NÚCLEO DE JUSTIÇA 4.0 DE COOPERAÇÃO JUDICIÁRIA',processos_29-07-2026.CSV,949
0002020-40.2025.5.12.0062,UNIDADE_NAO_CLASSIFICADA,Unidade nao classificada: 'NÚCLEO DE JUSTIÇA 4.0 DE COOPERAÇÃO JUDICIÁRIA',processos_29-07-2026.CSV,951
0002554-95.2025.5.12.0025,UNIDADE_NAO_CLASSIFICADA,Unidade nao classificada: 'NÚCLEO DE JUSTIÇA 4.0 DE COOPERAÇÃO JUDICIÁRIA',processos_29-07-2026.CSV,955
0001911-44.2025.5.12.0056,UNIDADE_NAO_CLASSIFICADA,Unidade nao classificada: 'NÚCLEO DE JUSTIÇA 4.0 DE COOPERAÇÃO JUDICIÁRIA',processos_29-07-2026.CSV,958
0002288-15.2025.5.12.0056,UNIDADE_NAO_CLASSIFICADA,Unidade nao classificada: 'NÚCLEO DE JUSTIÇA 4.0 DE COOPERAÇÃO JUDICIÁRIA',processos_29-07-2026.CSV,960
0000931-93.2025.5.12.0025,UNIDADE_NAO_CLASSIFICADA,Unidade nao classificada: 'NÚCLEO DE JUSTIÇA 4.0 DE COOPERAÇÃO JUDICIÁRIA',processos_29-07-2026.CSV,962
0000187-68.2026.5.12.0056,UNIDADE_NAO_CLASSIFICADA,Unidade nao classificada: 'NÚCLEO DE JUSTIÇA 4.0 DE COOPERAÇÃO JUDICIÁRIA',processos_29-07-2026.CSV,967
0002582-63.2025.5.12.0025,UNIDADE_NAO_CLASSIFICADA,Unidade nao classificada: 'NÚCLEO DE JUSTIÇA 4.0 DE COOPERAÇÃO JUDICIÁRIA',processos_29-07-2026.CSV,969
0001520-71.2025.5.12.0062,UNIDADE_NAO_CLASSIFICADA,Unidade nao classificada: 'NÚCLEO DE JUSTIÇA 4.0 DE COOPERAÇÃO JUDICIÁRIA',processos_29-07-2026.CSV,973
0002217-92.2025.5.12.0062,UNIDADE_NAO_CLASSIFICADA,Unidade nao classificada: 'NÚCLEO DE JUSTIÇA 4.0 DE COOPERAÇÃO JUDICIÁRIA',processos_29-07-2026.CSV,978
0002075-09.2025.5.12.0056,UNIDADE_NAO_CLASSIFICADA,Unidade nao classificada: 'NÚCLEO DE JUSTIÇA 4.0 DE COOPERAÇÃO JUDICIÁRIA',processos_29-07-2026.CSV,981
0002679-63.2025.5.12.0025,UNIDADE_NAO_CLASSIFICADA,Unidade nao classificada: 'NÚCLEO DE JUSTIÇA 4.0 DE COOPERAÇÃO JUDICIÁRIA',processos_29-07-2026.CSV,984
0000571-95.2024.5.12.0025,UNIDADE_NAO_CLASSIFICADA,Unidade nao classificada: 'NÚCLEO DE JUSTIÇA 4.0 DE COOPERAÇÃO JUDICIÁRIA',processos_29-07-2026.CSV,986
0001949-56.2025.5.12.0056,UNIDADE_NAO_CLASSIFICADA,Unidade nao classificada: 'NÚCLEO DE JUSTIÇA 4.0 DE COOPERAÇÃO JUDICIÁRIA',processos_29-07-2026.CSV,992
0000065-51.2026.5.12.0025,UNIDADE_NAO_CLASSIFICADA,Unidade nao classificada: 'NÚCLEO DE JUSTIÇA 4.0 DE COOPERAÇÃO JUDICIÁRIA',processos_29-07-2026.CSV,995
0001036-70.2025.5.12.0025,UNIDADE_NAO_CLASSIFICADA,Unidade nao classificada: 'NÚCLEO DE JUSTIÇA 4.0 DE COOPERAÇÃO JUDICIÁRIA',processos_29-07-2026.CSV,998
0001977-24.2025.5.12.0056,UNIDADE_NAO_CLASSIFICADA,Unidade nao classificada: 'NÚCLEO DE JUSTIÇA 4.0 DE COOPERAÇÃO JUDICIÁRIA',processos_29-07-2026.CSV,1000
0000188-49.2026.5.12.0025,UNIDADE_NAO_CLASSIFICADA,Unidade nao classificada: 'NÚCLEO DE JUSTIÇA 4.0 DE COOPERAÇÃO JUDICIÁRIA',processos_29-07-2026.CSV,1003
0000643-18.2026.5.12.0056,UNIDADE_NAO_CLASSIFICADA,Unidade nao classificada: 'NÚCLEO DE JUSTIÇA 4.0 DE COOPERAÇÃO JUDICIÁRIA',processos_29-07-2026.CSV,1004
0000075-95.2026.5.12.0025,UNIDADE_NAO_CLASSIFICADA,Unidade nao classificada: 'NÚCLEO DE JUSTIÇA 4.0 DE COOPERAÇÃO JUDICIÁRIA',processos_29-07-2026.CSV,1007
0002562-72.2025.5.12.0025,UNIDADE_NAO_CLASSIFICADA,Unidade nao classificada: 'NÚCLEO DE JUSTIÇA 4.0 DE COOPERAÇÃO JUDICIÁRIA',processos_29-07-2026.CSV,1010
0000691-41.2024.5.12.0025,UNIDADE_NAO_CLASSIFICADA,Unidade nao classificada: 'NÚCLEO DE JUSTIÇA 4.0 DE COOPERAÇÃO JUDICIÁRIA',processos_29-07-2026.CSV,1016
0002902-20.2025.5.12.0056,UNIDADE_NAO_CLASSIFICADA,Unidade nao classificada: 'NÚCLEO DE JUSTIÇA 4.0 DE COOPERAÇÃO JUDICIÁRIA',processos_29-07-2026.CSV,1018
0002261-28.2025.5.12.0025,UNIDADE_NAO_CLASSIFICADA,Unidade nao classificada: 'NÚCLEO DE JUSTIÇA 4.0 DE COOPERAÇÃO JUDICIÁRIA',processos_29-07-2026.CSV,1021
0002577-41.2025.5.12.0025,UNIDADE_NAO_CLASSIFICADA,Unidade nao classificada: 'NÚCLEO DE JUSTIÇA 4.0 DE COOPERAÇÃO JUDICIÁRIA',processos_29-07-2026.CSV,1023
0002417-16.2025.5.12.0025,UNIDADE_NAO_CLASSIFICADA,Unidade nao classificada: 'NÚCLEO DE JUSTIÇA 4.0 DE COOPERAÇÃO JUDICIÁRIA',processos_29-07-2026.CSV,1027
0002463-68.2025.5.12.0004,UNIDADE_NAO_CLASSIFICADA,Unidade nao classificada: 'NÚCLEO DE JUSTIÇA 4.0 DE COOPERAÇÃO JUDICIÁRIA',processos_29-07-2026.CSV,1029
0000491-63.2026.5.12.0025,UNIDADE_NAO_CLASSIFICADA,Unidade nao classificada: 'NÚCLEO DE JUSTIÇA 4.0 DE COOPERAÇÃO JUDICIÁRIA',processos_29-07-2026.CSV,1032
0002719-45.2025.5.12.0025,UNIDADE_NAO_CLASSIFICADA,Unidade nao classificada: 'NÚCLEO DE JUSTIÇA 4.0 DE COOPERAÇÃO JUDICIÁRIA',processos_29-07-2026.CSV,1033
0002746-32.2025.5.12.0056,UNIDADE_NAO_CLASSIFICADA,Unidade nao classificada: 'NÚCLEO DE JUSTIÇA 4.0 DE COOPERAÇÃO JUDICIÁRIA',processos_29-07-2026.CSV,1035
0002339-22.2025.5.12.0025,UNIDADE_NAO_CLASSIFICADA,Unidade nao classificada: 'NÚCLEO DE JUSTIÇA 4.0 DE COOPERAÇÃO JUDICIÁRIA',processos_29-07-2026.CSV,1038
0000261-84.2026.5.12.0004,UNIDADE_NAO_CLASSIFICADA,Unidade nao classificada: 'NÚCLEO DE JUSTIÇA 4.0 DE COOPERAÇÃO JUDICIÁRIA',processos_29-07-2026.CSV,1039
0001202-88.2025.5.12.0062,UNIDADE_NAO_CLASSIFICADA,Unidade nao classificada: 'NÚCLEO DE JUSTIÇA 4.0 DE COOPERAÇÃO JUDICIÁRIA',processos_29-07-2026.CSV,1042
0003203-46.2025.5.12.0062,UNIDADE_NAO_CLASSIFICADA,Unidade nao classificada: 'NÚCLEO DE JUSTIÇA 4.0 DE COOPERAÇÃO JUDICIÁRIA',processos_29-07-2026.CSV,1043
0000290-71.2026.5.12.0025,UNIDADE_NAO_CLASSIFICADA,Unidade nao classificada: 'NÚCLEO DE JUSTIÇA 4.0 DE COOPERAÇÃO JUDICIÁRIA',processos_29-07-2026.CSV,1046
0002084-50.2025.5.12.0062,UNIDADE_NAO_CLASSIFICADA,Unidade nao classificada: 'NÚCLEO DE JUSTIÇA 4.0 DE COOPERAÇÃO JUDICIÁRIA',processos_29-07-2026.CSV,1048
0000120-85.2026.5.12.0062,UNIDADE_NAO_CLASSIFICADA,Unidade nao classificada: 'NÚCLEO DE JUSTIÇA 4.0 DE COOPERAÇÃO JUDICIÁRIA',processos_29-07-2026.CSV,1050
0000993-70.2024.5.12.0025,UNIDADE_NAO_CLASSIFICADA,Unidade nao classificada: 'NÚCLEO DE JUSTIÇA 4.0 DE COOPERAÇÃO JUDICIÁRIA',processos_29-07-2026.CSV,1052
0000347-55.2026.5.12.0004,UNIDADE_NAO_CLASSIFICADA,Unidade nao classificada: 'NÚCLEO DE JUSTIÇA 4.0 DE COOPERAÇÃO JUDICIÁRIA',processos_29-07-2026.CSV,1053
0001704-27.2025.5.12.0062,UNIDADE_NAO_CLASSIFICADA,Unidade nao classificada: 'NÚCLEO DE JUSTIÇA 4.0 DE COOPERAÇÃO JUDICIÁRIA',processos_29-07-2026.CSV,1055
0001973-66.2025.5.12.0062,UNIDADE_NAO_CLASSIFICADA,Unidade nao classificada: 'NÚCLEO DE JUSTIÇA 4.0 DE COOPERAÇÃO JUDICIÁRIA',processos_29-07-2026.CSV,1058
0000315-50.2026.5.12.0004,UNIDADE_NAO_CLASSIFICADA,Unidade nao classificada: 'NÚCLEO DE JUSTIÇA 4.0 DE COOPERAÇÃO JUDICIÁRIA',processos_29-07-2026.CSV,1060
0000006-63.2026.5.12.0025,UNIDADE_NAO_CLASSIFICADA,Unidade nao classificada: 'NÚCLEO DE JUSTIÇA 4.0 DE COOPERAÇÃO JUDICIÁRIA',processos_29-07-2026.CSV,1062
0000131-31.2026.5.12.0025,UNIDADE_NAO_CLASSIFICADA,Unidade nao classificada: 'NÚCLEO DE JUSTIÇA 4.0 DE COOPERAÇÃO JUDICIÁRIA',processos_29-07-2026.CSV,1063
0001315-56.2025.5.12.0025,UNIDADE_NAO_CLASSIFICADA,Unidade nao classificada: 'NÚCLEO DE JUSTIÇA 4.0 DE COOPERAÇÃO JUDICIÁRIA',processos_29-07-2026.CSV,1066
0000719-72.2025.5.12.0025,UNIDADE_NAO_CLASSIFICADA,Unidade nao classificada: 'NÚCLEO DE JUSTIÇA 4.0 DE COOPERAÇÃO JUDICIÁRIA',processos_29-07-2026.CSV,1070
0001957-63.2024.5.12.0025,UNIDADE_NAO_CLASSIFICADA,Unidade nao classificada: 'NÚCLEO DE JUSTIÇA 4.0 DE COOPERAÇÃO JUDICIÁRIA',processos_29-07-2026.CSV,1071
0000053-37.2026.5.12.0025,UNIDADE_NAO_CLASSIFICADA,Unidade nao classificada: 'NÚCLEO DE JUSTIÇA 4.0 DE COOPERAÇÃO JUDICIÁRIA',processos_29-07-2026.CSV,1076
0002113-17.2025.5.12.0025,UNIDADE_NAO_CLASSIFICADA,Unidade nao classificada: 'NÚCLEO DE JUSTIÇA 4.0 DE COOPERAÇÃO JUDICIÁRIA',processos_29-07-2026.CSV,1079
0000681-26.2026.5.12.0025,UNIDADE_NAO_CLASSIFICADA,Unidade nao classificada: 'NÚCLEO DE JUSTIÇA 4.0 DE COOPERAÇÃO JUDICIÁRIA',processos_29-07-2026.CSV,1081
0002016-21.2025.5.12.0056,UNIDADE_NAO_CLASSIFICADA,Unidade nao classificada: 'NÚCLEO DE JUSTIÇA 4.0 DE COOPERAÇÃO JUDICIÁRIA',processos_29-07-2026.CSV,1086
0000960-46.2025.5.12.0025,UNIDADE_NAO_CLASSIFICADA,Unidade nao classificada: 'NÚCLEO DE JUSTIÇA 4.0 DE COOPERAÇÃO JUDICIÁRIA',processos_29-07-2026.CSV,1089
0000585-11.2026.5.12.0025,UNIDADE_NAO_CLASSIFICADA,Unidade nao classificada: 'NÚCLEO DE JUSTIÇA 4.0 DE COOPERAÇÃO JUDICIÁRIA',processos_29-07-2026.CSV,1091
0000876-11.2026.5.12.0025,UNIDADE_NAO_CLASSIFICADA,Unidade nao classificada: 'NÚCLEO DE JUSTIÇA 4.0 DE COOPERAÇÃO JUDICIÁRIA',processos_29-07-2026.CSV,1097
0000915-08.2026.5.12.0025,UNIDADE_NAO_CLASSIFICADA,Unidade nao classificada: 'NÚCLEO DE JUSTIÇA 4.0 DE COOPERAÇÃO JUDICIÁRIA',processos_29-07-2026.CSV,1102
0000186-79.2026.5.12.0025,UNIDADE_NAO_CLASSIFICADA,Unidade nao classificada: 'NÚCLEO DE JUSTIÇA 4.0 DE COOPERAÇÃO JUDICIÁRIA',processos_29-07-2026.CSV,1105
0002236-15.2025.5.12.0025,UNIDADE_NAO_CLASSIFICADA,Unidade nao classificada: 'NÚCLEO DE JUSTIÇA 4.0 DE COOPERAÇÃO JUDICIÁRIA',processos_29-07-2026.CSV,1107
0002024-95.2025.5.12.0056,UNIDADE_NAO_CLASSIFICADA,Unidade nao classificada: 'NÚCLEO DE JUSTIÇA 4.0 DE COOPERAÇÃO JUDICIÁRIA',processos_29-07-2026.CSV,1109
0001176-07.2025.5.12.0025,UNIDADE_NAO_CLASSIFICADA,Unidade nao classificada: 'NÚCLEO DE JUSTIÇA 4.0 DE COOPERAÇÃO JUDICIÁRIA',processos_29-07-2026.CSV,1112
0000482-38.2025.5.12.0025,UNIDADE_NAO_CLASSIFICADA,Unidade nao classificada: 'NÚCLEO DE JUSTIÇA 4.0 DE COOPERAÇÃO JUDICIÁRIA',processos_29-07-2026.CSV,1113
0001292-13.2025.5.12.0025,UNIDADE_NAO_CLASSIFICADA,Unidade nao classificada: 'NÚCLEO DE JUSTIÇA 4.0 DE COOPERAÇÃO JUDICIÁRIA',processos_29-07-2026.CSV,1116
0002062-10.2025.5.12.0056,UNIDADE_NAO_CLASSIFICADA,Unidade nao classificada: 'NÚCLEO DE JUSTIÇA 4.0 DE COOPERAÇÃO JUDICIÁRIA',processos_29-07-2026.CSV,1118
0000173-80.2026.5.12.0025,UNIDADE_NAO_CLASSIFICADA,Unidade nao classificada: 'NÚCLEO DE JUSTIÇA 4.0 DE COOPERAÇÃO JUDICIÁRIA',processos_29-07-2026.CSV,1121
0001278-29.2025.5.12.0025,UNIDADE_NAO_CLASSIFICADA,Unidade nao classificada: 'NÚCLEO DE JUSTIÇA 4.0 DE COOPERAÇÃO JUDICIÁRIA',processos_29-07-2026.CSV,1123
0001924-39.2025.5.12.0025,UNIDADE_NAO_CLASSIFICADA,Unidade nao classificada: 'NÚCLEO DE JUSTIÇA 4.0 DE COOPERAÇÃO JUDICIÁRIA',processos_29-07-2026.CSV,1124
0000202-33.2026.5.12.0025,UNIDADE_NAO_CLASSIFICADA,Unidade nao classificada: 'NÚCLEO DE JUSTIÇA 4.0 DE COOPERAÇÃO JUDICIÁRIA',processos_29-07-2026.CSV,1140
0002489-03.2025.5.12.0025,UNIDADE_NAO_CLASSIFICADA,Unidade nao classificada: 'NÚCLEO DE JUSTIÇA 4.0 DE COOPERAÇÃO JUDICIÁRIA',processos_29-07-2026.CSV,1143
0000846-10.2025.5.12.0025,UNIDADE_NAO_CLASSIFICADA,Unidade nao classificada: 'NÚCLEO DE JUSTIÇA 4.0 DE COOPERAÇÃO JUDICIÁRIA',processos_29-07-2026.CSV,1147
0001949-86.2024.5.12.0025,UNIDADE_NAO_CLASSIFICADA,Unidade nao classificada: 'NÚCLEO DE JUSTIÇA 4.0 DE COOPERAÇÃO JUDICIÁRIA',processos_29-07-2026.CSV,1149
0000531-45.2026.5.12.0025,UNIDADE_NAO_CLASSIFICADA,Unidade nao classificada: 'NÚCLEO DE JUSTIÇA 4.0 DE COOPERAÇÃO JUDICIÁRIA',processos_29-07-2026.CSV,1154
0000390-26.2026.5.12.0025,UNIDADE_NAO_CLASSIFICADA,Unidade nao classificada: 'NÚCLEO DE JUSTIÇA 4.0 DE COOPERAÇÃO JUDICIÁRIA',processos_29-07-2026.CSV,1156
0002030-05.2025.5.12.0056,UNIDADE_NAO_CLASSIFICADA,Unidade nao classificada: 'NÚCLEO DE JUSTIÇA 4.0 DE COOPERAÇÃO JUDICIÁRIA',processos_29-07-2026.CSV,1167
0001250-61.2025.5.12.0025,UNIDADE_NAO_CLASSIFICADA,Unidade nao classificada: 'NÚCLEO DE JUSTIÇA 4.0 DE COOPERAÇÃO JUDICIÁRIA',processos_29-07-2026.CSV,1173
0001626-47.2025.5.12.0025,UNIDADE_NAO_CLASSIFICADA,Unidade nao classificada: 'NÚCLEO DE JUSTIÇA 4.0 DE COOPERAÇÃO JUDICIÁRIA',processos_29-07-2026.CSV,1176
0002665-79.2025.5.12.0025,UNIDADE_NAO_CLASSIFICADA,Unidade nao classificada: 'NÚCLEO DE JUSTIÇA 4.0 DE COOPERAÇÃO JUDICIÁRIA',processos_29-07-2026.CSV,1177
0002434-56.2025.5.12.0056,UNIDADE_NAO_CLASSIFICADA,Unidade nao classificada: 'NÚCLEO DE JUSTIÇA 4.0 DE COOPERAÇÃO JUDICIÁRIA',processos_29-07-2026.CSV,1179
0002301-10.2025.5.12.0025,UNIDADE_NAO_CLASSIFICADA,Unidade nao classificada: 'NÚCLEO DE JUSTIÇA 4.0 DE COOPERAÇÃO JUDICIÁRIA',processos_29-07-2026.CSV,1188
0002026-65.2025.5.12.0056,UNIDADE_NAO_CLASSIFICADA,Unidade nao classificada: 'NÚCLEO DE JUSTIÇA 4.0 DE COOPERAÇÃO JUDICIÁRIA',processos_29-07-2026.CSV,1189
0001913-73.2025.5.12.0004,UNIDADE_NAO_CLASSIFICADA,Unidade nao classificada: 'NÚCLEO DE JUSTIÇA 4.0 DE COOPERAÇÃO JUDICIÁRIA',processos_29-07-2026.CSV,1200
0002564-08.2025.5.12.0004,UNIDADE_NAO_CLASSIFICADA,Unidade nao classificada: 'NÚCLEO DE JUSTIÇA 4.0 DE COOPERAÇÃO JUDICIÁRIA',processos_29-07-2026.CSV,1202
0000481-82.2026.5.12.0004,UNIDADE_NAO_CLASSIFICADA,Unidade nao classificada: 'NÚCLEO DE JUSTIÇA 4.0 DE COOPERAÇÃO JUDICIÁRIA',processos_29-07-2026.CSV,1203
0000067-84.2026.5.12.0004,UNIDADE_NAO_CLASSIFICADA,Unidade nao classificada: 'NÚCLEO DE JUSTIÇA 4.0 DE COOPERAÇÃO JUDICIÁRIA',processos_29-07-2026.CSV,1206
0000930-40.2026.5.12.0004,UNIDADE_NAO_CLASSIFICADA,Unidade nao classificada: 'NÚCLEO DE JUSTIÇA 4.0 DE COOPERAÇÃO JUDICIÁRIA',processos_29-07-2026.CSV,1208
0000274-83.2026.5.12.0004,UNIDADE_NAO_CLASSIFICADA,Unidade nao classificada: 'NÚCLEO DE JUSTIÇA 4.0 DE COOPERAÇÃO JUDICIÁRIA',processos_29-07-2026.CSV,1211
0002228-04.2025.5.12.0004,UNIDADE_NAO_CLASSIFICADA,Unidade nao classificada: 'NÚCLEO DE JUSTIÇA 4.0 DE COOPERAÇÃO JUDICIÁRIA',processos_29-07-2026.CSV,1212
0001558-97.2024.5.12.0004,UNIDADE_NAO_CLASSIFICADA,Unidade nao classificada: 'NÚCLEO DE JUSTIÇA 4.0 DE COOPERAÇÃO JUDICIÁRIA',processos_29-07-2026.CSV,1215
0002273-08.2025.5.12.0004,UNIDADE_NAO_CLASSIFICADA,Unidade nao classificada: 'NÚCLEO DE JUSTIÇA 4.0 DE COOPERAÇÃO JUDICIÁRIA',processos_29-07-2026.CSV,1218
0001946-63.2025.5.12.0004,UNIDADE_NAO_CLASSIFICADA,Unidade nao classificada: 'NÚCLEO DE JUSTIÇA 4.0 DE COOPERAÇÃO JUDICIÁRIA',processos_29-07-2026.CSV,1219
0002292-14.2025.5.12.0004,UNIDADE_NAO_CLASSIFICADA,Unidade nao classificada: 'NÚCLEO DE JUSTIÇA 4.0 DE COOPERAÇÃO JUDICIÁRIA',processos_29-07-2026.CSV,1222
0000396-96.2026.5.12.0004,UNIDADE_NAO_CLASSIFICADA,Unidade nao classificada: 'NÚCLEO DE JUSTIÇA 4.0 DE COOPERAÇÃO JUDICIÁRIA',processos_29-07-2026.CSV,1224
0002277-04.2025.5.12.0050,UNIDADE_NAO_CLASSIFICADA,Unidade nao classificada: 'NÚCLEO DE JUSTIÇA 4.0 DE COOPERAÇÃO JUDICIÁRIA',processos_29-07-2026.CSV,1226
0000519-94.2026.5.12.0004,UNIDADE_NAO_CLASSIFICADA,Unidade nao classificada: 'NÚCLEO DE JUSTIÇA 4.0 DE COOPERAÇÃO JUDICIÁRIA',processos_29-07-2026.CSV,1228
0000162-17.2026.5.12.0004,UNIDADE_NAO_CLASSIFICADA,Unidade nao classificada: 'NÚCLEO DE JUSTIÇA 4.0 DE COOPERAÇÃO JUDICIÁRIA',processos_29-07-2026.CSV,1230
0000463-61.2026.5.12.0004,UNIDADE_NAO_CLASSIFICADA,Unidade nao classificada: 'NÚCLEO DE JUSTIÇA 4.0 DE COOPERAÇÃO JUDICIÁRIA',processos_29-07-2026.CSV,1232
0000430-71.2026.5.12.0004,UNIDADE_NAO_CLASSIFICADA,Unidade nao classificada: 'NÚCLEO DE JUSTIÇA 4.0 DE COOPERAÇÃO JUDICIÁRIA',processos_29-07-2026.CSV,1235
0002192-59.2025.5.12.0004,UNIDADE_NAO_CLASSIFICADA,Unidade nao classificada: 'NÚCLEO DE JUSTIÇA 4.0 DE COOPERAÇÃO JUDICIÁRIA',processos_29-07-2026.CSV,1236
0000233-19.2026.5.12.0004,UNIDADE_NAO_CLASSIFICADA,Unidade nao classificada: 'NÚCLEO DE JUSTIÇA 4.0 DE COOPERAÇÃO JUDICIÁRIA',processos_29-07-2026.CSV,1238
0002185-67.2025.5.12.0004,UNIDADE_NAO_CLASSIFICADA,Unidade nao classificada: 'NÚCLEO DE JUSTIÇA 4.0 DE COOPERAÇÃO JUDICIÁRIA',processos_29-07-2026.CSV,1240
0000304-21.2026.5.12.0004,UNIDADE_NAO_CLASSIFICADA,Unidade nao classificada: 'NÚCLEO DE JUSTIÇA 4.0 DE COOPERAÇÃO JUDICIÁRIA',processos_29-07-2026.CSV,1242
0000337-11.2026.5.12.0004,UNIDADE_NAO_CLASSIFICADA,Unidade nao classificada: 'NÚCLEO DE JUSTIÇA 4.0 DE COOPERAÇÃO JUDICIÁRIA',processos_29-07-2026.CSV,1245
0000888-88.2026.5.12.0004,UNIDADE_NAO_CLASSIFICADA,Unidade nao classificada: 'NÚCLEO DE JUSTIÇA 4.0 DE COOPERAÇÃO JUDICIÁRIA',processos_29-07-2026.CSV,1246
0000321-57.2026.5.12.0004,UNIDADE_NAO_CLASSIFICADA,Unidade nao classificada: 'NÚCLEO DE JUSTIÇA 4.0 DE COOPERAÇÃO JUDICIÁRIA',processos_29-07-2026.CSV,1249
0001931-94.2025.5.12.0004,UNIDADE_NAO_CLASSIFICADA,Unidade nao classificada: 'NÚCLEO DE JUSTIÇA 4.0 DE COOPERAÇÃO JUDICIÁRIA',processos_29-07-2026.CSV,1250
0002373-60.2025.5.12.0004,UNIDADE_NAO_CLASSIFICADA,Unidade nao classificada: 'NÚCLEO DE JUSTIÇA 4.0 DE COOPERAÇÃO JUDICIÁRIA',processos_29-07-2026.CSV,1252
0000121-50.2026.5.12.0004,UNIDADE_NAO_CLASSIFICADA,Unidade nao classificada: 'NÚCLEO DE JUSTIÇA 4.0 DE COOPERAÇÃO JUDICIÁRIA',processos_29-07-2026.CSV,1255
0001825-35.2025.5.12.0004,UNIDADE_NAO_CLASSIFICADA,Unidade nao classificada: 'NÚCLEO DE JUSTIÇA 4.0 DE COOPERAÇÃO JUDICIÁRIA',processos_29-07-2026.CSV,1256
0000199-44.2026.5.12.0004,UNIDADE_NAO_CLASSIFICADA,Unidade nao classificada: 'NÚCLEO DE JUSTIÇA 4.0 DE COOPERAÇÃO JUDICIÁRIA',processos_29-07-2026.CSV,1259
0002279-15.2025.5.12.0004,UNIDADE_NAO_CLASSIFICADA,Unidade nao classificada: 'NÚCLEO DE JUSTIÇA 4.0 DE COOPERAÇÃO JUDICIÁRIA',processos_29-07-2026.CSV,1262
0001573-32.2025.5.12.0004,UNIDADE_NAO_CLASSIFICADA,Unidade nao classificada: 'NÚCLEO DE JUSTIÇA 4.0 DE COOPERAÇÃO JUDICIÁRIA',processos_29-07-2026.CSV,1264
0002592-40.2025.5.12.0015,UNIDADE_NAO_CLASSIFICADA,Unidade nao classificada: 'NÚCLEO DE JUSTIÇA 4.0 DE COOPERAÇÃO JUDICIÁRIA',processos_29-07-2026.CSV,1277
0003045-35.2025.5.12.0015,UNIDADE_NAO_CLASSIFICADA,Unidade nao classificada: 'NÚCLEO DE JUSTIÇA 4.0 DE COOPERAÇÃO JUDICIÁRIA',processos_29-07-2026.CSV,1280
0002045-71.2025.5.12.0056,UNIDADE_NAO_CLASSIFICADA,Unidade nao classificada: 'NÚCLEO DE JUSTIÇA 4.0 DE COOPERAÇÃO JUDICIÁRIA',processos_30-07-2026.CSV,19
0001610-84.2025.5.12.0028,UNIDADE_NAO_CLASSIFICADA,Unidade nao classificada: 'NÚCLEO DE JUSTIÇA 4.0 DE COOPERAÇÃO JUDICIÁRIA',processos_30-07-2026.CSV,31
0002489-91.2025.5.12.0028,UNIDADE_NAO_CLASSIFICADA,Unidade nao classificada: 'NÚCLEO DE JUSTIÇA 4.0 DE COOPERAÇÃO JUDICIÁRIA',processos_30-07-2026.CSV,33
0003099-22.2025.5.12.0008,UNIDADE_NAO_CLASSIFICADA,Unidade nao classificada: 'NÚCLEO DE JUSTIÇA 4.0 DE COOPERAÇÃO JUDICIÁRIA',processos_30-07-2026.CSV,63
0000049-51.2026.5.12.0008,UNIDADE_NAO_CLASSIFICADA,Unidade nao classificada: 'NÚCLEO DE JUSTIÇA 4.0 DE COOPERAÇÃO JUDICIÁRIA',processos_30-07-2026.CSV,65
0001235-46.2025.5.12.0008,UNIDADE_NAO_CLASSIFICADA,Unidade nao classificada: 'NÚCLEO DE JUSTIÇA 4.0 DE COOPERAÇÃO JUDICIÁRIA',processos_30-07-2026.CSV,67
0001789-78.2025.5.12.0008,UNIDADE_NAO_CLASSIFICADA,Unidade nao classificada: 'NÚCLEO DE JUSTIÇA 4.0 DE COOPERAÇÃO JUDICIÁRIA',processos_30-07-2026.CSV,69
0003145-11.2025.5.12.0008,UNIDADE_NAO_CLASSIFICADA,Unidade nao classificada: 'NÚCLEO DE JUSTIÇA 4.0 DE COOPERAÇÃO JUDICIÁRIA',processos_30-07-2026.CSV,71
0001222-47.2025.5.12.0008,UNIDADE_NAO_CLASSIFICADA,Unidade nao classificada: 'NÚCLEO DE JUSTIÇA 4.0 DE COOPERAÇÃO JUDICIÁRIA',processos_30-07-2026.CSV,73
0002283-74.2024.5.12.0008,UNIDADE_NAO_CLASSIFICADA,Unidade nao classificada: 'NÚCLEO DE JUSTIÇA 4.0 DE COOPERAÇÃO JUDICIÁRIA',processos_30-07-2026.CSV,76
0001414-77.2025.5.12.0008,UNIDADE_NAO_CLASSIFICADA,Unidade nao classificada: 'NÚCLEO DE JUSTIÇA 4.0 DE COOPERAÇÃO JUDICIÁRIA',processos_30-07-2026.CSV,78
0000404-95.2025.5.12.0008,UNIDADE_NAO_CLASSIFICADA,Unidade nao classificada: 'NÚCLEO DE JUSTIÇA 4.0 DE COOPERAÇÃO JUDICIÁRIA',processos_30-07-2026.CSV,79
0003238-71.2025.5.12.0008,UNIDADE_NAO_CLASSIFICADA,Unidade nao classificada: 'NÚCLEO DE JUSTIÇA 4.0 DE COOPERAÇÃO JUDICIÁRIA',processos_30-07-2026.CSV,82
0000167-27.2026.5.12.0008,UNIDADE_NAO_CLASSIFICADA,Unidade nao classificada: 'NÚCLEO DE JUSTIÇA 4.0 DE COOPERAÇÃO JUDICIÁRIA',processos_30-07-2026.CSV,84
0000543-13.2026.5.12.0008,UNIDADE_NAO_CLASSIFICADA,Unidade nao classificada: 'NÚCLEO DE JUSTIÇA 4.0 DE COOPERAÇÃO JUDICIÁRIA',processos_30-07-2026.CSV,85
0002546-72.2025.5.12.0008,UNIDADE_NAO_CLASSIFICADA,Unidade nao classificada: 'NÚCLEO DE JUSTIÇA 4.0 DE COOPERAÇÃO JUDICIÁRIA',processos_30-07-2026.CSV,88
0002684-39.2025.5.12.0008,UNIDADE_NAO_CLASSIFICADA,Unidade nao classificada: 'NÚCLEO DE JUSTIÇA 4.0 DE COOPERAÇÃO JUDICIÁRIA',processos_30-07-2026.CSV,90
0001463-21.2025.5.12.0008,UNIDADE_NAO_CLASSIFICADA,Unidade nao classificada: 'NÚCLEO DE JUSTIÇA 4.0 DE COOPERAÇÃO JUDICIÁRIA',processos_30-07-2026.CSV,92
0001888-48.2025.5.12.0008,UNIDADE_NAO_CLASSIFICADA,Unidade nao classificada: 'NÚCLEO DE JUSTIÇA 4.0 DE COOPERAÇÃO JUDICIÁRIA',processos_30-07-2026.CSV,95
0001965-57.2025.5.12.0008,UNIDADE_NAO_CLASSIFICADA,Unidade nao classificada: 'NÚCLEO DE JUSTIÇA 4.0 DE COOPERAÇÃO JUDICIÁRIA',processos_30-07-2026.CSV,98
0002383-92.2025.5.12.0008,UNIDADE_NAO_CLASSIFICADA,Unidade nao classificada: 'NÚCLEO DE JUSTIÇA 4.0 DE COOPERAÇÃO JUDICIÁRIA',processos_30-07-2026.CSV,99
0002292-02.2025.5.12.0008,UNIDADE_NAO_CLASSIFICADA,Unidade nao classificada: 'NÚCLEO DE JUSTIÇA 4.0 DE COOPERAÇÃO JUDICIÁRIA',processos_30-07-2026.CSV,101
0001851-21.2025.5.12.0008,UNIDADE_NAO_CLASSIFICADA,Unidade nao classificada: 'NÚCLEO DE JUSTIÇA 4.0 DE COOPERAÇÃO JUDICIÁRIA',processos_30-07-2026.CSV,103
0000519-82.2026.5.12.0008,UNIDADE_NAO_CLASSIFICADA,Unidade nao classificada: 'NÚCLEO DE JUSTIÇA 4.0 DE COOPERAÇÃO JUDICIÁRIA',processos_30-07-2026.CSV,105
0000282-48.2026.5.12.0008,UNIDADE_NAO_CLASSIFICADA,Unidade nao classificada: 'NÚCLEO DE JUSTIÇA 4.0 DE COOPERAÇÃO JUDICIÁRIA',processos_30-07-2026.CSV,107
0000122-23.2026.5.12.0008,UNIDADE_NAO_CLASSIFICADA,Unidade nao classificada: 'NÚCLEO DE JUSTIÇA 4.0 DE COOPERAÇÃO JUDICIÁRIA',processos_30-07-2026.CSV,109
0002367-41.2025.5.12.0008,UNIDADE_NAO_CLASSIFICADA,Unidade nao classificada: 'NÚCLEO DE JUSTIÇA 4.0 DE COOPERAÇÃO JUDICIÁRIA',processos_30-07-2026.CSV,112
0000173-34.2026.5.12.0008,UNIDADE_NAO_CLASSIFICADA,Unidade nao classificada: 'NÚCLEO DE JUSTIÇA 4.0 DE COOPERAÇÃO JUDICIÁRIA',processos_30-07-2026.CSV,115
0000165-57.2026.5.12.0008,UNIDADE_NAO_CLASSIFICADA,Unidade nao classificada: 'NÚCLEO DE JUSTIÇA 4.0 DE COOPERAÇÃO JUDICIÁRIA',processos_30-07-2026.CSV,118
0002582-17.2025.5.12.0008,UNIDADE_NAO_CLASSIFICADA,Unidade nao classificada: 'NÚCLEO DE JUSTIÇA 4.0 DE COOPERAÇÃO JUDICIÁRIA',processos_30-07-2026.CSV,119
0002843-79.2025.5.12.0008,UNIDADE_NAO_CLASSIFICADA,Unidade nao classificada: 'NÚCLEO DE JUSTIÇA 4.0 DE COOPERAÇÃO JUDICIÁRIA',processos_30-07-2026.CSV,122
0000430-59.2026.5.12.0008,UNIDADE_NAO_CLASSIFICADA,Unidade nao classificada: 'NÚCLEO DE JUSTIÇA 4.0 DE COOPERAÇÃO JUDICIÁRIA',processos_30-07-2026.CSV,123
0000087-63.2026.5.12.0008,UNIDADE_NAO_CLASSIFICADA,Unidade nao classificada: 'NÚCLEO DE JUSTIÇA 4.0 DE COOPERAÇÃO JUDICIÁRIA',processos_30-07-2026.CSV,125
0000918-14.2026.5.12.0008,UNIDADE_NAO_CLASSIFICADA,Unidade nao classificada: 'NÚCLEO DE JUSTIÇA 4.0 DE COOPERAÇÃO JUDICIÁRIA',processos_30-07-2026.CSV,128
0000161-20.2026.5.12.0008,UNIDADE_NAO_CLASSIFICADA,Unidade nao classificada: 'NÚCLEO DE JUSTIÇA 4.0 DE COOPERAÇÃO JUDICIÁRIA',processos_30-07-2026.CSV,133
0000325-82.2026.5.12.0008,UNIDADE_NAO_CLASSIFICADA,Unidade nao classificada: 'NÚCLEO DE JUSTIÇA 4.0 DE COOPERAÇÃO JUDICIÁRIA',processos_30-07-2026.CSV,136
0000146-51.2026.5.12.0008,UNIDADE_NAO_CLASSIFICADA,Unidade nao classificada: 'NÚCLEO DE JUSTIÇA 4.0 DE COOPERAÇÃO JUDICIÁRIA',processos_30-07-2026.CSV,138
0000486-92.2026.5.12.0008,UNIDADE_NAO_CLASSIFICADA,Unidade nao classificada: 'NÚCLEO DE JUSTIÇA 4.0 DE COOPERAÇÃO JUDICIÁRIA',processos_30-07-2026.CSV,141
0000200-17.2026.5.12.0008,UNIDADE_NAO_CLASSIFICADA,Unidade nao classificada: 'NÚCLEO DE JUSTIÇA 4.0 DE COOPERAÇÃO JUDICIÁRIA',processos_30-07-2026.CSV,143
0002369-11.2025.5.12.0008,UNIDADE_NAO_CLASSIFICADA,Unidade nao classificada: 'NÚCLEO DE JUSTIÇA 4.0 DE COOPERAÇÃO JUDICIÁRIA',processos_30-07-2026.CSV,145
0000144-81.2026.5.12.0008,UNIDADE_NAO_CLASSIFICADA,Unidade nao classificada: 'NÚCLEO DE JUSTIÇA 4.0 DE COOPERAÇÃO JUDICIÁRIA',processos_30-07-2026.CSV,147
0000058-13.2026.5.12.0008,UNIDADE_NAO_CLASSIFICADA,Unidade nao classificada: 'NÚCLEO DE JUSTIÇA 4.0 DE COOPERAÇÃO JUDICIÁRIA',processos_30-07-2026.CSV,150
0001992-28.2025.5.12.0012,UNIDADE_NAO_CLASSIFICADA,Unidade nao classificada: 'NÚCLEO DE JUSTIÇA 4.0 DE COOPERAÇÃO JUDICIÁRIA',processos_30-07-2026.CSV,151
0000075-49.2026.5.12.0008,UNIDADE_NAO_CLASSIFICADA,Unidade nao classificada: 'NÚCLEO DE JUSTIÇA 4.0 DE COOPERAÇÃO JUDICIÁRIA',processos_30-07-2026.CSV,154
0000132-04.2025.5.12.0008,UNIDADE_NAO_CLASSIFICADA,Unidade nao classificada: 'NÚCLEO DE JUSTIÇA 4.0 DE COOPERAÇÃO JUDICIÁRIA',processos_30-07-2026.CSV,158
0000133-86.2025.5.12.0008,UNIDADE_NAO_CLASSIFICADA,Unidade nao classificada: 'NÚCLEO DE JUSTIÇA 4.0 DE COOPERAÇÃO JUDICIÁRIA',processos_30-07-2026.CSV,159
0000266-94.2026.5.12.0008,UNIDADE_NAO_CLASSIFICADA,Unidade nao classificada: 'NÚCLEO DE JUSTIÇA 4.0 DE COOPERAÇÃO JUDICIÁRIA',processos_30-07-2026.CSV,162
0000478-52.2025.5.12.0008,UNIDADE_NAO_CLASSIFICADA,Unidade nao classificada: 'NÚCLEO DE JUSTIÇA 4.0 DE COOPERAÇÃO JUDICIÁRIA',processos_30-07-2026.CSV,163
0002361-34.2025.5.12.0008,UNIDADE_NAO_CLASSIFICADA,Unidade nao classificada: 'NÚCLEO DE JUSTIÇA 4.0 DE COOPERAÇÃO JUDICIÁRIA',processos_30-07-2026.CSV,165
0000337-96.2026.5.12.0008,UNIDADE_NAO_CLASSIFICADA,Unidade nao classificada: 'NÚCLEO DE JUSTIÇA 4.0 DE COOPERAÇÃO JUDICIÁRIA',processos_30-07-2026.CSV,167
0000350-95.2026.5.12.0008,UNIDADE_NAO_CLASSIFICADA,Unidade nao classificada: 'NÚCLEO DE JUSTIÇA 4.0 DE COOPERAÇÃO JUDICIÁRIA',processos_30-07-2026.CSV,170
0003068-02.2025.5.12.0008,UNIDADE_NAO_CLASSIFICADA,Unidade nao classificada: 'NÚCLEO DE JUSTIÇA 4.0 DE COOPERAÇÃO JUDICIÁRIA',processos_30-07-2026.CSV,172
0002705-15.2025.5.12.0008,UNIDADE_NAO_CLASSIFICADA,Unidade nao classificada: 'NÚCLEO DE JUSTIÇA 4.0 DE COOPERAÇÃO JUDICIÁRIA',processos_30-07-2026.CSV,175
0002665-33.2025.5.12.0008,UNIDADE_NAO_CLASSIFICADA,Unidade nao classificada: 'NÚCLEO DE JUSTIÇA 4.0 DE COOPERAÇÃO JUDICIÁRIA',processos_30-07-2026.CSV,178
0003088-90.2025.5.12.0008,UNIDADE_NAO_CLASSIFICADA,Unidade nao classificada: 'NÚCLEO DE JUSTIÇA 4.0 DE COOPERAÇÃO JUDICIÁRIA',processos_30-07-2026.CSV,179
0003034-27.2025.5.12.0008,UNIDADE_NAO_CLASSIFICADA,Unidade nao classificada: 'NÚCLEO DE JUSTIÇA 4.0 DE COOPERAÇÃO JUDICIÁRIA',processos_30-07-2026.CSV,182
0002417-67.2025.5.12.0008,UNIDADE_NAO_CLASSIFICADA,Unidade nao classificada: 'NÚCLEO DE JUSTIÇA 4.0 DE COOPERAÇÃO JUDICIÁRIA',processos_30-07-2026.CSV,186
0000411-53.2026.5.12.0008,UNIDADE_NAO_CLASSIFICADA,Unidade nao classificada: 'NÚCLEO DE JUSTIÇA 4.0 DE COOPERAÇÃO JUDICIÁRIA',processos_30-07-2026.CSV,190
0000193-25.2026.5.12.0008,UNIDADE_NAO_CLASSIFICADA,Unidade nao classificada: 'NÚCLEO DE JUSTIÇA 4.0 DE COOPERAÇÃO JUDICIÁRIA',processos_30-07-2026.CSV,191
0002619-44.2025.5.12.0008,UNIDADE_NAO_CLASSIFICADA,Unidade nao classificada: 'NÚCLEO DE JUSTIÇA 4.0 DE COOPERAÇÃO JUDICIÁRIA',processos_30-07-2026.CSV,193
0000303-24.2026.5.12.0008,UNIDADE_NAO_CLASSIFICADA,Unidade nao classificada: 'NÚCLEO DE JUSTIÇA 4.0 DE COOPERAÇÃO JUDICIÁRIA',processos_30-07-2026.CSV,196
0000356-05.2026.5.12.0008,UNIDADE_NAO_CLASSIFICADA,Unidade nao classificada: 'NÚCLEO DE JUSTIÇA 4.0 DE COOPERAÇÃO JUDICIÁRIA',processos_30-07-2026.CSV,197
0002686-09.2025.5.12.0008,UNIDADE_NAO_CLASSIFICADA,Unidade nao classificada: 'NÚCLEO DE JUSTIÇA 4.0 DE COOPERAÇÃO JUDICIÁRIA',processos_30-07-2026.CSV,199
0000142-14.2026.5.12.0008,UNIDADE_NAO_CLASSIFICADA,Unidade nao classificada: 'NÚCLEO DE JUSTIÇA 4.0 DE COOPERAÇÃO JUDICIÁRIA',processos_30-07-2026.CSV,202
0003266-39.2025.5.12.0008,UNIDADE_NAO_CLASSIFICADA,Unidade nao classificada: 'NÚCLEO DE JUSTIÇA 4.0 DE COOPERAÇÃO JUDICIÁRIA',processos_30-07-2026.CSV,204
0002862-85.2025.5.12.0008,UNIDADE_NAO_CLASSIFICADA,Unidade nao classificada: 'NÚCLEO DE JUSTIÇA 4.0 DE COOPERAÇÃO JUDICIÁRIA',processos_30-07-2026.CSV,205
0000041-74.2026.5.12.0008,UNIDADE_NAO_CLASSIFICADA,Unidade nao classificada: 'NÚCLEO DE JUSTIÇA 4.0 DE COOPERAÇÃO JUDICIÁRIA',processos_30-07-2026.CSV,207
0000138-74.2026.5.12.0008,UNIDADE_NAO_CLASSIFICADA,Unidade nao classificada: 'NÚCLEO DE JUSTIÇA 4.0 DE COOPERAÇÃO JUDICIÁRIA',processos_30-07-2026.CSV,209
0002750-19.2025.5.12.0008,UNIDADE_NAO_CLASSIFICADA,Unidade nao classificada: 'NÚCLEO DE JUSTIÇA 4.0 DE COOPERAÇÃO JUDICIÁRIA',processos_30-07-2026.CSV,211
0000053-88.2026.5.12.0008,UNIDADE_NAO_CLASSIFICADA,Unidade nao classificada: 'NÚCLEO DE JUSTIÇA 4.0 DE COOPERAÇÃO JUDICIÁRIA',processos_30-07-2026.CSV,214
0002459-19.2025.5.12.0008,UNIDADE_NAO_CLASSIFICADA,Unidade nao classificada: 'NÚCLEO DE JUSTIÇA 4.0 DE COOPERAÇÃO JUDICIÁRIA',processos_30-07-2026.CSV,216
0000369-04.2026.5.12.0008,UNIDADE_NAO_CLASSIFICADA,Unidade nao classificada: 'NÚCLEO DE JUSTIÇA 4.0 DE COOPERAÇÃO JUDICIÁRIA',processos_30-07-2026.CSV,217
0002651-49.2025.5.12.0008,UNIDADE_NAO_CLASSIFICADA,Unidade nao classificada: 'NÚCLEO DE JUSTIÇA 4.0 DE COOPERAÇÃO JUDICIÁRIA',processos_30-07-2026.CSV,219
0003031-72.2025.5.12.0008,UNIDADE_NAO_CLASSIFICADA,Unidade nao classificada: 'NÚCLEO DE JUSTIÇA 4.0 DE COOPERAÇÃO JUDICIÁRIA',processos_30-07-2026.CSV,222
0000339-66.2026.5.12.0008,UNIDADE_NAO_CLASSIFICADA,Unidade nao classificada: 'NÚCLEO DE JUSTIÇA 4.0 DE COOPERAÇÃO JUDICIÁRIA',processos_30-07-2026.CSV,225
0002687-91.2025.5.12.0008,UNIDADE_NAO_CLASSIFICADA,Unidade nao classificada: 'NÚCLEO DE JUSTIÇA 4.0 DE COOPERAÇÃO JUDICIÁRIA',processos_30-07-2026.CSV,226
0001358-44.2025.5.12.0008,UNIDADE_NAO_CLASSIFICADA,Unidade nao classificada: 'NÚCLEO DE JUSTIÇA 4.0 DE COOPERAÇÃO JUDICIÁRIA',processos_30-07-2026.CSV,230
0000792-61.2026.5.12.0008,UNIDADE_NAO_CLASSIFICADA,Unidade nao classificada: 'NÚCLEO DE JUSTIÇA 4.0 DE COOPERAÇÃO JUDICIÁRIA',processos_30-07-2026.CSV,231
0000172-83.2025.5.12.0008,UNIDADE_NAO_CLASSIFICADA,Unidade nao classificada: 'NÚCLEO DE JUSTIÇA 4.0 DE COOPERAÇÃO JUDICIÁRIA',processos_30-07-2026.CSV,234
0000385-55.2026.5.12.0008,UNIDADE_NAO_CLASSIFICADA,Unidade nao classificada: 'NÚCLEO DE JUSTIÇA 4.0 DE COOPERAÇÃO JUDICIÁRIA',processos_30-07-2026.CSV,236
0000332-74.2026.5.12.0008,UNIDADE_NAO_CLASSIFICADA,Unidade nao classificada: 'NÚCLEO DE JUSTIÇA 4.0 DE COOPERAÇÃO JUDICIÁRIA',processos_30-07-2026.CSV,239
0000544-95.2026.5.12.0008,UNIDADE_NAO_CLASSIFICADA,Unidade nao classificada: 'NÚCLEO DE JUSTIÇA 4.0 DE COOPERAÇÃO JUDICIÁRIA',processos_30-07-2026.CSV,241
0002795-23.2025.5.12.0008,UNIDADE_NAO_CLASSIFICADA,Unidade nao classificada: 'NÚCLEO DE JUSTIÇA 4.0 DE COOPERAÇÃO JUDICIÁRIA',processos_30-07-2026.CSV,242
0000113-61.2026.5.12.0008,UNIDADE_NAO_CLASSIFICADA,Unidade nao classificada: 'NÚCLEO DE JUSTIÇA 4.0 DE COOPERAÇÃO JUDICIÁRIA',processos_30-07-2026.CSV,244
0003148-63.2025.5.12.0008,UNIDADE_NAO_CLASSIFICADA,Unidade nao classificada: 'NÚCLEO DE JUSTIÇA 4.0 DE COOPERAÇÃO JUDICIÁRIA',processos_30-07-2026.CSV,246
0000538-88.2026.5.12.0008,UNIDADE_NAO_CLASSIFICADA,Unidade nao classificada: 'NÚCLEO DE JUSTIÇA 4.0 DE COOPERAÇÃO JUDICIÁRIA',processos_30-07-2026.CSV,250
0003070-69.2025.5.12.0008,UNIDADE_NAO_CLASSIFICADA,Unidade nao classificada: 'NÚCLEO DE JUSTIÇA 4.0 DE COOPERAÇÃO JUDICIÁRIA',processos_30-07-2026.CSV,252
0000706-90.2026.5.12.0008,UNIDADE_NAO_CLASSIFICADA,Unidade nao classificada: 'NÚCLEO DE JUSTIÇA 4.0 DE COOPERAÇÃO JUDICIÁRIA',processos_30-07-2026.CSV,255
0000078-04.2026.5.12.0008,UNIDADE_NAO_CLASSIFICADA,Unidade nao classificada: 'NÚCLEO DE JUSTIÇA 4.0 DE COOPERAÇÃO JUDICIÁRIA',processos_30-07-2026.CSV,256
0001358-10.2026.5.12.0008,UNIDADE_NAO_CLASSIFICADA,Unidade nao classificada: 'NÚCLEO DE JUSTIÇA 4.0 DE COOPERAÇÃO JUDICIÁRIA',processos_30-07-2026.CSV,259
0003189-30.2025.5.12.0008,UNIDADE_NAO_CLASSIFICADA,Unidade nao classificada: 'NÚCLEO DE JUSTIÇA 4.0 DE COOPERAÇÃO JUDICIÁRIA',processos_30-07-2026.CSV,260
0000123-08.2026.5.12.0008,UNIDADE_NAO_CLASSIFICADA,Unidade nao classificada: 'NÚCLEO DE JUSTIÇA 4.0 DE COOPERAÇÃO JUDICIÁRIA',processos_30-07-2026.CSV,263
0001897-42.2025.5.12.0062,UNIDADE_NAO_CLASSIFICADA,Unidade nao classificada: 'NÚCLEO DE JUSTIÇA 4.0 DE COOPERAÇÃO JUDICIÁRIA',processos_30-07-2026.CSV,266
0001873-14.2025.5.12.0062,UNIDADE_NAO_CLASSIFICADA,Unidade nao classificada: 'NÚCLEO DE JUSTIÇA 4.0 DE COOPERAÇÃO JUDICIÁRIA',processos_30-07-2026.CSV,268
0001958-97.2025.5.12.0062,UNIDADE_NAO_CLASSIFICADA,Unidade nao classificada: 'NÚCLEO DE JUSTIÇA 4.0 DE COOPERAÇÃO JUDICIÁRIA',processos_30-07-2026.CSV,270
0001453-09.2025.5.12.0062,UNIDADE_NAO_CLASSIFICADA,Unidade nao classificada: 'NÚCLEO DE JUSTIÇA 4.0 DE COOPERAÇÃO JUDICIÁRIA',processos_30-07-2026.CSV,272
0001627-18.2025.5.12.0062,UNIDADE_NAO_CLASSIFICADA,Unidade nao classificada: 'NÚCLEO DE JUSTIÇA 4.0 DE COOPERAÇÃO JUDICIÁRIA',processos_30-07-2026.CSV,276
0003303-98.2025.5.12.0062,UNIDADE_NAO_CLASSIFICADA,Unidade nao classificada: 'NÚCLEO DE JUSTIÇA 4.0 DE COOPERAÇÃO JUDICIÁRIA',processos_30-07-2026.CSV,279
0002033-39.2025.5.12.0062,UNIDADE_NAO_CLASSIFICADA,Unidade nao classificada: 'NÚCLEO DE JUSTIÇA 4.0 DE COOPERAÇÃO JUDICIÁRIA',processos_30-07-2026.CSV,281
0002854-43.2025.5.12.0062,UNIDADE_NAO_CLASSIFICADA,Unidade nao classificada: 'NÚCLEO DE JUSTIÇA 4.0 DE COOPERAÇÃO JUDICIÁRIA',processos_30-07-2026.CSV,284
0001889-65.2025.5.12.0062,UNIDADE_NAO_CLASSIFICADA,Unidade nao classificada: 'NÚCLEO DE JUSTIÇA 4.0 DE COOPERAÇÃO JUDICIÁRIA',processos_30-07-2026.CSV,285
0001330-11.2025.5.12.0062,UNIDADE_NAO_CLASSIFICADA,Unidade nao classificada: 'NÚCLEO DE JUSTIÇA 4.0 DE COOPERAÇÃO JUDICIÁRIA',processos_30-07-2026.CSV,289
0001825-55.2025.5.12.0062,UNIDADE_NAO_CLASSIFICADA,Unidade nao classificada: 'NÚCLEO DE JUSTIÇA 4.0 DE COOPERAÇÃO JUDICIÁRIA',processos_30-07-2026.CSV,290
0000171-96.2026.5.12.0062,UNIDADE_NAO_CLASSIFICADA,Unidade nao classificada: 'NÚCLEO DE JUSTIÇA 4.0 DE COOPERAÇÃO JUDICIÁRIA',processos_30-07-2026.CSV,295
0001636-77.2025.5.12.0062,UNIDADE_NAO_CLASSIFICADA,Unidade nao classificada: 'NÚCLEO DE JUSTIÇA 4.0 DE COOPERAÇÃO JUDICIÁRIA',processos_30-07-2026.CSV,298
0001212-35.2025.5.12.0062,UNIDADE_NAO_CLASSIFICADA,Unidade nao classificada: 'NÚCLEO DE JUSTIÇA 4.0 DE COOPERAÇÃO JUDICIÁRIA',processos_30-07-2026.CSV,301
0001928-62.2025.5.12.0062,UNIDADE_NAO_CLASSIFICADA,Unidade nao classificada: 'NÚCLEO DE JUSTIÇA 4.0 DE COOPERAÇÃO JUDICIÁRIA',processos_30-07-2026.CSV,304
0001494-73.2025.5.12.0062,UNIDADE_NAO_CLASSIFICADA,Unidade nao classificada: 'NÚCLEO DE JUSTIÇA 4.0 DE COOPERAÇÃO JUDICIÁRIA',processos_30-07-2026.CSV,307
0000735-12.2025.5.12.0062,UNIDADE_NAO_CLASSIFICADA,Unidade nao classificada: 'NÚCLEO DE JUSTIÇA 4.0 DE COOPERAÇÃO JUDICIÁRIA',processos_30-07-2026.CSV,309
0001495-58.2025.5.12.0062,UNIDADE_NAO_CLASSIFICADA,Unidade nao classificada: 'NÚCLEO DE JUSTIÇA 4.0 DE COOPERAÇÃO JUDICIÁRIA',processos_30-07-2026.CSV,311
0003559-41.2025.5.12.0062,UNIDADE_NAO_CLASSIFICADA,Unidade nao classificada: 'NÚCLEO DE JUSTIÇA 4.0 DE COOPERAÇÃO JUDICIÁRIA',processos_30-07-2026.CSV,314
0003198-24.2025.5.12.0062,UNIDADE_NAO_CLASSIFICADA,Unidade nao classificada: 'NÚCLEO DE JUSTIÇA 4.0 DE COOPERAÇÃO JUDICIÁRIA',processos_30-07-2026.CSV,317
0001957-15.2025.5.12.0062,UNIDADE_NAO_CLASSIFICADA,Unidade nao classificada: 'NÚCLEO DE JUSTIÇA 4.0 DE COOPERAÇÃO JUDICIÁRIA',processos_30-07-2026.CSV,318
0001748-46.2025.5.12.0062,UNIDADE_NAO_CLASSIFICADA,Unidade nao classificada: 'NÚCLEO DE JUSTIÇA 4.0 DE COOPERAÇÃO JUDICIÁRIA',processos_30-07-2026.CSV,321
0001846-31.2025.5.12.0062,UNIDADE_NAO_CLASSIFICADA,Unidade nao classificada: 'NÚCLEO DE JUSTIÇA 4.0 DE COOPERAÇÃO JUDICIÁRIA',processos_30-07-2026.CSV,325
0002070-66.2025.5.12.0062,UNIDADE_NAO_CLASSIFICADA,Unidade nao classificada: 'NÚCLEO DE JUSTIÇA 4.0 DE COOPERAÇÃO JUDICIÁRIA',processos_30-07-2026.CSV,327
0003637-35.2025.5.12.0062,UNIDADE_NAO_CLASSIFICADA,Unidade nao classificada: 'NÚCLEO DE JUSTIÇA 4.0 DE COOPERAÇÃO JUDICIÁRIA',processos_30-07-2026.CSV,333
0001831-62.2025.5.12.0062,UNIDADE_NAO_CLASSIFICADA,Unidade nao classificada: 'NÚCLEO DE JUSTIÇA 4.0 DE COOPERAÇÃO JUDICIÁRIA',processos_30-07-2026.CSV,335
0001439-25.2025.5.12.0062,UNIDADE_NAO_CLASSIFICADA,Unidade nao classificada: 'NÚCLEO DE JUSTIÇA 4.0 DE COOPERAÇÃO JUDICIÁRIA',processos_30-07-2026.CSV,336
0001441-92.2025.5.12.0062,UNIDADE_NAO_CLASSIFICADA,Unidade nao classificada: 'NÚCLEO DE JUSTIÇA 4.0 DE COOPERAÇÃO JUDICIÁRIA',processos_30-07-2026.CSV,339
0000345-42.2025.5.12.0062,UNIDADE_NAO_CLASSIFICADA,Unidade nao classificada: 'NÚCLEO DE JUSTIÇA 4.0 DE COOPERAÇÃO JUDICIÁRIA',processos_30-07-2026.CSV,341
0000425-06.2025.5.12.0062,UNIDADE_NAO_CLASSIFICADA,Unidade nao classificada: 'NÚCLEO DE JUSTIÇA 4.0 DE COOPERAÇÃO JUDICIÁRIA',processos_30-07-2026.CSV,345
0001528-48.2025.5.12.0062,UNIDADE_NAO_CLASSIFICADA,Unidade nao classificada: 'NÚCLEO DE JUSTIÇA 4.0 DE COOPERAÇÃO JUDICIÁRIA',processos_30-07-2026.CSV,347
0001624-63.2025.5.12.0062,UNIDADE_NAO_CLASSIFICADA,Unidade nao classificada: 'NÚCLEO DE JUSTIÇA 4.0 DE COOPERAÇÃO JUDICIÁRIA',processos_30-07-2026.CSV,355
0001963-22.2025.5.12.0062,UNIDADE_NAO_CLASSIFICADA,Unidade nao classificada: 'NÚCLEO DE JUSTIÇA 4.0 DE COOPERAÇÃO JUDICIÁRIA',processos_30-07-2026.CSV,364
0002680-34.2025.5.12.0062,UNIDADE_NAO_CLASSIFICADA,Unidade nao classificada: 'NÚCLEO DE JUSTIÇA 4.0 DE COOPERAÇÃO JUDICIÁRIA',processos_30-07-2026.CSV,370
0000980-23.2025.5.12.0062,UNIDADE_NAO_CLASSIFICADA,Unidade nao classificada: 'NÚCLEO DE JUSTIÇA 4.0 DE COOPERAÇÃO JUDICIÁRIA',processos_30-07-2026.CSV,374
0001580-78.2024.5.12.0062,UNIDADE_NAO_CLASSIFICADA,Unidade nao classificada: 'NÚCLEO DE JUSTIÇA 4.0 DE COOPERAÇÃO JUDICIÁRIA',processos_30-07-2026.CSV,376
0001950-23.2025.5.12.0062,UNIDADE_NAO_CLASSIFICADA,Unidade nao classificada: 'NÚCLEO DE JUSTIÇA 4.0 DE COOPERAÇÃO JUDICIÁRIA',processos_30-07-2026.CSV,377
0001696-50.2025.5.12.0062,UNIDADE_NAO_CLASSIFICADA,Unidade nao classificada: 'NÚCLEO DE JUSTIÇA 4.0 DE COOPERAÇÃO JUDICIÁRIA',processos_30-07-2026.CSV,381
0002062-89.2025.5.12.0062,UNIDADE_NAO_CLASSIFICADA,Unidade nao classificada: 'NÚCLEO DE JUSTIÇA 4.0 DE COOPERAÇÃO JUDICIÁRIA',processos_30-07-2026.CSV,383
0000202-19.2026.5.12.0062,UNIDADE_NAO_CLASSIFICADA,Unidade nao classificada: 'NÚCLEO DE JUSTIÇA 4.0 DE COOPERAÇÃO JUDICIÁRIA',processos_30-07-2026.CSV,388
0001001-96.2025.5.12.0062,UNIDADE_NAO_CLASSIFICADA,Unidade nao classificada: 'NÚCLEO DE JUSTIÇA 4.0 DE COOPERAÇÃO JUDICIÁRIA',processos_30-07-2026.CSV,390
0001262-61.2025.5.12.0062,UNIDADE_NAO_CLASSIFICADA,Unidade nao classificada: 'NÚCLEO DE JUSTIÇA 4.0 DE COOPERAÇÃO JUDICIÁRIA',processos_30-07-2026.CSV,394
0002003-04.2025.5.12.0062,UNIDADE_NAO_CLASSIFICADA,Unidade nao classificada: 'NÚCLEO DE JUSTIÇA 4.0 DE COOPERAÇÃO JUDICIÁRIA',processos_30-07-2026.CSV,395
0002071-51.2025.5.12.0062,UNIDADE_NAO_CLASSIFICADA,Unidade nao classificada: 'NÚCLEO DE JUSTIÇA 4.0 DE COOPERAÇÃO JUDICIÁRIA',processos_30-07-2026.CSV,397
0002118-25.2025.5.12.0062,UNIDADE_NAO_CLASSIFICADA,Unidade nao classificada: 'NÚCLEO DE JUSTIÇA 4.0 DE COOPERAÇÃO JUDICIÁRIA',processos_30-07-2026.CSV,400
0003397-46.2025.5.12.0062,UNIDADE_NAO_CLASSIFICADA,Unidade nao classificada: 'NÚCLEO DE JUSTIÇA 4.0 DE COOPERAÇÃO JUDICIÁRIA',processos_30-07-2026.CSV,402
0002387-64.2025.5.12.0062,UNIDADE_NAO_CLASSIFICADA,Unidade nao classificada: 'NÚCLEO DE JUSTIÇA 4.0 DE COOPERAÇÃO JUDICIÁRIA',processos_30-07-2026.CSV,404
0002023-92.2025.5.12.0062,UNIDADE_NAO_CLASSIFICADA,Unidade nao classificada: 'NÚCLEO DE JUSTIÇA 4.0 DE COOPERAÇÃO JUDICIÁRIA',processos_30-07-2026.CSV,406
0001129-19.2025.5.12.0062,UNIDADE_NAO_CLASSIFICADA,Unidade nao classificada: 'NÚCLEO DE JUSTIÇA 4.0 DE COOPERAÇÃO JUDICIÁRIA',processos_30-07-2026.CSV,409
0002115-70.2025.5.12.0062,UNIDADE_NAO_CLASSIFICADA,Unidade nao classificada: 'NÚCLEO DE JUSTIÇA 4.0 DE COOPERAÇÃO JUDICIÁRIA',processos_30-07-2026.CSV,411
0002221-32.2025.5.12.0062,UNIDADE_NAO_CLASSIFICADA,Unidade nao classificada: 'NÚCLEO DE JUSTIÇA 4.0 DE COOPERAÇÃO JUDICIÁRIA',processos_30-07-2026.CSV,413
0003649-49.2025.5.12.0062,UNIDADE_NAO_CLASSIFICADA,Unidade nao classificada: 'NÚCLEO DE JUSTIÇA 4.0 DE COOPERAÇÃO JUDICIÁRIA',processos_30-07-2026.CSV,416
0001400-28.2025.5.12.0062,UNIDADE_NAO_CLASSIFICADA,Unidade nao classificada: 'NÚCLEO DE JUSTIÇA 4.0 DE COOPERAÇÃO JUDICIÁRIA',processos_30-07-2026.CSV,417
0001210-65.2025.5.12.0062,UNIDADE_NAO_CLASSIFICADA,Unidade nao classificada: 'NÚCLEO DE JUSTIÇA 4.0 DE COOPERAÇÃO JUDICIÁRIA',processos_30-07-2026.CSV,419
0000506-61.2025.5.12.0059,UNIDADE_NAO_CLASSIFICADA,Unidade nao classificada: 'NÚCLEO DE JUSTIÇA 4.0 DE COOPERAÇÃO JUDICIÁRIA',processos_30-07-2026.CSV,432
0001678-43.2025.5.12.0025,UNIDADE_NAO_CLASSIFICADA,Unidade nao classificada: 'NÚCLEO DE JUSTIÇA 4.0 DE COOPERAÇÃO JUDICIÁRIA',processos_30-07-2026.CSV,437
0002234-45.2025.5.12.0025,UNIDADE_NAO_CLASSIFICADA,Unidade nao classificada: 'NÚCLEO DE JUSTIÇA 4.0 DE COOPERAÇÃO JUDICIÁRIA',processos_30-07-2026.CSV,439
0002364-35.2025.5.12.0025,UNIDADE_NAO_CLASSIFICADA,Unidade nao classificada: 'NÚCLEO DE JUSTIÇA 4.0 DE COOPERAÇÃO JUDICIÁRIA',processos_30-07-2026.CSV,441
0002090-71.2025.5.12.0025,UNIDADE_NAO_CLASSIFICADA,Unidade nao classificada: 'NÚCLEO DE JUSTIÇA 4.0 DE COOPERAÇÃO JUDICIÁRIA',processos_30-07-2026.CSV,446
0001035-85.2025.5.12.0025,UNIDADE_NAO_CLASSIFICADA,Unidade nao classificada: 'NÚCLEO DE JUSTIÇA 4.0 DE COOPERAÇÃO JUDICIÁRIA',processos_30-07-2026.CSV,448
0000839-81.2026.5.12.0025,UNIDADE_NAO_CLASSIFICADA,Unidade nao classificada: 'NÚCLEO DE JUSTIÇA 4.0 DE COOPERAÇÃO JUDICIÁRIA',processos_30-07-2026.CSV,452
0000162-51.2026.5.12.0025,UNIDADE_NAO_CLASSIFICADA,Unidade nao classificada: 'NÚCLEO DE JUSTIÇA 4.0 DE COOPERAÇÃO JUDICIÁRIA',processos_30-07-2026.CSV,454
0000802-54.2026.5.12.0025,UNIDADE_NAO_CLASSIFICADA,Unidade nao classificada: 'NÚCLEO DE JUSTIÇA 4.0 DE COOPERAÇÃO JUDICIÁRIA',processos_30-07-2026.CSV,457
0000402-40.2026.5.12.0025,UNIDADE_NAO_CLASSIFICADA,Unidade nao classificada: 'NÚCLEO DE JUSTIÇA 4.0 DE COOPERAÇÃO JUDICIÁRIA',processos_30-07-2026.CSV,460
0000634-52.2026.5.12.0025,UNIDADE_NAO_CLASSIFICADA,Unidade nao classificada: 'NÚCLEO DE JUSTIÇA 4.0 DE COOPERAÇÃO JUDICIÁRIA',processos_30-07-2026.CSV,461
0002199-85.2025.5.12.0025,UNIDADE_NAO_CLASSIFICADA,Unidade nao classificada: 'NÚCLEO DE JUSTIÇA 4.0 DE COOPERAÇÃO JUDICIÁRIA',processos_30-07-2026.CSV,463
0000110-89.2025.5.12.0025,UNIDADE_NAO_CLASSIFICADA,Unidade nao classificada: 'NÚCLEO DE JUSTIÇA 4.0 DE COOPERAÇÃO JUDICIÁRIA',processos_30-07-2026.CSV,466
0002388-63.2025.5.12.0025,UNIDADE_NAO_CLASSIFICADA,Unidade nao classificada: 'NÚCLEO DE JUSTIÇA 4.0 DE COOPERAÇÃO JUDICIÁRIA',processos_30-07-2026.CSV,468
0000221-39.2026.5.12.0025,UNIDADE_NAO_CLASSIFICADA,Unidade nao classificada: 'NÚCLEO DE JUSTIÇA 4.0 DE COOPERAÇÃO JUDICIÁRIA',processos_30-07-2026.CSV,472
0000102-78.2026.5.12.0025,UNIDADE_NAO_CLASSIFICADA,Unidade nao classificada: 'NÚCLEO DE JUSTIÇA 4.0 DE COOPERAÇÃO JUDICIÁRIA',processos_30-07-2026.CSV,474
0001983-27.2025.5.12.0025,UNIDADE_NAO_CLASSIFICADA,Unidade nao classificada: 'NÚCLEO DE JUSTIÇA 4.0 DE COOPERAÇÃO JUDICIÁRIA',processos_30-07-2026.CSV,476
0000163-70.2025.5.12.0025,UNIDADE_NAO_CLASSIFICADA,Unidade nao classificada: 'NÚCLEO DE JUSTIÇA 4.0 DE COOPERAÇÃO JUDICIÁRIA',processos_30-07-2026.CSV,478
0000696-92.2026.5.12.0025,UNIDADE_NAO_CLASSIFICADA,Unidade nao classificada: 'NÚCLEO DE JUSTIÇA 4.0 DE COOPERAÇÃO JUDICIÁRIA',processos_30-07-2026.CSV,480
0001984-12.2025.5.12.0025,UNIDADE_NAO_CLASSIFICADA,Unidade nao classificada: 'NÚCLEO DE JUSTIÇA 4.0 DE COOPERAÇÃO JUDICIÁRIA',processos_30-07-2026.CSV,482
0002986-47.2025.5.12.0015,UNIDADE_NAO_CLASSIFICADA,Unidade nao classificada: 'NÚCLEO DE JUSTIÇA 4.0 DE COOPERAÇÃO JUDICIÁRIA',processos_30-07-2026.CSV,484
0001844-76.2025.5.12.0057,UNIDADE_NAO_CLASSIFICADA,Unidade nao classificada: 'NÚCLEO DE JUSTIÇA 4.0 DE COOPERAÇÃO JUDICIÁRIA',processos_30-07-2026.CSV,486
0002460-84.2024.5.12.0025,UNIDADE_NAO_CLASSIFICADA,Unidade nao classificada: 'NÚCLEO DE JUSTIÇA 4.0 DE COOPERAÇÃO JUDICIÁRIA',processos_30-07-2026.CSV,488
0001500-31.2024.5.12.0025,UNIDADE_NAO_CLASSIFICADA,Unidade nao classificada: 'NÚCLEO DE JUSTIÇA 4.0 DE COOPERAÇÃO JUDICIÁRIA',processos_30-07-2026.CSV,489
0003042-80.2025.5.12.0015,UNIDADE_NAO_CLASSIFICADA,Unidade nao classificada: 'NÚCLEO DE JUSTIÇA 4.0 DE COOPERAÇÃO JUDICIÁRIA',processos_30-07-2026.CSV,491
0000860-57.2026.5.12.0025,UNIDADE_NAO_CLASSIFICADA,Unidade nao classificada: 'NÚCLEO DE JUSTIÇA 4.0 DE COOPERAÇÃO JUDICIÁRIA',processos_30-07-2026.CSV,493
0002885-10.2025.5.12.0015,UNIDADE_NAO_CLASSIFICADA,Unidade nao classificada: 'NÚCLEO DE JUSTIÇA 4.0 DE COOPERAÇÃO JUDICIÁRIA',processos_30-07-2026.CSV,496
0000384-53.2025.5.12.0025,UNIDADE_NAO_CLASSIFICADA,Unidade nao classificada: 'NÚCLEO DE JUSTIÇA 4.0 DE COOPERAÇÃO JUDICIÁRIA',processos_30-07-2026.CSV,497
0002733-59.2025.5.12.0015,UNIDADE_NAO_CLASSIFICADA,Unidade nao classificada: 'NÚCLEO DE JUSTIÇA 4.0 DE COOPERAÇÃO JUDICIÁRIA',processos_30-07-2026.CSV,499
0001153-61.2025.5.12.0025,UNIDADE_NAO_CLASSIFICADA,Unidade nao classificada: 'NÚCLEO DE JUSTIÇA 4.0 DE COOPERAÇÃO JUDICIÁRIA',processos_30-07-2026.CSV,502
0000164-21.2026.5.12.0025,UNIDADE_NAO_CLASSIFICADA,Unidade nao classificada: 'NÚCLEO DE JUSTIÇA 4.0 DE COOPERAÇÃO JUDICIÁRIA',processos_30-07-2026.CSV,504
0000262-40.2025.5.12.0025,UNIDADE_NAO_CLASSIFICADA,Unidade nao classificada: 'NÚCLEO DE JUSTIÇA 4.0 DE COOPERAÇÃO JUDICIÁRIA',processos_30-07-2026.CSV,505
0001935-68.2025.5.12.0025,UNIDADE_NAO_CLASSIFICADA,Unidade nao classificada: 'NÚCLEO DE JUSTIÇA 4.0 DE COOPERAÇÃO JUDICIÁRIA',processos_30-07-2026.CSV,509
0000383-68.2025.5.12.0025,UNIDADE_NAO_CLASSIFICADA,Unidade nao classificada: 'NÚCLEO DE JUSTIÇA 4.0 DE COOPERAÇÃO JUDICIÁRIA',processos_30-07-2026.CSV,512
0000271-65.2026.5.12.0025,UNIDADE_NAO_CLASSIFICADA,Unidade nao classificada: 'NÚCLEO DE JUSTIÇA 4.0 DE COOPERAÇÃO JUDICIÁRIA',processos_30-07-2026.CSV,517
0000802-88.2025.5.12.0025,UNIDADE_NAO_CLASSIFICADA,Unidade nao classificada: 'NÚCLEO DE JUSTIÇA 4.0 DE COOPERAÇÃO JUDICIÁRIA',processos_30-07-2026.CSV,519
0002359-13.2025.5.12.0025,UNIDADE_NAO_CLASSIFICADA,Unidade nao classificada: 'NÚCLEO DE JUSTIÇA 4.0 DE COOPERAÇÃO JUDICIÁRIA',processos_30-07-2026.CSV,523
0002230-91.2025.5.12.0062,UNIDADE_NAO_CLASSIFICADA,Unidade nao classificada: 'NÚCLEO DE JUSTIÇA 4.0 DE COOPERAÇÃO JUDICIÁRIA',processos_30-07-2026.CSV,527
0000442-85.2026.5.12.0004,UNIDADE_NAO_CLASSIFICADA,Unidade nao classificada: 'NÚCLEO DE JUSTIÇA 4.0 DE COOPERAÇÃO JUDICIÁRIA',processos_30-07-2026.CSV,533
0001972-81.2025.5.12.0062,UNIDADE_NAO_CLASSIFICADA,Unidade nao classificada: 'NÚCLEO DE JUSTIÇA 4.0 DE COOPERAÇÃO JUDICIÁRIA',processos_30-07-2026.CSV,535
0000548-47.2026.5.12.0004,UNIDADE_NAO_CLASSIFICADA,Unidade nao classificada: 'NÚCLEO DE JUSTIÇA 4.0 DE COOPERAÇÃO JUDICIÁRIA',processos_30-07-2026.CSV,537
0000455-84.2026.5.12.0004,UNIDADE_NAO_CLASSIFICADA,Unidade nao classificada: 'NÚCLEO DE JUSTIÇA 4.0 DE COOPERAÇÃO JUDICIÁRIA',processos_30-07-2026.CSV,539
0000589-14.2026.5.12.0004,UNIDADE_NAO_CLASSIFICADA,Unidade nao classificada: 'NÚCLEO DE JUSTIÇA 4.0 DE COOPERAÇÃO JUDICIÁRIA',processos_30-07-2026.CSV,540
0001734-76.2024.5.12.0004,UNIDADE_NAO_CLASSIFICADA,Unidade nao classificada: 'NÚCLEO DE JUSTIÇA 4.0 DE COOPERAÇÃO JUDICIÁRIA',processos_30-07-2026.CSV,543
0000065-17.2026.5.12.0004,UNIDADE_NAO_CLASSIFICADA,Unidade nao classificada: 'NÚCLEO DE JUSTIÇA 4.0 DE COOPERAÇÃO JUDICIÁRIA',processos_30-07-2026.CSV,544
0000244-48.2026.5.12.0004,UNIDADE_NAO_CLASSIFICADA,Unidade nao classificada: 'NÚCLEO DE JUSTIÇA 4.0 DE COOPERAÇÃO JUDICIÁRIA',processos_30-07-2026.CSV,547
0000412-50.2026.5.12.0004,UNIDADE_NAO_CLASSIFICADA,Unidade nao classificada: 'NÚCLEO DE JUSTIÇA 4.0 DE COOPERAÇÃO JUDICIÁRIA',processos_30-07-2026.CSV,549
0002044-48.2025.5.12.0004,UNIDADE_NAO_CLASSIFICADA,Unidade nao classificada: 'NÚCLEO DE JUSTIÇA 4.0 DE COOPERAÇÃO JUDICIÁRIA',processos_30-07-2026.CSV,552
0000500-88.2026.5.12.0004,UNIDADE_NAO_CLASSIFICADA,Unidade nao classificada: 'NÚCLEO DE JUSTIÇA 4.0 DE COOPERAÇÃO JUDICIÁRIA',processos_30-07-2026.CSV,554
0002122-42.2025.5.12.0004,UNIDADE_NAO_CLASSIFICADA,Unidade nao classificada: 'NÚCLEO DE JUSTIÇA 4.0 DE COOPERAÇÃO JUDICIÁRIA',processos_30-07-2026.CSV,555
0000281-75.2026.5.12.0004,UNIDADE_NAO_CLASSIFICADA,Unidade nao classificada: 'NÚCLEO DE JUSTIÇA 4.0 DE COOPERAÇÃO JUDICIÁRIA',processos_30-07-2026.CSV,558
0000003-74.2026.5.12.0004,UNIDADE_NAO_CLASSIFICADA,Unidade nao classificada: 'NÚCLEO DE JUSTIÇA 4.0 DE COOPERAÇÃO JUDICIÁRIA',processos_30-07-2026.CSV,560
0000288-67.2026.5.12.0004,UNIDADE_NAO_CLASSIFICADA,Unidade nao classificada: 'NÚCLEO DE JUSTIÇA 4.0 DE COOPERAÇÃO JUDICIÁRIA',processos_30-07-2026.CSV,561
0002067-91.2025.5.12.0004,UNIDADE_NAO_CLASSIFICADA,Unidade nao classificada: 'NÚCLEO DE JUSTIÇA 4.0 DE COOPERAÇÃO JUDICIÁRIA',processos_30-07-2026.CSV,563
0002014-13.2025.5.12.0004,UNIDADE_NAO_CLASSIFICADA,Unidade nao classificada: 'NÚCLEO DE JUSTIÇA 4.0 DE COOPERAÇÃO JUDICIÁRIA',processos_30-07-2026.CSV,566
0002389-14.2025.5.12.0004,UNIDADE_NAO_CLASSIFICADA,Unidade nao classificada: 'NÚCLEO DE JUSTIÇA 4.0 DE COOPERAÇÃO JUDICIÁRIA',processos_30-07-2026.CSV,568
0000419-42.2026.5.12.0004,UNIDADE_NAO_CLASSIFICADA,Unidade nao classificada: 'NÚCLEO DE JUSTIÇA 4.0 DE COOPERAÇÃO JUDICIÁRIA',processos_30-07-2026.CSV,570
0000365-76.2026.5.12.0004,UNIDADE_NAO_CLASSIFICADA,Unidade nao classificada: 'NÚCLEO DE JUSTIÇA 4.0 DE COOPERAÇÃO JUDICIÁRIA',processos_30-07-2026.CSV,571
0001326-71.2025.5.12.0062,UNIDADE_NAO_CLASSIFICADA,Unidade nao classificada: 'NÚCLEO DE JUSTIÇA 4.0 DE COOPERAÇÃO JUDICIÁRIA',processos_30-07-2026.CSV,573
0000461-91.2026.5.12.0004,UNIDADE_NAO_CLASSIFICADA,Unidade nao classificada: 'NÚCLEO DE JUSTIÇA 4.0 DE COOPERAÇÃO JUDICIÁRIA',processos_30-07-2026.CSV,575
0002049-70.2025.5.12.0004,UNIDADE_NAO_CLASSIFICADA,Unidade nao classificada: 'NÚCLEO DE JUSTIÇA 4.0 DE COOPERAÇÃO JUDICIÁRIA',processos_30-07-2026.CSV,578
0000051-33.2026.5.12.0004,UNIDADE_NAO_CLASSIFICADA,Unidade nao classificada: 'NÚCLEO DE JUSTIÇA 4.0 DE COOPERAÇÃO JUDICIÁRIA',processos_30-07-2026.CSV,580
0000351-92.2026.5.12.0004,UNIDADE_NAO_CLASSIFICADA,Unidade nao classificada: 'NÚCLEO DE JUSTIÇA 4.0 DE COOPERAÇÃO JUDICIÁRIA',processos_30-07-2026.CSV,582
0000639-40.2026.5.12.0004,UNIDADE_NAO_CLASSIFICADA,Unidade nao classificada: 'NÚCLEO DE JUSTIÇA 4.0 DE COOPERAÇÃO JUDICIÁRIA',processos_30-07-2026.CSV,584
0000333-42.2025.5.12.0025,UNIDADE_NAO_CLASSIFICADA,Unidade nao classificada: 'NÚCLEO DE JUSTIÇA 4.0 DE COOPERAÇÃO JUDICIÁRIA',processos_30-07-2026.CSV,587
0000052-18.2026.5.12.0004,UNIDADE_NAO_CLASSIFICADA,Unidade nao classificada: 'NÚCLEO DE JUSTIÇA 4.0 DE COOPERAÇÃO JUDICIÁRIA',processos_30-07-2026.CSV,588
0002552-91.2025.5.12.0004,UNIDADE_NAO_CLASSIFICADA,Unidade nao classificada: 'NÚCLEO DE JUSTIÇA 4.0 DE COOPERAÇÃO JUDICIÁRIA',processos_30-07-2026.CSV,590
0000375-23.2026.5.12.0004,UNIDADE_NAO_CLASSIFICADA,Unidade nao classificada: 'NÚCLEO DE JUSTIÇA 4.0 DE COOPERAÇÃO JUDICIÁRIA',processos_30-07-2026.CSV,593
0001426-06.2025.5.12.0004,UNIDADE_NAO_CLASSIFICADA,Unidade nao classificada: 'NÚCLEO DE JUSTIÇA 4.0 DE COOPERAÇÃO JUDICIÁRIA',processos_30-07-2026.CSV,595
0000542-40.2026.5.12.0004,UNIDADE_NAO_CLASSIFICADA,Unidade nao classificada: 'NÚCLEO DE JUSTIÇA 4.0 DE COOPERAÇÃO JUDICIÁRIA',processos_30-07-2026.CSV,598
0002560-68.2025.5.12.0004,UNIDADE_NAO_CLASSIFICADA,Unidade nao classificada: 'NÚCLEO DE JUSTIÇA 4.0 DE COOPERAÇÃO JUDICIÁRIA',processos_30-07-2026.CSV,600
0000126-72.2026.5.12.0004,UNIDADE_NAO_CLASSIFICADA,Unidade nao classificada: 'NÚCLEO DE JUSTIÇA 4.0 DE COOPERAÇÃO JUDICIÁRIA',processos_30-07-2026.CSV,601
0000392-59.2026.5.12.0004,UNIDADE_NAO_CLASSIFICADA,Unidade nao classificada: 'NÚCLEO DE JUSTIÇA 4.0 DE COOPERAÇÃO JUDICIÁRIA',processos_30-07-2026.CSV,603
0000504-28.2026.5.12.0004,UNIDADE_NAO_CLASSIFICADA,Unidade nao classificada: 'NÚCLEO DE JUSTIÇA 4.0 DE COOPERAÇÃO JUDICIÁRIA',processos_30-07-2026.CSV,606
0000480-97.2026.5.12.0004,UNIDADE_NAO_CLASSIFICADA,Unidade nao classificada: 'NÚCLEO DE JUSTIÇA 4.0 DE COOPERAÇÃO JUDICIÁRIA',processos_30-07-2026.CSV,607
0000471-38.2026.5.12.0004,UNIDADE_NAO_CLASSIFICADA,Unidade nao classificada: 'NÚCLEO DE JUSTIÇA 4.0 DE COOPERAÇÃO JUDICIÁRIA',processos_30-07-2026.CSV,609
0001523-26.2025.5.12.0062,UNIDADE_NAO_CLASSIFICADA,Unidade nao classificada: 'NÚCLEO DE JUSTIÇA 4.0 DE COOPERAÇÃO JUDICIÁRIA',processos_30-07-2026.CSV,611
0000417-72.2026.5.12.0004,UNIDADE_NAO_CLASSIFICADA,Unidade nao classificada: 'NÚCLEO DE JUSTIÇA 4.0 DE COOPERAÇÃO JUDICIÁRIA',processos_30-07-2026.CSV,613
0002124-12.2025.5.12.0004,UNIDADE_NAO_CLASSIFICADA,Unidade nao classificada: 'NÚCLEO DE JUSTIÇA 4.0 DE COOPERAÇÃO JUDICIÁRIA',processos_30-07-2026.CSV,615
0000429-86.2026.5.12.0004,UNIDADE_NAO_CLASSIFICADA,Unidade nao classificada: 'NÚCLEO DE JUSTIÇA 4.0 DE COOPERAÇÃO JUDICIÁRIA',processos_30-07-2026.CSV,618
0001006-21.2025.5.12.0062,UNIDADE_NAO_CLASSIFICADA,Unidade nao classificada: 'NÚCLEO DE JUSTIÇA 4.0 DE COOPERAÇÃO JUDICIÁRIA',processos_30-07-2026.CSV,619
0002592-73.2025.5.12.0004,UNIDADE_NAO_CLASSIFICADA,Unidade nao classificada: 'NÚCLEO DE JUSTIÇA 4.0 DE COOPERAÇÃO JUDICIÁRIA',processos_30-07-2026.CSV,621
0001252-17.2025.5.12.0062,UNIDADE_NAO_CLASSIFICADA,Unidade nao classificada: 'NÚCLEO DE JUSTIÇA 4.0 DE COOPERAÇÃO JUDICIÁRIA',processos_30-07-2026.CSV,624
0000050-48.2026.5.12.0004,UNIDADE_NAO_CLASSIFICADA,Unidade nao classificada: 'NÚCLEO DE JUSTIÇA 4.0 DE COOPERAÇÃO JUDICIÁRIA',processos_30-07-2026.CSV,625
0000581-37.2026.5.12.0004,UNIDADE_NAO_CLASSIFICADA,Unidade nao classificada: 'NÚCLEO DE JUSTIÇA 4.0 DE COOPERAÇÃO JUDICIÁRIA',processos_30-07-2026.CSV,628
0001616-86.2025.5.12.0062,UNIDADE_NAO_CLASSIFICADA,Unidade nao classificada: 'NÚCLEO DE JUSTIÇA 4.0 DE COOPERAÇÃO JUDICIÁRIA',processos_30-07-2026.CSV,629
0002561-53.2025.5.12.0004,UNIDADE_NAO_CLASSIFICADA,Unidade nao classificada: 'NÚCLEO DE JUSTIÇA 4.0 DE COOPERAÇÃO JUDICIÁRIA',processos_30-07-2026.CSV,633
0001762-30.2025.5.12.0062,UNIDADE_NAO_CLASSIFICADA,Unidade nao classificada: 'NÚCLEO DE JUSTIÇA 4.0 DE COOPERAÇÃO JUDICIÁRIA',processos_30-07-2026.CSV,634
0001406-35.2025.5.12.0062,UNIDADE_NAO_CLASSIFICADA,Unidade nao classificada: 'NÚCLEO DE JUSTIÇA 4.0 DE COOPERAÇÃO JUDICIÁRIA',processos_30-07-2026.CSV,636
0000601-28.2026.5.12.0004,UNIDADE_NAO_CLASSIFICADA,Unidade nao classificada: 'NÚCLEO DE JUSTIÇA 4.0 DE COOPERAÇÃO JUDICIÁRIA',processos_30-07-2026.CSV,638
0001250-47.2025.5.12.0062,UNIDADE_NAO_CLASSIFICADA,Unidade nao classificada: 'NÚCLEO DE JUSTIÇA 4.0 DE COOPERAÇÃO JUDICIÁRIA',processos_30-07-2026.CSV,641
0001734-42.2025.5.12.0004,UNIDADE_NAO_CLASSIFICADA,Unidade nao classificada: 'NÚCLEO DE JUSTIÇA 4.0 DE COOPERAÇÃO JUDICIÁRIA',processos_30-07-2026.CSV,642
0002105-26.2025.5.12.0062,UNIDADE_NAO_CLASSIFICADA,Unidade nao classificada: 'NÚCLEO DE JUSTIÇA 4.0 DE COOPERAÇÃO JUDICIÁRIA',processos_30-07-2026.CSV,644
0002219-62.2025.5.12.0062,UNIDADE_NAO_CLASSIFICADA,Unidade nao classificada: 'NÚCLEO DE JUSTIÇA 4.0 DE COOPERAÇÃO JUDICIÁRIA',processos_30-07-2026.CSV,647
0001916-48.2025.5.12.0062,UNIDADE_NAO_CLASSIFICADA,Unidade nao classificada: 'NÚCLEO DE JUSTIÇA 4.0 DE COOPERAÇÃO JUDICIÁRIA',processos_30-07-2026.CSV,648
0000022-80.2026.5.12.0004,UNIDADE_NAO_CLASSIFICADA,Unidade nao classificada: 'NÚCLEO DE JUSTIÇA 4.0 DE COOPERAÇÃO JUDICIÁRIA',processos_30-07-2026.CSV,650
0000213-28.2026.5.12.0004,UNIDADE_NAO_CLASSIFICADA,Unidade nao classificada: 'NÚCLEO DE JUSTIÇA 4.0 DE COOPERAÇÃO JUDICIÁRIA',processos_30-07-2026.CSV,652
0002998-17.2025.5.12.0062,UNIDADE_NAO_CLASSIFICADA,Unidade nao classificada: 'NÚCLEO DE JUSTIÇA 4.0 DE COOPERAÇÃO JUDICIÁRIA',processos_30-07-2026.CSV,655
0001876-46.2025.5.12.0004,UNIDADE_NAO_CLASSIFICADA,Unidade nao classificada: 'NÚCLEO DE JUSTIÇA 4.0 DE COOPERAÇÃO JUDICIÁRIA',processos_30-07-2026.CSV,656
0001842-71.2025.5.12.0004,UNIDADE_NAO_CLASSIFICADA,Unidade nao classificada: 'NÚCLEO DE JUSTIÇA 4.0 DE COOPERAÇÃO JUDICIÁRIA',processos_30-07-2026.CSV,659
0003049-28.2025.5.12.0062,UNIDADE_NAO_CLASSIFICADA,Unidade nao classificada: 'NÚCLEO DE JUSTIÇA 4.0 DE COOPERAÇÃO JUDICIÁRIA',processos_30-07-2026.CSV,661
0000890-58.2026.5.12.0004,UNIDADE_NAO_CLASSIFICADA,Unidade nao classificada: 'NÚCLEO DE JUSTIÇA 4.0 DE COOPERAÇÃO JUDICIÁRIA',processos_30-07-2026.CSV,662
0001755-72.2024.5.12.0062,UNIDADE_NAO_CLASSIFICADA,Unidade nao classificada: 'NÚCLEO DE JUSTIÇA 4.0 DE COOPERAÇÃO JUDICIÁRIA',processos_30-07-2026.CSV,664
0000780-59.2026.5.12.0004,UNIDADE_NAO_CLASSIFICADA,Unidade nao classificada: 'NÚCLEO DE JUSTIÇA 4.0 DE COOPERAÇÃO JUDICIÁRIA',processos_30-07-2026.CSV,666
0000565-83.2026.5.12.0004,UNIDADE_NAO_CLASSIFICADA,Unidade nao classificada: 'NÚCLEO DE JUSTIÇA 4.0 DE COOPERAÇÃO JUDICIÁRIA',processos_30-07-2026.CSV,670
0001450-54.2025.5.12.0062,UNIDADE_NAO_CLASSIFICADA,Unidade nao classificada: 'NÚCLEO DE JUSTIÇA 4.0 DE COOPERAÇÃO JUDICIÁRIA',processos_30-07-2026.CSV,671
0001880-83.2025.5.12.0004,UNIDADE_NAO_CLASSIFICADA,Unidade nao classificada: 'NÚCLEO DE JUSTIÇA 4.0 DE COOPERAÇÃO JUDICIÁRIA',processos_30-07-2026.CSV,673
0000558-91.2026.5.12.0004,UNIDADE_NAO_CLASSIFICADA,Unidade nao classificada: 'NÚCLEO DE JUSTIÇA 4.0 DE COOPERAÇÃO JUDICIÁRIA',processos_30-07-2026.CSV,675
0000492-14.2026.5.12.0004,UNIDADE_NAO_CLASSIFICADA,Unidade nao classificada: 'NÚCLEO DE JUSTIÇA 4.0 DE COOPERAÇÃO JUDICIÁRIA',processos_30-07-2026.CSV,678
0002215-25.2025.5.12.0062,UNIDADE_NAO_CLASSIFICADA,Unidade nao classificada: 'NÚCLEO DE JUSTIÇA 4.0 DE COOPERAÇÃO JUDICIÁRIA',processos_30-07-2026.CSV,681
0000694-45.2025.5.12.0062,UNIDADE_NAO_CLASSIFICADA,Unidade nao classificada: 'NÚCLEO DE JUSTIÇA 4.0 DE COOPERAÇÃO JUDICIÁRIA',processos_30-07-2026.CSV,683
0001997-94.2025.5.12.0062,UNIDADE_NAO_CLASSIFICADA,Unidade nao classificada: 'NÚCLEO DE JUSTIÇA 4.0 DE COOPERAÇÃO JUDICIÁRIA',processos_30-07-2026.CSV,685
0002013-48.2025.5.12.0062,UNIDADE_NAO_CLASSIFICADA,Unidade nao classificada: 'NÚCLEO DE JUSTIÇA 4.0 DE COOPERAÇÃO JUDICIÁRIA',processos_30-07-2026.CSV,687
0001280-82.2025.5.12.0062,UNIDADE_NAO_CLASSIFICADA,Unidade nao classificada: 'NÚCLEO DE JUSTIÇA 4.0 DE COOPERAÇÃO JUDICIÁRIA',processos_30-07-2026.CSV,690
0001284-22.2025.5.12.0062,UNIDADE_NAO_CLASSIFICADA,Unidade nao classificada: 'NÚCLEO DE JUSTIÇA 4.0 DE COOPERAÇÃO JUDICIÁRIA',processos_30-07-2026.CSV,691
0001249-62.2025.5.12.0062,UNIDADE_NAO_CLASSIFICADA,Unidade nao classificada: 'NÚCLEO DE JUSTIÇA 4.0 DE COOPERAÇÃO JUDICIÁRIA',processos_30-07-2026.CSV,694
0002039-46.2025.5.12.0062,UNIDADE_NAO_CLASSIFICADA,Unidade nao classificada: 'NÚCLEO DE JUSTIÇA 4.0 DE COOPERAÇÃO JUDICIÁRIA',processos_30-07-2026.CSV,696
0001429-78.2025.5.12.0062,UNIDADE_NAO_CLASSIFICADA,Unidade nao classificada: 'NÚCLEO DE JUSTIÇA 4.0 DE COOPERAÇÃO JUDICIÁRIA',processos_30-07-2026.CSV,698
0001478-22.2025.5.12.0062,UNIDADE_NAO_CLASSIFICADA,Unidade nao classificada: 'NÚCLEO DE JUSTIÇA 4.0 DE COOPERAÇÃO JUDICIÁRIA',processos_30-07-2026.CSV,700
0002354-74.2025.5.12.0062,UNIDADE_NAO_CLASSIFICADA,Unidade nao classificada: 'NÚCLEO DE JUSTIÇA 4.0 DE COOPERAÇÃO JUDICIÁRIA',processos_30-07-2026.CSV,701
0001407-20.2025.5.12.0062,UNIDADE_NAO_CLASSIFICADA,Unidade nao classificada: 'NÚCLEO DE JUSTIÇA 4.0 DE COOPERAÇÃO JUDICIÁRIA',processos_30-07-2026.CSV,704
0001274-75.2025.5.12.0062,UNIDADE_NAO_CLASSIFICADA,Unidade nao classificada: 'NÚCLEO DE JUSTIÇA 4.0 DE COOPERAÇÃO JUDICIÁRIA',processos_30-07-2026.CSV,706
0002145-08.2025.5.12.0062,UNIDADE_NAO_CLASSIFICADA,Unidade nao classificada: 'NÚCLEO DE JUSTIÇA 4.0 DE COOPERAÇÃO JUDICIÁRIA',processos_30-07-2026.CSV,707
0002145-08.2025.5.12.0062,UNIDADE_NAO_CLASSIFICADA,Unidade nao classificada: 'NÚCLEO DE JUSTIÇA 4.0 DE COOPERAÇÃO JUDICIÁRIA',processos_30-07-2026.CSV,708
0001421-04.2025.5.12.0062,UNIDADE_NAO_CLASSIFICADA,Unidade nao classificada: 'NÚCLEO DE JUSTIÇA 4.0 DE COOPERAÇÃO JUDICIÁRIA',processos_30-07-2026.CSV,709
0002099-19.2025.5.12.0062,UNIDADE_NAO_CLASSIFICADA,Unidade nao classificada: 'NÚCLEO DE JUSTIÇA 4.0 DE COOPERAÇÃO JUDICIÁRIA',processos_30-07-2026.CSV,713
0000330-53.2026.5.12.0025,UNIDADE_NAO_CLASSIFICADA,Unidade nao classificada: 'NÚCLEO DE JUSTIÇA 4.0 DE COOPERAÇÃO JUDICIÁRIA',processos_30-07-2026.CSV,714
0002176-28.2025.5.12.0062,UNIDADE_NAO_CLASSIFICADA,Unidade nao classificada: 'NÚCLEO DE JUSTIÇA 4.0 DE COOPERAÇÃO JUDICIÁRIA',processos_30-07-2026.CSV,719
0000886-89.2025.5.12.0025,UNIDADE_NAO_CLASSIFICADA,Unidade nao classificada: 'NÚCLEO DE JUSTIÇA 4.0 DE COOPERAÇÃO JUDICIÁRIA',processos_30-07-2026.CSV,721
0000342-67.2026.5.12.0025,UNIDADE_NAO_CLASSIFICADA,Unidade nao classificada: 'NÚCLEO DE JUSTIÇA 4.0 DE COOPERAÇÃO JUDICIÁRIA',processos_30-07-2026.CSV,723
0001423-85.2025.5.12.0025,UNIDADE_NAO_CLASSIFICADA,Unidade nao classificada: 'NÚCLEO DE JUSTIÇA 4.0 DE COOPERAÇÃO JUDICIÁRIA',processos_30-07-2026.CSV,736
0001155-31.2025.5.12.0025,UNIDADE_NAO_CLASSIFICADA,Unidade nao classificada: 'NÚCLEO DE JUSTIÇA 4.0 DE COOPERAÇÃO JUDICIÁRIA',processos_30-07-2026.CSV,743
0002590-40.2025.5.12.0025,UNIDADE_NAO_CLASSIFICADA,Unidade nao classificada: 'NÚCLEO DE JUSTIÇA 4.0 DE COOPERAÇÃO JUDICIÁRIA',processos_30-07-2026.CSV,749
0000853-65.2026.5.12.0025,UNIDADE_NAO_CLASSIFICADA,Unidade nao classificada: 'NÚCLEO DE JUSTIÇA 4.0 DE COOPERAÇÃO JUDICIÁRIA',processos_30-07-2026.CSV,759
0000368-85.2025.5.12.0062,UNIDADE_NAO_CLASSIFICADA,Unidade nao classificada: 'NÚCLEO DE JUSTIÇA 4.0 DE COOPERAÇÃO JUDICIÁRIA',processos_30-07-2026.CSV,767
0001895-86.2025.5.12.0025,UNIDADE_NAO_CLASSIFICADA,Unidade nao classificada: 'NÚCLEO DE JUSTIÇA 4.0 DE COOPERAÇÃO JUDICIÁRIA',processos_30-07-2026.CSV,769
0001345-91.2025.5.12.0025,UNIDADE_NAO_CLASSIFICADA,Unidade nao classificada: 'NÚCLEO DE JUSTIÇA 4.0 DE COOPERAÇÃO JUDICIÁRIA',processos_30-07-2026.CSV,776
0002515-84.2025.5.12.0062,UNIDADE_NAO_CLASSIFICADA,Unidade nao classificada: 'NÚCLEO DE JUSTIÇA 4.0 DE COOPERAÇÃO JUDICIÁRIA',processos_30-07-2026.CSV,778
0000429-23.2026.5.12.0025,UNIDADE_NAO_CLASSIFICADA,Unidade nao classificada: 'NÚCLEO DE JUSTIÇA 4.0 DE COOPERAÇÃO JUDICIÁRIA',processos_30-07-2026.CSV,784
0001317-12.2025.5.12.0062,UNIDADE_NAO_CLASSIFICADA,Unidade nao classificada: 'NÚCLEO DE JUSTIÇA 4.0 DE COOPERAÇÃO JUDICIÁRIA',processos_30-07-2026.CSV,788
0000224-91.2026.5.12.0025,UNIDADE_NAO_CLASSIFICADA,Unidade nao classificada: 'NÚCLEO DE JUSTIÇA 4.0 DE COOPERAÇÃO JUDICIÁRIA',processos_30-07-2026.CSV,790
0001653-16.2025.5.12.0062,UNIDADE_NAO_CLASSIFICADA,Unidade nao classificada: 'NÚCLEO DE JUSTIÇA 4.0 DE COOPERAÇÃO JUDICIÁRIA',processos_30-07-2026.CSV,792
0001598-65.2025.5.12.0062,UNIDADE_NAO_CLASSIFICADA,Unidade nao classificada: 'NÚCLEO DE JUSTIÇA 4.0 DE COOPERAÇÃO JUDICIÁRIA',processos_30-07-2026.CSV,796
0000337-65.2025.5.12.0062,UNIDADE_NAO_CLASSIFICADA,Unidade nao classificada: 'NÚCLEO DE JUSTIÇA 4.0 DE COOPERAÇÃO JUDICIÁRIA',processos_30-07-2026.CSV,798
0001675-74.2025.5.12.0062,UNIDADE_NAO_CLASSIFICADA,Unidade nao classificada: 'NÚCLEO DE JUSTIÇA 4.0 DE COOPERAÇÃO JUDICIÁRIA',processos_30-07-2026.CSV,801
0001379-52.2025.5.12.0062,UNIDADE_NAO_CLASSIFICADA,Unidade nao classificada: 'NÚCLEO DE JUSTIÇA 4.0 DE COOPERAÇÃO JUDICIÁRIA',processos_30-07-2026.CSV,803
0002127-98.2025.5.12.0025,UNIDADE_NAO_CLASSIFICADA,Unidade nao classificada: 'NÚCLEO DE JUSTIÇA 4.0 DE COOPERAÇÃO JUDICIÁRIA',processos_30-07-2026.CSV,805
0001614-19.2025.5.12.0062,UNIDADE_NAO_CLASSIFICADA,Unidade nao classificada: 'NÚCLEO DE JUSTIÇA 4.0 DE COOPERAÇÃO JUDICIÁRIA',processos_30-07-2026.CSV,806
0001596-95.2025.5.12.0062,UNIDADE_NAO_CLASSIFICADA,Unidade nao classificada: 'NÚCLEO DE JUSTIÇA 4.0 DE COOPERAÇÃO JUDICIÁRIA',processos_30-07-2026.CSV,809
0000699-81.2025.5.12.0025,UNIDADE_NAO_CLASSIFICADA,Unidade nao classificada: 'NÚCLEO DE JUSTIÇA 4.0 DE COOPERAÇÃO JUDICIÁRIA',processos_30-07-2026.CSV,810
0000087-32.2025.5.12.0062,UNIDADE_NAO_CLASSIFICADA,Unidade nao classificada: 'NÚCLEO DE JUSTIÇA 4.0 DE COOPERAÇÃO JUDICIÁRIA',processos_30-07-2026.CSV,812
0001467-90.2025.5.12.0062,UNIDADE_NAO_CLASSIFICADA,Unidade nao classificada: 'NÚCLEO DE JUSTIÇA 4.0 DE COOPERAÇÃO JUDICIÁRIA',processos_30-07-2026.CSV,814
0001703-42.2025.5.12.0062,UNIDADE_NAO_CLASSIFICADA,Unidade nao classificada: 'NÚCLEO DE JUSTIÇA 4.0 DE COOPERAÇÃO JUDICIÁRIA',processos_30-07-2026.CSV,817
0002038-61.2025.5.12.0062,UNIDADE_NAO_CLASSIFICADA,Unidade nao classificada: 'NÚCLEO DE JUSTIÇA 4.0 DE COOPERAÇÃO JUDICIÁRIA',processos_30-07-2026.CSV,821
0002935-89.2025.5.12.0062,UNIDADE_NAO_CLASSIFICADA,Unidade nao classificada: 'NÚCLEO DE JUSTIÇA 4.0 DE COOPERAÇÃO JUDICIÁRIA',processos_30-07-2026.CSV,823
0002242-22.2025.5.12.0025,UNIDADE_NAO_CLASSIFICADA,Unidade nao classificada: 'NÚCLEO DE JUSTIÇA 4.0 DE COOPERAÇÃO JUDICIÁRIA',processos_30-07-2026.CSV,825
0002179-94.2025.5.12.0025,UNIDADE_NAO_CLASSIFICADA,Unidade nao classificada: 'NÚCLEO DE JUSTIÇA 4.0 DE COOPERAÇÃO JUDICIÁRIA',processos_30-07-2026.CSV,828
0000628-65.2025.5.12.0062,UNIDADE_NAO_CLASSIFICADA,Unidade nao classificada: 'NÚCLEO DE JUSTIÇA 4.0 DE COOPERAÇÃO JUDICIÁRIA',processos_30-07-2026.CSV,829
0000717-68.2026.5.12.0025,UNIDADE_NAO_CLASSIFICADA,Unidade nao classificada: 'NÚCLEO DE JUSTIÇA 4.0 DE COOPERAÇÃO JUDICIÁRIA',processos_30-07-2026.CSV,833
0001475-81.2025.5.12.0025,UNIDADE_NAO_CLASSIFICADA,Unidade nao classificada: 'NÚCLEO DE JUSTIÇA 4.0 DE COOPERAÇÃO JUDICIÁRIA',processos_30-07-2026.CSV,834
0002166-02.2025.5.12.0056,UNIDADE_NAO_CLASSIFICADA,Unidade nao classificada: 'NÚCLEO DE JUSTIÇA 4.0 DE COOPERAÇÃO JUDICIÁRIA',processos_30-07-2026.CSV,870
0001110-27.2025.5.12.0025,UNIDADE_NAO_CLASSIFICADA,Unidade nao classificada: 'NÚCLEO DE JUSTIÇA 4.0 DE COOPERAÇÃO JUDICIÁRIA',processos_30-07-2026.CSV,873
0001203-87.2025.5.12.0025,UNIDADE_NAO_CLASSIFICADA,Unidade nao classificada: 'NÚCLEO DE JUSTIÇA 4.0 DE COOPERAÇÃO JUDICIÁRIA',processos_30-07-2026.CSV,877
0002070-84.2025.5.12.0056,UNIDADE_NAO_CLASSIFICADA,Unidade nao classificada: 'NÚCLEO DE JUSTIÇA 4.0 DE COOPERAÇÃO JUDICIÁRIA',processos_30-07-2026.CSV,887
0000597-25.2026.5.12.0025,UNIDADE_NAO_CLASSIFICADA,Unidade nao classificada: 'NÚCLEO DE JUSTIÇA 4.0 DE COOPERAÇÃO JUDICIÁRIA',processos_30-07-2026.CSV,892
0002044-82.2025.5.12.0025,UNIDADE_NAO_CLASSIFICADA,Unidade nao classificada: 'NÚCLEO DE JUSTIÇA 4.0 DE COOPERAÇÃO JUDICIÁRIA',processos_30-07-2026.CSV,895
0000286-38.2026.5.12.0056,UNIDADE_NAO_CLASSIFICADA,Unidade nao classificada: 'NÚCLEO DE JUSTIÇA 4.0 DE COOPERAÇÃO JUDICIÁRIA',processos_30-07-2026.CSV,899
0000855-69.2025.5.12.0025,UNIDADE_NAO_CLASSIFICADA,Unidade nao classificada: 'NÚCLEO DE JUSTIÇA 4.0 DE COOPERAÇÃO JUDICIÁRIA',processos_30-07-2026.CSV,901
0001220-26.2025.5.12.0025,UNIDADE_NAO_CLASSIFICADA,Unidade nao classificada: 'NÚCLEO DE JUSTIÇA 4.0 DE COOPERAÇÃO JUDICIÁRIA',processos_30-07-2026.CSV,903
0000304-59.2026.5.12.0056,UNIDADE_NAO_CLASSIFICADA,Unidade nao classificada: 'NÚCLEO DE JUSTIÇA 4.0 DE COOPERAÇÃO JUDICIÁRIA',processos_30-07-2026.CSV,912
0001595-13.2025.5.12.0062,UNIDADE_NAO_CLASSIFICADA,Unidade nao classificada: 'NÚCLEO DE JUSTIÇA 4.0 DE COOPERAÇÃO JUDICIÁRIA',processos_30-07-2026.CSV,915
0002331-31.2025.5.12.0062,UNIDADE_NAO_CLASSIFICADA,Unidade nao classificada: 'NÚCLEO DE JUSTIÇA 4.0 DE COOPERAÇÃO JUDICIÁRIA',processos_30-07-2026.CSV,918
0001508-57.2025.5.12.0062,UNIDADE_NAO_CLASSIFICADA,Unidade nao classificada: 'NÚCLEO DE JUSTIÇA 4.0 DE COOPERAÇÃO JUDICIÁRIA',processos_30-07-2026.CSV,919
0002585-22.2025.5.12.0056,UNIDADE_NAO_CLASSIFICADA,Unidade nao classificada: 'NÚCLEO DE JUSTIÇA 4.0 DE COOPERAÇÃO JUDICIÁRIA',processos_30-07-2026.CSV,921
0002178-12.2025.5.12.0025,UNIDADE_NAO_CLASSIFICADA,Unidade nao classificada: 'NÚCLEO DE JUSTIÇA 4.0 DE COOPERAÇÃO JUDICIÁRIA',processos_30-07-2026.CSV,924
0002131-24.2025.5.12.0062,UNIDADE_NAO_CLASSIFICADA,Unidade nao classificada: 'NÚCLEO DE JUSTIÇA 4.0 DE COOPERAÇÃO JUDICIÁRIA',processos_30-07-2026.CSV,925
0002168-51.2025.5.12.0062,UNIDADE_NAO_CLASSIFICADA,Unidade nao classificada: 'NÚCLEO DE JUSTIÇA 4.0 DE COOPERAÇÃO JUDICIÁRIA',processos_30-07-2026.CSV,928
0001516-34.2025.5.12.0062,UNIDADE_NAO_CLASSIFICADA,Unidade nao classificada: 'NÚCLEO DE JUSTIÇA 4.0 DE COOPERAÇÃO JUDICIÁRIA',processos_30-07-2026.CSV,933
0000636-42.2025.5.12.0062,UNIDADE_NAO_CLASSIFICADA,Unidade nao classificada: 'NÚCLEO DE JUSTIÇA 4.0 DE COOPERAÇÃO JUDICIÁRIA',processos_30-07-2026.CSV,935
0000579-38.2025.5.12.0025,UNIDADE_NAO_CLASSIFICADA,Unidade nao classificada: 'NÚCLEO DE JUSTIÇA 4.0 DE COOPERAÇÃO JUDICIÁRIA',processos_30-07-2026.CSV,937
0002603-43.2025.5.12.0056,UNIDADE_NAO_CLASSIFICADA,Unidade nao classificada: 'NÚCLEO DE JUSTIÇA 4.0 DE COOPERAÇÃO JUDICIÁRIA',processos_30-07-2026.CSV,938
0001582-28.2025.5.12.0025,UNIDADE_NAO_CLASSIFICADA,Unidade nao classificada: 'NÚCLEO DE JUSTIÇA 4.0 DE COOPERAÇÃO JUDICIÁRIA',processos_30-07-2026.CSV,941
0002117-58.2025.5.12.0056,UNIDADE_NAO_CLASSIFICADA,Unidade nao classificada: 'NÚCLEO DE JUSTIÇA 4.0 DE COOPERAÇÃO JUDICIÁRIA',processos_30-07-2026.CSV,943
0001956-30.2025.5.12.0062,UNIDADE_NAO_CLASSIFICADA,Unidade nao classificada: 'NÚCLEO DE JUSTIÇA 4.0 DE COOPERAÇÃO JUDICIÁRIA',processos_30-07-2026.CSV,945
0000189-38.2026.5.12.0056,UNIDADE_NAO_CLASSIFICADA,Unidade nao classificada: 'NÚCLEO DE JUSTIÇA 4.0 DE COOPERAÇÃO JUDICIÁRIA',processos_30-07-2026.CSV,951
0002005-71.2025.5.12.0062,UNIDADE_NAO_CLASSIFICADA,Unidade nao classificada: 'NÚCLEO DE JUSTIÇA 4.0 DE COOPERAÇÃO JUDICIÁRIA',processos_30-07-2026.CSV,952
0001269-67.2025.5.12.0025,UNIDADE_NAO_CLASSIFICADA,Unidade nao classificada: 'NÚCLEO DE JUSTIÇA 4.0 DE COOPERAÇÃO JUDICIÁRIA',processos_30-07-2026.CSV,956
0000725-79.2025.5.12.0025,UNIDADE_NAO_CLASSIFICADA,Unidade nao classificada: 'NÚCLEO DE JUSTIÇA 4.0 DE COOPERAÇÃO JUDICIÁRIA',processos_30-07-2026.CSV,959
0001429-96.2025.5.12.0056,UNIDADE_NAO_CLASSIFICADA,Unidade nao classificada: 'NÚCLEO DE JUSTIÇA 4.0 DE COOPERAÇÃO JUDICIÁRIA',processos_30-07-2026.CSV,962
0002057-67.2025.5.12.0062,UNIDADE_NAO_CLASSIFICADA,Unidade nao classificada: 'NÚCLEO DE JUSTIÇA 4.0 DE COOPERAÇÃO JUDICIÁRIA',processos_30-07-2026.CSV,966
0000195-45.2026.5.12.0056,UNIDADE_NAO_CLASSIFICADA,Unidade nao classificada: 'NÚCLEO DE JUSTIÇA 4.0 DE COOPERAÇÃO JUDICIÁRIA',processos_30-07-2026.CSV,972
0000036-98.2026.5.12.0025,UNIDADE_NAO_CLASSIFICADA,Unidade nao classificada: 'NÚCLEO DE JUSTIÇA 4.0 DE COOPERAÇÃO JUDICIÁRIA',processos_30-07-2026.CSV,973
0000447-78.2025.5.12.0025,UNIDADE_NAO_CLASSIFICADA,Unidade nao classificada: 'NÚCLEO DE JUSTIÇA 4.0 DE COOPERAÇÃO JUDICIÁRIA',processos_30-07-2026.CSV,981
0000265-62.2026.5.12.0056,UNIDADE_NAO_CLASSIFICADA,Unidade nao classificada: 'NÚCLEO DE JUSTIÇA 4.0 DE COOPERAÇÃO JUDICIÁRIA',processos_30-07-2026.CSV,983
0001173-38.2025.5.12.0062,UNIDADE_NAO_CLASSIFICADA,Unidade nao classificada: 'NÚCLEO DE JUSTIÇA 4.0 DE COOPERAÇÃO JUDICIÁRIA',processos_30-07-2026.CSV,989
0002167-66.2025.5.12.0062,UNIDADE_NAO_CLASSIFICADA,Unidade nao classificada: 'NÚCLEO DE JUSTIÇA 4.0 DE COOPERAÇÃO JUDICIÁRIA',processos_30-07-2026.CSV,991
0002079-46.2025.5.12.0056,UNIDADE_NAO_CLASSIFICADA,Unidade nao classificada: 'NÚCLEO DE JUSTIÇA 4.0 DE COOPERAÇÃO JUDICIÁRIA',processos_30-07-2026.CSV,993
0001841-09.2025.5.12.0062,UNIDADE_NAO_CLASSIFICADA,Unidade nao classificada: 'NÚCLEO DE JUSTIÇA 4.0 DE COOPERAÇÃO JUDICIÁRIA',processos_30-07-2026.CSV,995
0001310-20.2025.5.12.0062,UNIDADE_NAO_CLASSIFICADA,Unidade nao classificada: 'NÚCLEO DE JUSTIÇA 4.0 DE COOPERAÇÃO JUDICIÁRIA',processos_30-07-2026.CSV,998
0001687-88.2025.5.12.0062,UNIDADE_NAO_CLASSIFICADA,Unidade nao classificada: 'NÚCLEO DE JUSTIÇA 4.0 DE COOPERAÇÃO JUDICIÁRIA',processos_30-07-2026.CSV,999
0000775-71.2026.5.12.0025,UNIDADE_NAO_CLASSIFICADA,Unidade nao classificada: 'NÚCLEO DE JUSTIÇA 4.0 DE COOPERAÇÃO JUDICIÁRIA',processos_30-07-2026.CSV,1002
0001109-28.2025.5.12.0062,UNIDADE_NAO_CLASSIFICADA,Unidade nao classificada: 'NÚCLEO DE JUSTIÇA 4.0 DE COOPERAÇÃO JUDICIÁRIA',processos_30-07-2026.CSV,1005
0001514-64.2025.5.12.0062,UNIDADE_NAO_CLASSIFICADA,Unidade nao classificada: 'NÚCLEO DE JUSTIÇA 4.0 DE COOPERAÇÃO JUDICIÁRIA',processos_30-07-2026.CSV,1006
0002344-30.2025.5.12.0062,UNIDADE_NAO_CLASSIFICADA,Unidade nao classificada: 'NÚCLEO DE JUSTIÇA 4.0 DE COOPERAÇÃO JUDICIÁRIA',processos_30-07-2026.CSV,1008
0003079-10.2025.5.12.0015,UNIDADE_NAO_CLASSIFICADA,Unidade nao classificada: 'NÚCLEO DE JUSTIÇA 4.0 DE COOPERAÇÃO JUDICIÁRIA',processos_30-07-2026.CSV,1011
0001750-34.2025.5.12.0056,UNIDADE_NAO_CLASSIFICADA,Unidade nao classificada: 'NÚCLEO DE JUSTIÇA 4.0 DE COOPERAÇÃO JUDICIÁRIA',processos_30-07-2026.CSV,1013
0001641-02.2025.5.12.0062,UNIDADE_NAO_CLASSIFICADA,Unidade nao classificada: 'NÚCLEO DE JUSTIÇA 4.0 DE COOPERAÇÃO JUDICIÁRIA',processos_30-07-2026.CSV,1014
0002158-07.2025.5.12.0062,UNIDADE_NAO_CLASSIFICADA,Unidade nao classificada: 'NÚCLEO DE JUSTIÇA 4.0 DE COOPERAÇÃO JUDICIÁRIA',processos_30-07-2026.CSV,1018
0001178-74.2025.5.12.0025,UNIDADE_NAO_CLASSIFICADA,Unidade nao classificada: 'NÚCLEO DE JUSTIÇA 4.0 DE COOPERAÇÃO JUDICIÁRIA',processos_30-07-2026.CSV,1019
0000738-48.2026.5.12.0056,UNIDADE_NAO_CLASSIFICADA,Unidade nao classificada: 'NÚCLEO DE JUSTIÇA 4.0 DE COOPERAÇÃO JUDICIÁRIA',processos_30-07-2026.CSV,1022
0000291-56.2026.5.12.0025,UNIDADE_NAO_CLASSIFICADA,Unidade nao classificada: 'NÚCLEO DE JUSTIÇA 4.0 DE COOPERAÇÃO JUDICIÁRIA',processos_30-07-2026.CSV,1024
0002848-54.2025.5.12.0056,UNIDADE_NAO_CLASSIFICADA,Unidade nao classificada: 'NÚCLEO DE JUSTIÇA 4.0 DE COOPERAÇÃO JUDICIÁRIA',processos_30-07-2026.CSV,1028
0001912-25.2025.5.12.0025,UNIDADE_NAO_CLASSIFICADA,Unidade nao classificada: 'NÚCLEO DE JUSTIÇA 4.0 DE COOPERAÇÃO JUDICIÁRIA',processos_30-07-2026.CSV,1030
0001669-67.2025.5.12.0062,UNIDADE_NAO_CLASSIFICADA,Unidade nao classificada: 'NÚCLEO DE JUSTIÇA 4.0 DE COOPERAÇÃO JUDICIÁRIA',processos_30-07-2026.CSV,1034
0002116-69.2025.5.12.0025,UNIDADE_NAO_CLASSIFICADA,Unidade nao classificada: 'NÚCLEO DE JUSTIÇA 4.0 DE COOPERAÇÃO JUDICIÁRIA',processos_30-07-2026.CSV,1036
0001430-77.2025.5.12.0025,UNIDADE_NAO_CLASSIFICADA,Unidade nao classificada: 'NÚCLEO DE JUSTIÇA 4.0 DE COOPERAÇÃO JUDICIÁRIA',processos_30-07-2026.CSV,1038
0002850-24.2025.5.12.0056,UNIDADE_NAO_CLASSIFICADA,Unidade nao classificada: 'NÚCLEO DE JUSTIÇA 4.0 DE COOPERAÇÃO JUDICIÁRIA',processos_30-07-2026.CSV,1041
0002214-58.2025.5.12.0056,UNIDADE_NAO_CLASSIFICADA,Unidade nao classificada: 'NÚCLEO DE JUSTIÇA 4.0 DE COOPERAÇÃO JUDICIÁRIA',processos_30-07-2026.CSV,1044
0002021-39.2025.5.12.0025,UNIDADE_NAO_CLASSIFICADA,Unidade nao classificada: 'NÚCLEO DE JUSTIÇA 4.0 DE COOPERAÇÃO JUDICIÁRIA',processos_30-07-2026.CSV,1049
0000346-11.2026.5.12.0056,UNIDADE_NAO_CLASSIFICADA,Unidade nao classificada: 'NÚCLEO DE JUSTIÇA 4.0 DE COOPERAÇÃO JUDICIÁRIA',processos_30-07-2026.CSV,1051
0002583-52.2025.5.12.0056,UNIDADE_NAO_CLASSIFICADA,Unidade nao classificada: 'NÚCLEO DE JUSTIÇA 4.0 DE COOPERAÇÃO JUDICIÁRIA',processos_30-07-2026.CSV,1055
0000405-92.2026.5.12.0025,UNIDADE_NAO_CLASSIFICADA,Unidade nao classificada: 'NÚCLEO DE JUSTIÇA 4.0 DE COOPERAÇÃO JUDICIÁRIA',processos_30-07-2026.CSV,1059
0002691-81.2025.5.12.0056,UNIDADE_NAO_CLASSIFICADA,Unidade nao classificada: 'NÚCLEO DE JUSTIÇA 4.0 DE COOPERAÇÃO JUDICIÁRIA',processos_30-07-2026.CSV,1064
0002164-28.2025.5.12.0025,UNIDADE_NAO_CLASSIFICADA,Unidade nao classificada: 'NÚCLEO DE JUSTIÇA 4.0 DE COOPERAÇÃO JUDICIÁRIA',processos_30-07-2026.CSV,1068
0002937-77.2025.5.12.0056,UNIDADE_NAO_CLASSIFICADA,Unidade nao classificada: 'NÚCLEO DE JUSTIÇA 4.0 DE COOPERAÇÃO JUDICIÁRIA',processos_30-07-2026.CSV,1070
0000416-24.2026.5.12.0025,UNIDADE_NAO_CLASSIFICADA,Unidade nao classificada: 'NÚCLEO DE JUSTIÇA 4.0 DE COOPERAÇÃO JUDICIÁRIA',processos_30-07-2026.CSV,1072
0002182-49.2025.5.12.0025,UNIDADE_NAO_CLASSIFICADA,Unidade nao classificada: 'NÚCLEO DE JUSTIÇA 4.0 DE COOPERAÇÃO JUDICIÁRIA',processos_30-07-2026.CSV,1076
0002729-93.2025.5.12.0056,UNIDADE_NAO_CLASSIFICADA,Unidade nao classificada: 'NÚCLEO DE JUSTIÇA 4.0 DE COOPERAÇÃO JUDICIÁRIA',processos_30-07-2026.CSV,1077
0001837-83.2025.5.12.0025,UNIDADE_NAO_CLASSIFICADA,Unidade nao classificada: 'NÚCLEO DE JUSTIÇA 4.0 DE COOPERAÇÃO JUDICIÁRIA',processos_30-07-2026.CSV,1083
0001945-19.2025.5.12.0056,UNIDADE_NAO_CLASSIFICADA,Unidade nao classificada: 'NÚCLEO DE JUSTIÇA 4.0 DE COOPERAÇÃO JUDICIÁRIA',processos_30-07-2026.CSV,1084
0002159-10.2025.5.12.0056,UNIDADE_NAO_CLASSIFICADA,Unidade nao classificada: 'NÚCLEO DE JUSTIÇA 4.0 DE COOPERAÇÃO JUDICIÁRIA',processos_30-07-2026.CSV,1088
0002195-52.2025.5.12.0056,UNIDADE_NAO_CLASSIFICADA,Unidade nao classificada: 'NÚCLEO DE JUSTIÇA 4.0 DE COOPERAÇÃO JUDICIÁRIA',processos_30-07-2026.CSV,1090
0002205-92.2025.5.12.0025,UNIDADE_NAO_CLASSIFICADA,Unidade nao classificada: 'NÚCLEO DE JUSTIÇA 4.0 DE COOPERAÇÃO JUDICIÁRIA',processos_30-07-2026.CSV,1091
0002015-36.2025.5.12.0056,UNIDADE_NAO_CLASSIFICADA,Unidade nao classificada: 'NÚCLEO DE JUSTIÇA 4.0 DE COOPERAÇÃO JUDICIÁRIA',processos_30-07-2026.CSV,1097
0002445-85.2025.5.12.0056,UNIDADE_NAO_CLASSIFICADA,Unidade nao classificada: 'NÚCLEO DE JUSTIÇA 4.0 DE COOPERAÇÃO JUDICIÁRIA',processos_30-07-2026.CSV,1098
0001628-17.2025.5.12.0025,UNIDADE_NAO_CLASSIFICADA,Unidade nao classificada: 'NÚCLEO DE JUSTIÇA 4.0 DE COOPERAÇÃO JUDICIÁRIA',processos_30-07-2026.CSV,1101
0002034-38.2025.5.12.0025,UNIDADE_NAO_CLASSIFICADA,Unidade nao classificada: 'NÚCLEO DE JUSTIÇA 4.0 DE COOPERAÇÃO JUDICIÁRIA',processos_30-07-2026.CSV,1110
0002101-07.2025.5.12.0056,UNIDADE_NAO_CLASSIFICADA,Unidade nao classificada: 'NÚCLEO DE JUSTIÇA 4.0 DE COOPERAÇÃO JUDICIÁRIA',processos_30-07-2026.CSV,1111
0002191-15.2025.5.12.0056,UNIDADE_NAO_CLASSIFICADA,Unidade nao classificada: 'NÚCLEO DE JUSTIÇA 4.0 DE COOPERAÇÃO JUDICIÁRIA',processos_30-07-2026.CSV,1114
0000444-26.2025.5.12.0025,UNIDADE_NAO_CLASSIFICADA,Unidade nao classificada: 'NÚCLEO DE JUSTIÇA 4.0 DE COOPERAÇÃO JUDICIÁRIA',processos_30-07-2026.CSV,1117
0002649-28.2025.5.12.0025,UNIDADE_NAO_CLASSIFICADA,Unidade nao classificada: 'NÚCLEO DE JUSTIÇA 4.0 DE COOPERAÇÃO JUDICIÁRIA',processos_30-07-2026.CSV,1122
0000388-60.2026.5.12.0056,UNIDADE_NAO_CLASSIFICADA,Unidade nao classificada: 'NÚCLEO DE JUSTIÇA 4.0 DE COOPERAÇÃO JUDICIÁRIA',processos_30-07-2026.CSV,1127
0002001-52.2025.5.12.0056,UNIDADE_NAO_CLASSIFICADA,Unidade nao classificada: 'NÚCLEO DE JUSTIÇA 4.0 DE COOPERAÇÃO JUDICIÁRIA',processos_30-07-2026.CSV,1128
0000098-41.2026.5.12.0025,UNIDADE_NAO_CLASSIFICADA,Unidade nao classificada: 'NÚCLEO DE JUSTIÇA 4.0 DE COOPERAÇÃO JUDICIÁRIA',processos_30-07-2026.CSV,1134
0000247-41.2026.5.12.0056,UNIDADE_NAO_CLASSIFICADA,Unidade nao classificada: 'NÚCLEO DE JUSTIÇA 4.0 DE COOPERAÇÃO JUDICIÁRIA',processos_30-07-2026.CSV,1136
0002237-04.2025.5.12.0056,UNIDADE_NAO_CLASSIFICADA,Unidade nao classificada: 'NÚCLEO DE JUSTIÇA 4.0 DE COOPERAÇÃO JUDICIÁRIA',processos_30-07-2026.CSV,1138
0001870-73.2025.5.12.0025,UNIDADE_NAO_CLASSIFICADA,Unidade nao classificada: 'NÚCLEO DE JUSTIÇA 4.0 DE COOPERAÇÃO JUDICIÁRIA',processos_30-07-2026.CSV,1144
0002110-66.2025.5.12.0056,UNIDADE_NAO_CLASSIFICADA,Unidade nao classificada: 'NÚCLEO DE JUSTIÇA 4.0 DE COOPERAÇÃO JUDICIÁRIA',processos_30-07-2026.CSV,1147
0002411-13.2025.5.12.0056,UNIDADE_NAO_CLASSIFICADA,Unidade nao classificada: 'NÚCLEO DE JUSTIÇA 4.0 DE COOPERAÇÃO JUDICIÁRIA',processos_30-07-2026.CSV,1148
0001967-74.2025.5.12.0057,UNIDADE_NAO_CLASSIFICADA,Unidade nao classificada: 'NÚCLEO DE JUSTIÇA 4.0 DE COOPERAÇÃO JUDICIÁRIA',processos_30-07-2026.CSV,1151
0002330-60.2025.5.12.0025,UNIDADE_NAO_CLASSIFICADA,Unidade nao classificada: 'NÚCLEO DE JUSTIÇA 4.0 DE COOPERAÇÃO JUDICIÁRIA',processos_30-07-2026.CSV,1153
0002810-38.2025.5.12.0025,UNIDADE_NAO_CLASSIFICADA,Unidade nao classificada: 'NÚCLEO DE JUSTIÇA 4.0 DE COOPERAÇÃO JUDICIÁRIA',processos_30-07-2026.CSV,1155
0000145-15.2026.5.12.0025,UNIDADE_NAO_CLASSIFICADA,Unidade nao classificada: 'NÚCLEO DE JUSTIÇA 4.0 DE COOPERAÇÃO JUDICIÁRIA',processos_30-07-2026.CSV,1161
0002389-52.2025.5.12.0056,UNIDADE_NAO_CLASSIFICADA,Unidade nao classificada: 'NÚCLEO DE JUSTIÇA 4.0 DE COOPERAÇÃO JUDICIÁRIA',processos_30-07-2026.CSV,1163
0002796-54.2025.5.12.0025,UNIDADE_NAO_CLASSIFICADA,Unidade nao classificada: 'NÚCLEO DE JUSTIÇA 4.0 DE COOPERAÇÃO JUDICIÁRIA',processos_30-07-2026.CSV,1166
0002888-36.2025.5.12.0056,UNIDADE_NAO_CLASSIFICADA,Unidade nao classificada: 'NÚCLEO DE JUSTIÇA 4.0 DE COOPERAÇÃO JUDICIÁRIA',processos_30-07-2026.CSV,1168
0002795-69.2025.5.12.0025,UNIDADE_NAO_CLASSIFICADA,Unidade nao classificada: 'NÚCLEO DE JUSTIÇA 4.0 DE COOPERAÇÃO JUDICIÁRIA',processos_30-07-2026.CSV,1172
0002340-07.2025.5.12.0025,UNIDADE_NAO_CLASSIFICADA,Unidade nao classificada: 'NÚCLEO DE JUSTIÇA 4.0 DE COOPERAÇÃO JUDICIÁRIA',processos_30-07-2026.CSV,1173
0001615-22.2025.5.12.0056,UNIDADE_NAO_CLASSIFICADA,Unidade nao classificada: 'NÚCLEO DE JUSTIÇA 4.0 DE COOPERAÇÃO JUDICIÁRIA',processos_30-07-2026.CSV,1176
0002766-23.2025.5.12.0056,UNIDADE_NAO_CLASSIFICADA,Unidade nao classificada: 'NÚCLEO DE JUSTIÇA 4.0 DE COOPERAÇÃO JUDICIÁRIA',processos_30-07-2026.CSV,1187
0002936-92.2025.5.12.0056,UNIDADE_NAO_CLASSIFICADA,Unidade nao classificada: 'NÚCLEO DE JUSTIÇA 4.0 DE COOPERAÇÃO JUDICIÁRIA',processos_30-07-2026.CSV,1189
0002662-31.2025.5.12.0056,UNIDADE_NAO_CLASSIFICADA,Unidade nao classificada: 'NÚCLEO DE JUSTIÇA 4.0 DE COOPERAÇÃO JUDICIÁRIA',processos_30-07-2026.CSV,1195
0002846-84.2025.5.12.0056,UNIDADE_NAO_CLASSIFICADA,Unidade nao classificada: 'NÚCLEO DE JUSTIÇA 4.0 DE COOPERAÇÃO JUDICIÁRIA',processos_30-07-2026.CSV,1203
0002138-34.2025.5.12.0056,UNIDADE_NAO_CLASSIFICADA,Unidade nao classificada: 'NÚCLEO DE JUSTIÇA 4.0 DE COOPERAÇÃO JUDICIÁRIA',processos_30-07-2026.CSV,1205
0002004-07.2025.5.12.0056,UNIDADE_NAO_CLASSIFICADA,Unidade nao classificada: 'NÚCLEO DE JUSTIÇA 4.0 DE COOPERAÇÃO JUDICIÁRIA',processos_30-07-2026.CSV,1210
0002202-44.2025.5.12.0056,UNIDADE_NAO_CLASSIFICADA,Unidade nao classificada: 'NÚCLEO DE JUSTIÇA 4.0 DE COOPERAÇÃO JUDICIÁRIA',processos_30-07-2026.CSV,1214
0002396-44.2025.5.12.0056,UNIDADE_NAO_CLASSIFICADA,Unidade nao classificada: 'NÚCLEO DE JUSTIÇA 4.0 DE COOPERAÇÃO JUDICIÁRIA',processos_30-07-2026.CSV,1215
0001080-93.2025.5.12.0056,UNIDADE_NAO_CLASSIFICADA,Unidade nao classificada: 'NÚCLEO DE JUSTIÇA 4.0 DE COOPERAÇÃO JUDICIÁRIA',processos_30-07-2026.CSV,1221
0002221-46.2025.5.12.0025,UNIDADE_NAO_CLASSIFICADA,Unidade nao classificada: 'NÚCLEO DE JUSTIÇA 4.0 DE COOPERAÇÃO JUDICIÁRIA',processos_30-07-2026.CSV,1233
0003685-91.2025.5.12.0062,UNIDADE_NAO_CLASSIFICADA,Unidade nao classificada: 'NÚCLEO DE JUSTIÇA 4.0 DE COOPERAÇÃO JUDICIÁRIA',processos_30-07-2026.CSV,1236
0002022-28.2025.5.12.0056,UNIDADE_NAO_CLASSIFICADA,Unidade nao classificada: 'NÚCLEO DE JUSTIÇA 4.0 DE COOPERAÇÃO JUDICIÁRIA',processos_30-07-2026.CSV,1239
0002203-29.2025.5.12.0056,UNIDADE_NAO_CLASSIFICADA,Unidade nao classificada: 'NÚCLEO DE JUSTIÇA 4.0 DE COOPERAÇÃO JUDICIÁRIA',processos_30-07-2026.CSV,1247
0002802-65.2025.5.12.0056,UNIDADE_NAO_CLASSIFICADA,Unidade nao classificada: 'NÚCLEO DE JUSTIÇA 4.0 DE COOPERAÇÃO JUDICIÁRIA',processos_30-07-2026.CSV,1249
0000994-21.2025.5.12.0025,UNIDADE_NAO_CLASSIFICADA,Unidade nao classificada: 'NÚCLEO DE JUSTIÇA 4.0 DE COOPERAÇÃO JUDICIÁRIA',processos_30-07-2026.CSV,1254
0000404-14.2026.5.12.0056,UNIDADE_NAO_CLASSIFICADA,Unidade nao classificada: 'NÚCLEO DE JUSTIÇA 4.0 DE COOPERAÇÃO JUDICIÁRIA',processos_30-07-2026.CSV,1260
0000397-22.2026.5.12.0056,UNIDADE_NAO_CLASSIFICADA,Unidade nao classificada: 'NÚCLEO DE JUSTIÇA 4.0 DE COOPERAÇÃO JUDICIÁRIA',processos_30-07-2026.CSV,1263
0000555-73.2026.5.12.0025,UNIDADE_NAO_CLASSIFICADA,Unidade nao classificada: 'NÚCLEO DE JUSTIÇA 4.0 DE COOPERAÇÃO JUDICIÁRIA',processos_30-07-2026.CSV,1265
0002196-33.2025.5.12.0025,UNIDADE_NAO_CLASSIFICADA,Unidade nao classificada: 'NÚCLEO DE JUSTIÇA 4.0 DE COOPERAÇÃO JUDICIÁRIA',processos_30-07-2026.CSV,1269
0002608-65.2025.5.12.0056,UNIDADE_NAO_CLASSIFICADA,Unidade nao classificada: 'NÚCLEO DE JUSTIÇA 4.0 DE COOPERAÇÃO JUDICIÁRIA',processos_30-07-2026.CSV,1271
0000437-04.2026.5.12.0056,UNIDADE_NAO_CLASSIFICADA,Unidade nao classificada: 'NÚCLEO DE JUSTIÇA 4.0 DE COOPERAÇÃO JUDICIÁRIA',processos_30-07-2026.CSV,1274
0001761-59.2025.5.12.0025,UNIDADE_NAO_CLASSIFICADA,Unidade nao classificada: 'NÚCLEO DE JUSTIÇA 4.0 DE COOPERAÇÃO JUDICIÁRIA',processos_30-07-2026.CSV,1276
0002392-03.2025.5.12.0025,UNIDADE_NAO_CLASSIFICADA,Unidade nao classificada: 'NÚCLEO DE JUSTIÇA 4.0 DE COOPERAÇÃO JUDICIÁRIA',processos_30-07-2026.CSV,1280
0002610-35.2025.5.12.0056,UNIDADE_NAO_CLASSIFICADA,Unidade nao classificada: 'NÚCLEO DE JUSTIÇA 4.0 DE COOPERAÇÃO JUDICIÁRIA',processos_30-07-2026.CSV,1281
0000227-46.2026.5.12.0025,UNIDADE_NAO_CLASSIFICADA,Unidade nao classificada: 'NÚCLEO DE JUSTIÇA 4.0 DE COOPERAÇÃO JUDICIÁRIA',processos_30-07-2026.CSV,1285
0000531-49.2026.5.12.0056,UNIDADE_NAO_CLASSIFICADA,Unidade nao classificada: 'NÚCLEO DE JUSTIÇA 4.0 DE COOPERAÇÃO JUDICIÁRIA',processos_30-07-2026.CSV,1287
0000289-86.2026.5.12.0025,UNIDADE_NAO_CLASSIFICADA,Unidade nao classificada: 'NÚCLEO DE JUSTIÇA 4.0 DE COOPERAÇÃO JUDICIÁRIA',processos_30-07-2026.CSV,1288
0002176-46.2025.5.12.0056,UNIDADE_NAO_CLASSIFICADA,Unidade nao classificada: 'NÚCLEO DE JUSTIÇA 4.0 DE COOPERAÇÃO JUDICIÁRIA',processos_30-07-2026.CSV,1291
0002451-92.2025.5.12.0056,UNIDADE_NAO_CLASSIFICADA,Unidade nao classificada: 'NÚCLEO DE JUSTIÇA 4.0 DE COOPERAÇÃO JUDICIÁRIA',processos_30-07-2026.CSV,1292
0000262-06.2026.5.12.0025,UNIDADE_NAO_CLASSIFICADA,Unidade nao classificada: 'NÚCLEO DE JUSTIÇA 4.0 DE COOPERAÇÃO JUDICIÁRIA',processos_30-07-2026.CSV,1297
0000228-35.2026.5.12.0056,UNIDADE_NAO_CLASSIFICADA,Unidade nao classificada: 'NÚCLEO DE JUSTIÇA 4.0 DE COOPERAÇÃO JUDICIÁRIA',processos_30-07-2026.CSV,1298
0002466-57.2025.5.12.0025,UNIDADE_NAO_CLASSIFICADA,Unidade nao classificada: 'NÚCLEO DE JUSTIÇA 4.0 DE COOPERAÇÃO JUDICIÁRIA',processos_30-07-2026.CSV,1300
0002493-74.2024.5.12.0025,UNIDADE_NAO_CLASSIFICADA,Unidade nao classificada: 'NÚCLEO DE JUSTIÇA 4.0 DE COOPERAÇÃO JUDICIÁRIA',processos_30-07-2026.CSV,1304
0000396-33.2026.5.12.0025,UNIDADE_NAO_CLASSIFICADA,Unidade nao classificada: 'NÚCLEO DE JUSTIÇA 4.0 DE COOPERAÇÃO JUDICIÁRIA',processos_30-07-2026.CSV,1307
0000575-68.2026.5.12.0056,UNIDADE_NAO_CLASSIFICADA,Unidade nao classificada: 'NÚCLEO DE JUSTIÇA 4.0 DE COOPERAÇÃO JUDICIÁRIA',processos_30-07-2026.CSV,1310
0000532-30.2026.5.12.0025,UNIDADE_NAO_CLASSIFICADA,Unidade nao classificada: 'NÚCLEO DE JUSTIÇA 4.0 DE COOPERAÇÃO JUDICIÁRIA',processos_30-07-2026.CSV,1318
0000418-91.2026.5.12.0025,UNIDADE_NAO_CLASSIFICADA,Unidade nao classificada: 'NÚCLEO DE JUSTIÇA 4.0 DE COOPERAÇÃO JUDICIÁRIA',processos_30-07-2026.CSV,1326
0000633-67.2026.5.12.0025,UNIDADE_NAO_CLASSIFICADA,Unidade nao classificada: 'NÚCLEO DE JUSTIÇA 4.0 DE COOPERAÇÃO JUDICIÁRIA',processos_30-07-2026.CSV,1331
0001913-44.2024.5.12.0025,UNIDADE_NAO_CLASSIFICADA,Unidade nao classificada: 'NÚCLEO DE JUSTIÇA 4.0 DE COOPERAÇÃO JUDICIÁRIA',processos_30-07-2026.CSV,1333
0000609-43.2026.5.12.0056,UNIDADE_NAO_CLASSIFICADA,Unidade nao classificada: 'NÚCLEO DE JUSTIÇA 4.0 DE COOPERAÇÃO JUDICIÁRIA',processos_30-07-2026.CSV,1335
0002483-93.2025.5.12.0025,UNIDADE_NAO_CLASSIFICADA,Unidade nao classificada: 'NÚCLEO DE JUSTIÇA 4.0 DE COOPERAÇÃO JUDICIÁRIA',processos_30-07-2026.CSV,1339
0000703-84.2026.5.12.0025,UNIDADE_NAO_CLASSIFICADA,Unidade nao classificada: 'NÚCLEO DE JUSTIÇA 4.0 DE COOPERAÇÃO JUDICIÁRIA',processos_30-07-2026.CSV,1347
0003025-18.2025.5.12.0056,UNIDADE_NAO_CLASSIFICADA,Unidade nao classificada: 'NÚCLEO DE JUSTIÇA 4.0 DE COOPERAÇÃO JUDICIÁRIA',processos_30-07-2026.CSV,1353
0000796-47.2026.5.12.0025,UNIDADE_NAO_CLASSIFICADA,Unidade nao classificada: 'NÚCLEO DE JUSTIÇA 4.0 DE COOPERAÇÃO JUDICIÁRIA',processos_30-07-2026.CSV,1355
0002342-78.2025.5.12.0056,UNIDADE_NAO_CLASSIFICADA,Unidade nao classificada: 'NÚCLEO DE JUSTIÇA 4.0 DE COOPERAÇÃO JUDICIÁRIA',processos_30-07-2026.CSV,1368
0002343-59.2025.5.12.0025,UNIDADE_NAO_CLASSIFICADA,Unidade nao classificada: 'NÚCLEO DE JUSTIÇA 4.0 DE COOPERAÇÃO JUDICIÁRIA',processos_30-07-2026.CSV,1374
0002535-89.2025.5.12.0025,UNIDADE_NAO_CLASSIFICADA,Unidade nao classificada: 'NÚCLEO DE JUSTIÇA 4.0 DE COOPERAÇÃO JUDICIÁRIA',processos_30-07-2026.CSV,1379
0000922-97.2026.5.12.0025,UNIDADE_NAO_CLASSIFICADA,Unidade nao classificada: 'NÚCLEO DE JUSTIÇA 4.0 DE COOPERAÇÃO JUDICIÁRIA',processos_30-07-2026.CSV,1384
0002548-88.2025.5.12.0025,UNIDADE_NAO_CLASSIFICADA,Unidade nao classificada: 'NÚCLEO DE JUSTIÇA 4.0 DE COOPERAÇÃO JUDICIÁRIA',processos_30-07-2026.CSV,1387
0002683-03.2025.5.12.0025,UNIDADE_NAO_CLASSIFICADA,Unidade nao classificada: 'NÚCLEO DE JUSTIÇA 4.0 DE COOPERAÇÃO JUDICIÁRIA',processos_30-07-2026.CSV,1388
0002980-40.2025.5.12.0015,UNIDADE_NAO_CLASSIFICADA,Unidade nao classificada: 'NÚCLEO DE JUSTIÇA 4.0 DE COOPERAÇÃO JUDICIÁRIA',processos_30-07-2026.CSV,1491
0000345-52.2026.5.12.0015,UNIDADE_NAO_CLASSIFICADA,Unidade nao classificada: 'NÚCLEO DE JUSTIÇA 4.0 DE COOPERAÇÃO JUDICIÁRIA',processos_30-07-2026.CSV,1495
0003051-42.2025.5.12.0015,UNIDADE_NAO_CLASSIFICADA,Unidade nao classificada: 'NÚCLEO DE JUSTIÇA 4.0 DE COOPERAÇÃO JUDICIÁRIA',processos_30-07-2026.CSV,1499
0000002-56.2026.5.12.0015,UNIDADE_NAO_CLASSIFICADA,Unidade nao classificada: 'NÚCLEO DE JUSTIÇA 4.0 DE COOPERAÇÃO JUDICIÁRIA',processos_30-07-2026.CSV,1505
0000775-75.2026.5.12.0056,UNIDADE_NAO_CLASSIFICADA,Unidade nao classificada: 'NÚCLEO DE JUSTIÇA 4.0 DE COOPERAÇÃO JUDICIÁRIA',processos_30-07-2026.CSV,1533
0003179-62.2025.5.12.0015,UNIDADE_NAO_CLASSIFICADA,Unidade nao classificada: 'NÚCLEO DE JUSTIÇA 4.0 DE COOPERAÇÃO JUDICIÁRIA',processos_30-07-2026.CSV,1538
0002307-21.2025.5.12.0056,UNIDADE_NAO_CLASSIFICADA,Unidade nao classificada: 'NÚCLEO DE JUSTIÇA 4.0 DE COOPERAÇÃO JUDICIÁRIA',processos_30-07-2026.CSV,1540
0000329-72.2026.5.12.0056,UNIDADE_NAO_CLASSIFICADA,Unidade nao classificada: 'NÚCLEO DE JUSTIÇA 4.0 DE COOPERAÇÃO JUDICIÁRIA',processos_30-07-2026.CSV,1542
0002854-87.2025.5.12.0015,UNIDADE_NAO_CLASSIFICADA,Unidade nao classificada: 'NÚCLEO DE JUSTIÇA 4.0 DE COOPERAÇÃO JUDICIÁRIA',processos_30-07-2026.CSV,1545
0002399-96.2025.5.12.0056,UNIDADE_NAO_CLASSIFICADA,Unidade nao classificada: 'NÚCLEO DE JUSTIÇA 4.0 DE COOPERAÇÃO JUDICIÁRIA',processos_30-07-2026.CSV,1547
0000565-24.2026.5.12.0056,UNIDADE_NAO_CLASSIFICADA,Unidade nao classificada: 'NÚCLEO DE JUSTIÇA 4.0 DE COOPERAÇÃO JUDICIÁRIA',processos_30-07-2026.CSV,1549
0002197-22.2025.5.12.0056,UNIDADE_NAO_CLASSIFICADA,Unidade nao classificada: 'NÚCLEO DE JUSTIÇA 4.0 DE COOPERAÇÃO JUDICIÁRIA',processos_30-07-2026.CSV,1553
0002956-12.2025.5.12.0015,UNIDADE_NAO_CLASSIFICADA,Unidade nao classificada: 'NÚCLEO DE JUSTIÇA 4.0 DE COOPERAÇÃO JUDICIÁRIA',processos_30-07-2026.CSV,1556
0002093-30.2025.5.12.0056,UNIDADE_NAO_CLASSIFICADA,Unidade nao classificada: 'NÚCLEO DE JUSTIÇA 4.0 DE COOPERAÇÃO JUDICIÁRIA',processos_30-07-2026.CSV,1558
0002522-23.2025.5.12.0015,UNIDADE_NAO_CLASSIFICADA,Unidade nao classificada: 'NÚCLEO DE JUSTIÇA 4.0 DE COOPERAÇÃO JUDICIÁRIA',processos_30-07-2026.CSV,1563
0000512-69.2026.5.12.0015,UNIDADE_NAO_CLASSIFICADA,Unidade nao classificada: 'NÚCLEO DE JUSTIÇA 4.0 DE COOPERAÇÃO JUDICIÁRIA',processos_30-07-2026.CSV,1565
0002239-71.2025.5.12.0056,UNIDADE_NAO_CLASSIFICADA,Unidade nao classificada: 'NÚCLEO DE JUSTIÇA 4.0 DE COOPERAÇÃO JUDICIÁRIA',processos_31-07-2026.CSV,135
0000893-85.2025.5.12.0056,UNIDADE_NAO_CLASSIFICADA,Unidade nao classificada: 'NÚCLEO DE JUSTIÇA 4.0 DE COOPERAÇÃO JUDICIÁRIA',processos_31-07-2026.CSV,144
0001587-54.2025.5.12.0056,UNIDADE_NAO_CLASSIFICADA,Unidade nao classificada: 'NÚCLEO DE JUSTIÇA 4.0 DE COOPERAÇÃO JUDICIÁRIA',processos_31-07-2026.CSV,147
0000350-48.2026.5.12.0056,UNIDADE_NAO_CLASSIFICADA,Unidade nao classificada: 'NÚCLEO DE JUSTIÇA 4.0 DE COOPERAÇÃO JUDICIÁRIA',processos_31-07-2026.CSV,152
0002349-70.2025.5.12.0056,UNIDADE_NAO_CLASSIFICADA,Unidade nao classificada: 'NÚCLEO DE JUSTIÇA 4.0 DE COOPERAÇÃO JUDICIÁRIA',processos_31-07-2026.CSV,161
0002609-50.2025.5.12.0056,UNIDADE_NAO_CLASSIFICADA,Unidade nao classificada: 'NÚCLEO DE JUSTIÇA 4.0 DE COOPERAÇÃO JUDICIÁRIA',processos_31-07-2026.CSV,164
0002153-03.2025.5.12.0056,UNIDADE_NAO_CLASSIFICADA,Unidade nao classificada: 'NÚCLEO DE JUSTIÇA 4.0 DE COOPERAÇÃO JUDICIÁRIA',processos_31-07-2026.CSV,167
0002561-91.2025.5.12.0056,UNIDADE_NAO_CLASSIFICADA,Unidade nao classificada: 'NÚCLEO DE JUSTIÇA 4.0 DE COOPERAÇÃO JUDICIÁRIA',processos_31-07-2026.CSV,176
0002131-42.2025.5.12.0056,UNIDADE_NAO_CLASSIFICADA,Unidade nao classificada: 'NÚCLEO DE JUSTIÇA 4.0 DE COOPERAÇÃO JUDICIÁRIA',processos_31-07-2026.CSV,182
0002351-40.2025.5.12.0056,UNIDADE_NAO_CLASSIFICADA,Unidade nao classificada: 'NÚCLEO DE JUSTIÇA 4.0 DE COOPERAÇÃO JUDICIÁRIA',processos_31-07-2026.CSV,183
0002387-82.2025.5.12.0056,UNIDADE_NAO_CLASSIFICADA,Unidade nao classificada: 'NÚCLEO DE JUSTIÇA 4.0 DE COOPERAÇÃO JUDICIÁRIA',processos_31-07-2026.CSV,192
0001487-02.2025.5.12.0056,UNIDADE_NAO_CLASSIFICADA,Unidade nao classificada: 'NÚCLEO DE JUSTIÇA 4.0 DE COOPERAÇÃO JUDICIÁRIA',processos_31-07-2026.CSV,198
0002077-76.2025.5.12.0056,UNIDADE_NAO_CLASSIFICADA,Unidade nao classificada: 'NÚCLEO DE JUSTIÇA 4.0 DE COOPERAÇÃO JUDICIÁRIA',processos_31-07-2026.CSV,203
0002109-81.2025.5.12.0056,UNIDADE_NAO_CLASSIFICADA,Unidade nao classificada: 'NÚCLEO DE JUSTIÇA 4.0 DE COOPERAÇÃO JUDICIÁRIA',processos_31-07-2026.CSV,204
0002573-08.2025.5.12.0056,UNIDADE_NAO_CLASSIFICADA,Unidade nao classificada: 'NÚCLEO DE JUSTIÇA 4.0 DE COOPERAÇÃO JUDICIÁRIA',processos_31-07-2026.CSV,207
0002573-08.2025.5.12.0056,UNIDADE_NAO_CLASSIFICADA,Unidade nao classificada: 'NÚCLEO DE JUSTIÇA 4.0 DE COOPERAÇÃO JUDICIÁRIA',processos_31-07-2026.CSV,208
0001789-31.2025.5.12.0056,UNIDADE_NAO_CLASSIFICADA,Unidade nao classificada: 'NÚCLEO DE JUSTIÇA 4.0 DE COOPERAÇÃO JUDICIÁRIA',processos_31-07-2026.CSV,212
0001927-24.2025.5.12.0015,UNIDADE_NAO_CLASSIFICADA,Unidade nao classificada: 'NÚCLEO DE JUSTIÇA 4.0 DE COOPERAÇÃO JUDICIÁRIA',processos_31-07-2026.CSV,248
0000661-65.2026.5.12.0015,UNIDADE_NAO_CLASSIFICADA,Unidade nao classificada: 'NÚCLEO DE JUSTIÇA 4.0 DE COOPERAÇÃO JUDICIÁRIA',processos_31-07-2026.CSV,250
0000287-49.2026.5.12.0015,UNIDADE_NAO_CLASSIFICADA,Unidade nao classificada: 'NÚCLEO DE JUSTIÇA 4.0 DE COOPERAÇÃO JUDICIÁRIA',processos_31-07-2026.CSV,253
0000628-75.2026.5.12.0015,UNIDADE_NAO_CLASSIFICADA,Unidade nao classificada: 'NÚCLEO DE JUSTIÇA 4.0 DE COOPERAÇÃO JUDICIÁRIA',processos_31-07-2026.CSV,258
0000462-43.2026.5.12.0015,UNIDADE_NAO_CLASSIFICADA,Unidade nao classificada: 'NÚCLEO DE JUSTIÇA 4.0 DE COOPERAÇÃO JUDICIÁRIA',processos_31-07-2026.CSV,261
0000215-62.2026.5.12.0015,UNIDADE_NAO_CLASSIFICADA,Unidade nao classificada: 'NÚCLEO DE JUSTIÇA 4.0 DE COOPERAÇÃO JUDICIÁRIA',processos_31-07-2026.CSV,264
0000548-14.2026.5.12.0015,UNIDADE_NAO_CLASSIFICADA,Unidade nao classificada: 'NÚCLEO DE JUSTIÇA 4.0 DE COOPERAÇÃO JUDICIÁRIA',processos_31-07-2026.CSV,267
0000430-38.2026.5.12.0015,UNIDADE_NAO_CLASSIFICADA,Unidade nao classificada: 'NÚCLEO DE JUSTIÇA 4.0 DE COOPERAÇÃO JUDICIÁRIA',processos_31-07-2026.CSV,273
0002993-39.2025.5.12.0015,UNIDADE_NAO_CLASSIFICADA,Unidade nao classificada: 'NÚCLEO DE JUSTIÇA 4.0 DE COOPERAÇÃO JUDICIÁRIA',processos_31-07-2026.CSV,277
0003147-57.2025.5.12.0015,UNIDADE_NAO_CLASSIFICADA,Unidade nao classificada: 'NÚCLEO DE JUSTIÇA 4.0 DE COOPERAÇÃO JUDICIÁRIA',processos_31-07-2026.CSV,281
0003148-42.2025.5.12.0015,UNIDADE_NAO_CLASSIFICADA,Unidade nao classificada: 'NÚCLEO DE JUSTIÇA 4.0 DE COOPERAÇÃO JUDICIÁRIA',processos_31-07-2026.CSV,284
0000001-71.2026.5.12.0015,UNIDADE_NAO_CLASSIFICADA,Unidade nao classificada: 'NÚCLEO DE JUSTIÇA 4.0 DE COOPERAÇÃO JUDICIÁRIA',processos_31-07-2026.CSV,291
0000011-18.2026.5.12.0015,UNIDADE_NAO_CLASSIFICADA,Unidade nao classificada: 'NÚCLEO DE JUSTIÇA 4.0 DE COOPERAÇÃO JUDICIÁRIA',processos_31-07-2026.CSV,293
0000444-22.2026.5.12.0015,UNIDADE_NAO_CLASSIFICADA,Unidade nao classificada: 'NÚCLEO DE JUSTIÇA 4.0 DE COOPERAÇÃO JUDICIÁRIA',processos_31-07-2026.CSV,296
0000470-20.2026.5.12.0015,UNIDADE_NAO_CLASSIFICADA,Unidade nao classificada: 'NÚCLEO DE JUSTIÇA 4.0 DE COOPERAÇÃO JUDICIÁRIA',processos_31-07-2026.CSV,300
0002771-71.2025.5.12.0015,UNIDADE_NAO_CLASSIFICADA,Unidade nao classificada: 'NÚCLEO DE JUSTIÇA 4.0 DE COOPERAÇÃO JUDICIÁRIA',processos_31-07-2026.CSV,303
0002650-43.2025.5.12.0015,UNIDADE_NAO_CLASSIFICADA,Unidade nao classificada: 'NÚCLEO DE JUSTIÇA 4.0 DE COOPERAÇÃO JUDICIÁRIA',processos_31-07-2026.CSV,307
0003175-25.2025.5.12.0015,UNIDADE_NAO_CLASSIFICADA,Unidade nao classificada: 'NÚCLEO DE JUSTIÇA 4.0 DE COOPERAÇÃO JUDICIÁRIA',processos_31-07-2026.CSV,312
0000225-09.2026.5.12.0015,UNIDADE_NAO_CLASSIFICADA,Unidade nao classificada: 'NÚCLEO DE JUSTIÇA 4.0 DE COOPERAÇÃO JUDICIÁRIA',processos_31-07-2026.CSV,316
0000027-69.2026.5.12.0015,UNIDADE_NAO_CLASSIFICADA,Unidade nao classificada: 'NÚCLEO DE JUSTIÇA 4.0 DE COOPERAÇÃO JUDICIÁRIA',processos_31-07-2026.CSV,323
0002873-93.2025.5.12.0015,UNIDADE_NAO_CLASSIFICADA,Unidade nao classificada: 'NÚCLEO DE JUSTIÇA 4.0 DE COOPERAÇÃO JUDICIÁRIA',processos_31-07-2026.CSV,326
0000033-76.2026.5.12.0015,UNIDADE_NAO_CLASSIFICADA,Unidade nao classificada: 'NÚCLEO DE JUSTIÇA 4.0 DE COOPERAÇÃO JUDICIÁRIA',processos_31-07-2026.CSV,328
0002547-36.2025.5.12.0015,UNIDADE_NAO_CLASSIFICADA,Unidade nao classificada: 'NÚCLEO DE JUSTIÇA 4.0 DE COOPERAÇÃO JUDICIÁRIA',processos_31-07-2026.CSV,332
0003190-91.2025.5.12.0015,UNIDADE_NAO_CLASSIFICADA,Unidade nao classificada: 'NÚCLEO DE JUSTIÇA 4.0 DE COOPERAÇÃO JUDICIÁRIA',processos_31-07-2026.CSV,336
0000452-96.2026.5.12.0015,UNIDADE_NAO_CLASSIFICADA,Unidade nao classificada: 'NÚCLEO DE JUSTIÇA 4.0 DE COOPERAÇÃO JUDICIÁRIA',processos_31-07-2026.CSV,338
0000577-64.2026.5.12.0015,UNIDADE_NAO_CLASSIFICADA,Unidade nao classificada: 'NÚCLEO DE JUSTIÇA 4.0 DE COOPERAÇÃO JUDICIÁRIA',processos_31-07-2026.CSV,340
0003111-15.2025.5.12.0015,UNIDADE_NAO_CLASSIFICADA,Unidade nao classificada: 'NÚCLEO DE JUSTIÇA 4.0 DE COOPERAÇÃO JUDICIÁRIA',processos_31-07-2026.CSV,345
0002285-86.2025.5.12.0015,UNIDADE_NAO_CLASSIFICADA,Unidade nao classificada: 'NÚCLEO DE JUSTIÇA 4.0 DE COOPERAÇÃO JUDICIÁRIA',processos_31-07-2026.CSV,349
0002555-13.2025.5.12.0015,UNIDADE_NAO_CLASSIFICADA,Unidade nao classificada: 'NÚCLEO DE JUSTIÇA 4.0 DE COOPERAÇÃO JUDICIÁRIA',processos_31-07-2026.CSV,350
0000129-91.2026.5.12.0015,UNIDADE_NAO_CLASSIFICADA,Unidade nao classificada: 'NÚCLEO DE JUSTIÇA 4.0 DE COOPERAÇÃO JUDICIÁRIA',processos_31-07-2026.CSV,352
0000238-08.2026.5.12.0015,UNIDADE_NAO_CLASSIFICADA,Unidade nao classificada: 'NÚCLEO DE JUSTIÇA 4.0 DE COOPERAÇÃO JUDICIÁRIA',processos_31-07-2026.CSV,357
0003070-48.2025.5.12.0015,UNIDADE_NAO_CLASSIFICADA,Unidade nao classificada: 'NÚCLEO DE JUSTIÇA 4.0 DE COOPERAÇÃO JUDICIÁRIA',processos_31-07-2026.CSV,360
0002889-47.2025.5.12.0015,UNIDADE_NAO_CLASSIFICADA,Unidade nao classificada: 'NÚCLEO DE JUSTIÇA 4.0 DE COOPERAÇÃO JUDICIÁRIA',processos_31-07-2026.CSV,374
0000019-92.2026.5.12.0015,UNIDADE_NAO_CLASSIFICADA,Unidade nao classificada: 'NÚCLEO DE JUSTIÇA 4.0 DE COOPERAÇÃO JUDICIÁRIA',processos_31-07-2026.CSV,393
0000708-39.2026.5.12.0015,UNIDADE_NAO_CLASSIFICADA,Unidade nao classificada: 'NÚCLEO DE JUSTIÇA 4.0 DE COOPERAÇÃO JUDICIÁRIA',processos_31-07-2026.CSV,402
0000054-52.2026.5.12.0015,UNIDADE_NAO_CLASSIFICADA,Unidade nao classificada: 'NÚCLEO DE JUSTIÇA 4.0 DE COOPERAÇÃO JUDICIÁRIA',processos_31-07-2026.CSV,414
0002344-48.2025.5.12.0056,UNIDADE_NAO_CLASSIFICADA,Unidade nao classificada: 'NÚCLEO DE JUSTIÇA 4.0 DE COOPERAÇÃO JUDICIÁRIA',processos_31-07-2026.CSV,423
0000956-76.2026.5.12.0056,UNIDADE_NAO_CLASSIFICADA,Unidade nao classificada: 'NÚCLEO DE JUSTIÇA 4.0 DE COOPERAÇÃO JUDICIÁRIA',processos_31-07-2026.CSV,429
0000013-85.2026.5.12.0015,UNIDADE_NAO_CLASSIFICADA,Unidade nao classificada: 'NÚCLEO DE JUSTIÇA 4.0 DE COOPERAÇÃO JUDICIÁRIA',processos_31-07-2026.CSV,431
0001243-35.2025.5.12.0004,UNIDADE_NAO_CLASSIFICADA,Unidade nao classificada: 'NÚCLEO DE JUSTIÇA 4.0 DE COOPERAÇÃO JUDICIÁRIA',processos_31-07-2026.CSV,436
0002410-54.2025.5.12.0015,UNIDADE_NAO_CLASSIFICADA,Unidade nao classificada: 'NÚCLEO DE JUSTIÇA 4.0 DE COOPERAÇÃO JUDICIÁRIA',processos_31-07-2026.CSV,437
0000055-11.2026.5.12.0056,UNIDADE_NAO_CLASSIFICADA,Unidade nao classificada: 'NÚCLEO DE JUSTIÇA 4.0 DE COOPERAÇÃO JUDICIÁRIA',processos_31-07-2026.CSV,443
0000018-10.2026.5.12.0015,UNIDADE_NAO_CLASSIFICADA,Unidade nao classificada: 'NÚCLEO DE JUSTIÇA 4.0 DE COOPERAÇÃO JUDICIÁRIA',processos_31-07-2026.CSV,451
0000057-78.2026.5.12.0056,UNIDADE_NAO_CLASSIFICADA,Unidade nao classificada: 'NÚCLEO DE JUSTIÇA 4.0 DE COOPERAÇÃO JUDICIÁRIA',processos_31-07-2026.CSV,464
0000301-33.2026.5.12.0015,UNIDADE_NAO_CLASSIFICADA,Unidade nao classificada: 'NÚCLEO DE JUSTIÇA 4.0 DE COOPERAÇÃO JUDICIÁRIA',processos_31-07-2026.CSV,469
0002025-80.2025.5.12.0056,UNIDADE_NAO_CLASSIFICADA,Unidade nao classificada: 'NÚCLEO DE JUSTIÇA 4.0 DE COOPERAÇÃO JUDICIÁRIA',processos_31-07-2026.CSV,472
0003200-38.2025.5.12.0015,UNIDADE_NAO_CLASSIFICADA,Unidade nao classificada: 'NÚCLEO DE JUSTIÇA 4.0 DE COOPERAÇÃO JUDICIÁRIA',processos_31-07-2026.CSV,481
0001981-61.2025.5.12.0056,UNIDADE_NAO_CLASSIFICADA,Unidade nao classificada: 'NÚCLEO DE JUSTIÇA 4.0 DE COOPERAÇÃO JUDICIÁRIA',processos_31-07-2026.CSV,483
0002947-50.2025.5.12.0015,UNIDADE_NAO_CLASSIFICADA,Unidade nao classificada: 'NÚCLEO DE JUSTIÇA 4.0 DE COOPERAÇÃO JUDICIÁRIA',processos_31-07-2026.CSV,504
0002089-90.2025.5.12.0056,UNIDADE_NAO_CLASSIFICADA,Unidade nao classificada: 'NÚCLEO DE JUSTIÇA 4.0 DE COOPERAÇÃO JUDICIÁRIA',processos_31-07-2026.CSV,505
0002343-63.2025.5.12.0056,UNIDADE_NAO_CLASSIFICADA,Unidade nao classificada: 'NÚCLEO DE JUSTIÇA 4.0 DE COOPERAÇÃO JUDICIÁRIA',processos_31-07-2026.CSV,517
0002701-54.2025.5.12.0015,UNIDADE_NAO_CLASSIFICADA,Unidade nao classificada: 'NÚCLEO DE JUSTIÇA 4.0 DE COOPERAÇÃO JUDICIÁRIA',processos_31-07-2026.CSV,520
0002345-33.2025.5.12.0056,UNIDADE_NAO_CLASSIFICADA,Unidade nao classificada: 'NÚCLEO DE JUSTIÇA 4.0 DE COOPERAÇÃO JUDICIÁRIA',processos_31-07-2026.CSV,535
0000905-91.2026.5.12.0015,UNIDADE_NAO_CLASSIFICADA,Unidade nao classificada: 'NÚCLEO DE JUSTIÇA 4.0 DE COOPERAÇÃO JUDICIÁRIA',processos_31-07-2026.CSV,545
0000417-13.2026.5.12.0056,UNIDADE_NAO_CLASSIFICADA,Unidade nao classificada: 'NÚCLEO DE JUSTIÇA 4.0 DE COOPERAÇÃO JUDICIÁRIA',processos_31-07-2026.CSV,550
0002056-03.2025.5.12.0056,UNIDADE_NAO_CLASSIFICADA,Unidade nao classificada: 'NÚCLEO DE JUSTIÇA 4.0 DE COOPERAÇÃO JUDICIÁRIA',processos_31-07-2026.CSV,560
0002944-95.2025.5.12.0015,UNIDADE_NAO_CLASSIFICADA,Unidade nao classificada: 'NÚCLEO DE JUSTIÇA 4.0 DE COOPERAÇÃO JUDICIÁRIA',processos_31-07-2026.CSV,577
0002306-36.2025.5.12.0056,UNIDADE_NAO_CLASSIFICADA,Unidade nao classificada: 'NÚCLEO DE JUSTIÇA 4.0 DE COOPERAÇÃO JUDICIÁRIA',processos_31-07-2026.CSV,579
0002108-96.2025.5.12.0056,UNIDADE_NAO_CLASSIFICADA,Unidade nao classificada: 'NÚCLEO DE JUSTIÇA 4.0 DE COOPERAÇÃO JUDICIÁRIA',processos_31-07-2026.CSV,584
0003090-39.2025.5.12.0015,UNIDADE_NAO_CLASSIFICADA,Unidade nao classificada: 'NÚCLEO DE JUSTIÇA 4.0 DE COOPERAÇÃO JUDICIÁRIA',processos_31-07-2026.CSV,589
0000218-88.2026.5.12.0056,UNIDADE_NAO_CLASSIFICADA,Unidade nao classificada: 'NÚCLEO DE JUSTIÇA 4.0 DE COOPERAÇÃO JUDICIÁRIA',processos_31-07-2026.CSV,593
0000406-81.2026.5.12.0056,UNIDADE_NAO_CLASSIFICADA,Unidade nao classificada: 'NÚCLEO DE JUSTIÇA 4.0 DE COOPERAÇÃO JUDICIÁRIA',processos_31-07-2026.CSV,599
0000256-03.2026.5.12.0056,UNIDADE_NAO_CLASSIFICADA,Unidade nao classificada: 'NÚCLEO DE JUSTIÇA 4.0 DE COOPERAÇÃO JUDICIÁRIA',processos_31-07-2026.CSV,607
0002086-38.2025.5.12.0056,UNIDADE_NAO_CLASSIFICADA,Unidade nao classificada: 'NÚCLEO DE JUSTIÇA 4.0 DE COOPERAÇÃO JUDICIÁRIA',processos_31-07-2026.CSV,617
0002106-29.2025.5.12.0056,UNIDADE_NAO_CLASSIFICADA,Unidade nao classificada: 'NÚCLEO DE JUSTIÇA 4.0 DE COOPERAÇÃO JUDICIÁRIA',processos_31-07-2026.CSV,627
0002636-33.2025.5.12.0056,UNIDADE_NAO_CLASSIFICADA,Unidade nao classificada: 'NÚCLEO DE JUSTIÇA 4.0 DE COOPERAÇÃO JUDICIÁRIA',processos_31-07-2026.CSV,631
0000672-94.2026.5.12.0015,UNIDADE_NAO_CLASSIFICADA,Unidade nao classificada: 'NÚCLEO DE JUSTIÇA 4.0 DE COOPERAÇÃO JUDICIÁRIA',processos_31-07-2026.CSV,634
0003117-22.2025.5.12.0015,UNIDADE_NAO_CLASSIFICADA,Unidade nao classificada: 'NÚCLEO DE JUSTIÇA 4.0 DE COOPERAÇÃO JUDICIÁRIA',processos_31-07-2026.CSV,639
0002238-86.2025.5.12.0056,UNIDADE_NAO_CLASSIFICADA,Unidade nao classificada: 'NÚCLEO DE JUSTIÇA 4.0 DE COOPERAÇÃO JUDICIÁRIA',processos_31-07-2026.CSV,640
0000407-92.2026.5.12.0015,UNIDADE_NAO_CLASSIFICADA,Unidade nao classificada: 'NÚCLEO DE JUSTIÇA 4.0 DE COOPERAÇÃO JUDICIÁRIA',processos_31-07-2026.CSV,644
0001550-27.2025.5.12.0056,UNIDADE_NAO_CLASSIFICADA,Unidade nao classificada: 'NÚCLEO DE JUSTIÇA 4.0 DE COOPERAÇÃO JUDICIÁRIA',processos_31-07-2026.CSV,649
0000924-97.2026.5.12.0015,UNIDADE_NAO_CLASSIFICADA,Unidade nao classificada: 'NÚCLEO DE JUSTIÇA 4.0 DE COOPERAÇÃO JUDICIÁRIA',processos_31-07-2026.CSV,653
0000218-17.2026.5.12.0015,UNIDADE_NAO_CLASSIFICADA,Unidade nao classificada: 'NÚCLEO DE JUSTIÇA 4.0 DE COOPERAÇÃO JUDICIÁRIA',processos_31-07-2026.CSV,658
0003105-08.2025.5.12.0015,UNIDADE_NAO_CLASSIFICADA,Unidade nao classificada: 'NÚCLEO DE JUSTIÇA 4.0 DE COOPERAÇÃO JUDICIÁRIA',processos_31-07-2026.CSV,663
0003106-90.2025.5.12.0015,UNIDADE_NAO_CLASSIFICADA,Unidade nao classificada: 'NÚCLEO DE JUSTIÇA 4.0 DE COOPERAÇÃO JUDICIÁRIA',processos_31-07-2026.CSV,665
0000081-35.2026.5.12.0015,UNIDADE_NAO_CLASSIFICADA,Unidade nao classificada: 'NÚCLEO DE JUSTIÇA 4.0 DE COOPERAÇÃO JUDICIÁRIA',processos_31-07-2026.CSV,669
0002200-74.2025.5.12.0056,UNIDADE_NAO_CLASSIFICADA,Unidade nao classificada: 'NÚCLEO DE JUSTIÇA 4.0 DE COOPERAÇÃO JUDICIÁRIA',processos_31-07-2026.CSV,671
0003191-76.2025.5.12.0015,UNIDADE_NAO_CLASSIFICADA,Unidade nao classificada: 'NÚCLEO DE JUSTIÇA 4.0 DE COOPERAÇÃO JUDICIÁRIA',processos_31-07-2026.CSV,674
0003098-16.2025.5.12.0015,UNIDADE_NAO_CLASSIFICADA,Unidade nao classificada: 'NÚCLEO DE JUSTIÇA 4.0 DE COOPERAÇÃO JUDICIÁRIA',processos_31-07-2026.CSV,675
0000314-32.2026.5.12.0015,UNIDADE_NAO_CLASSIFICADA,Unidade nao classificada: 'NÚCLEO DE JUSTIÇA 4.0 DE COOPERAÇÃO JUDICIÁRIA',processos_31-07-2026.CSV,681
0001076-73.2025.5.12.0018,UNIDADE_NAO_CLASSIFICADA,Unidade nao classificada: 'NÚCLEO DE JUSTIÇA 4.0 DE COOPERAÇÃO JUDICIÁRIA',processos_31-07-2026.CSV,683
0003201-23.2025.5.12.0015,UNIDADE_NAO_CLASSIFICADA,Unidade nao classificada: 'NÚCLEO DE JUSTIÇA 4.0 DE COOPERAÇÃO JUDICIÁRIA',processos_31-07-2026.CSV,684
0003202-08.2025.5.12.0015,UNIDADE_NAO_CLASSIFICADA,Unidade nao classificada: 'NÚCLEO DE JUSTIÇA 4.0 DE COOPERAÇÃO JUDICIÁRIA',processos_31-07-2026.CSV,690
0002088-08.2025.5.12.0056,UNIDADE_NAO_CLASSIFICADA,Unidade nao classificada: 'NÚCLEO DE JUSTIÇA 4.0 DE COOPERAÇÃO JUDICIÁRIA',processos_31-07-2026.CSV,691
0003091-24.2025.5.12.0015,UNIDADE_NAO_CLASSIFICADA,Unidade nao classificada: 'NÚCLEO DE JUSTIÇA 4.0 DE COOPERAÇÃO JUDICIÁRIA',processos_31-07-2026.CSV,698
0002142-71.2025.5.12.0056,UNIDADE_NAO_CLASSIFICADA,Unidade nao classificada: 'NÚCLEO DE JUSTIÇA 4.0 DE COOPERAÇÃO JUDICIÁRIA',processos_31-07-2026.CSV,700
0000055-37.2026.5.12.0015,UNIDADE_NAO_CLASSIFICADA,Unidade nao classificada: 'NÚCLEO DE JUSTIÇA 4.0 DE COOPERAÇÃO JUDICIÁRIA',processos_31-07-2026.CSV,706
0003041-95.2025.5.12.0015,UNIDADE_NAO_CLASSIFICADA,Unidade nao classificada: 'NÚCLEO DE JUSTIÇA 4.0 DE COOPERAÇÃO JUDICIÁRIA',processos_31-07-2026.CSV,718
0000175-80.2026.5.12.0015,UNIDADE_NAO_CLASSIFICADA,Unidade nao classificada: 'NÚCLEO DE JUSTIÇA 4.0 DE COOPERAÇÃO JUDICIÁRIA',processos_31-07-2026.CSV,726
0002811-53.2025.5.12.0015,UNIDADE_NAO_CLASSIFICADA,Unidade nao classificada: 'NÚCLEO DE JUSTIÇA 4.0 DE COOPERAÇÃO JUDICIÁRIA',processos_31-07-2026.CSV,732
0000032-91.2026.5.12.0015,UNIDADE_NAO_CLASSIFICADA,Unidade nao classificada: 'NÚCLEO DE JUSTIÇA 4.0 DE COOPERAÇÃO JUDICIÁRIA',processos_31-07-2026.CSV,740
0000056-22.2026.5.12.0015,UNIDADE_NAO_CLASSIFICADA,Unidade nao classificada: 'NÚCLEO DE JUSTIÇA 4.0 DE COOPERAÇÃO JUDICIÁRIA',processos_31-07-2026.CSV,744
0003142-35.2025.5.12.0015,UNIDADE_NAO_CLASSIFICADA,Unidade nao classificada: 'NÚCLEO DE JUSTIÇA 4.0 DE COOPERAÇÃO JUDICIÁRIA',processos_31-07-2026.CSV,749
0000062-29.2026.5.12.0015,UNIDADE_NAO_CLASSIFICADA,Unidade nao classificada: 'NÚCLEO DE JUSTIÇA 4.0 DE COOPERAÇÃO JUDICIÁRIA',processos_31-07-2026.CSV,753
0002831-44.2025.5.12.0015,UNIDADE_NAO_CLASSIFICADA,Unidade nao classificada: 'NÚCLEO DE JUSTIÇA 4.0 DE COOPERAÇÃO JUDICIÁRIA',processos_31-07-2026.CSV,758
0000809-76.2026.5.12.0015,UNIDADE_NAO_CLASSIFICADA,Unidade nao classificada: 'NÚCLEO DE JUSTIÇA 4.0 DE COOPERAÇÃO JUDICIÁRIA',processos_31-07-2026.CSV,765
0003198-68.2025.5.12.0015,UNIDADE_NAO_CLASSIFICADA,Unidade nao classificada: 'NÚCLEO DE JUSTIÇA 4.0 DE COOPERAÇÃO JUDICIÁRIA',processos_31-07-2026.CSV,769
0003176-10.2025.5.12.0015,UNIDADE_NAO_CLASSIFICADA,Unidade nao classificada: 'NÚCLEO DE JUSTIÇA 4.0 DE COOPERAÇÃO JUDICIÁRIA',processos_31-07-2026.CSV,779
0003097-31.2025.5.12.0015,UNIDADE_NAO_CLASSIFICADA,Unidade nao classificada: 'NÚCLEO DE JUSTIÇA 4.0 DE COOPERAÇÃO JUDICIÁRIA',processos_31-07-2026.CSV,785
0002720-60.2025.5.12.0015,UNIDADE_NAO_CLASSIFICADA,Unidade nao classificada: 'NÚCLEO DE JUSTIÇA 4.0 DE COOPERAÇÃO JUDICIÁRIA',processos_31-07-2026.CSV,788
0002829-74.2025.5.12.0015,UNIDADE_NAO_CLASSIFICADA,Unidade nao classificada: 'NÚCLEO DE JUSTIÇA 4.0 DE COOPERAÇÃO JUDICIÁRIA',processos_31-07-2026.CSV,790
0002670-34.2025.5.12.0015,UNIDADE_NAO_CLASSIFICADA,Unidade nao classificada: 'NÚCLEO DE JUSTIÇA 4.0 DE COOPERAÇÃO JUDICIÁRIA',processos_31-07-2026.CSV,796
0003164-93.2025.5.12.0015,UNIDADE_NAO_CLASSIFICADA,Unidade nao classificada: 'NÚCLEO DE JUSTIÇA 4.0 DE COOPERAÇÃO JUDICIÁRIA',processos_31-07-2026.CSV,800
0000535-15.2026.5.12.0015,UNIDADE_NAO_CLASSIFICADA,Unidade nao classificada: 'NÚCLEO DE JUSTIÇA 4.0 DE COOPERAÇÃO JUDICIÁRIA',processos_31-07-2026.CSV,801
0000307-55.2026.5.12.0010,UNIDADE_NAO_CLASSIFICADA,Unidade nao classificada: 'NÚCLEO DE JUSTIÇA 4.0 DE COOPERAÇÃO JUDICIÁRIA',processos_31-07-2026.CSV,1041
0000117-92.2026.5.12.0010,UNIDADE_NAO_CLASSIFICADA,Unidade nao classificada: 'NÚCLEO DE JUSTIÇA 4.0 DE COOPERAÇÃO JUDICIÁRIA',processos_31-07-2026.CSV,1046
0000594-18.2026.5.12.0010,UNIDADE_NAO_CLASSIFICADA,Unidade nao classificada: 'NÚCLEO DE JUSTIÇA 4.0 DE COOPERAÇÃO JUDICIÁRIA',processos_31-07-2026.CSV,1049
0001098-58.2025.5.12.0010,UNIDADE_NAO_CLASSIFICADA,Unidade nao classificada: 'NÚCLEO DE JUSTIÇA 4.0 DE COOPERAÇÃO JUDICIÁRIA',processos_31-07-2026.CSV,1050
0001094-62.2025.5.12.0061,UNIDADE_NAO_CLASSIFICADA,Unidade nao classificada: 'NÚCLEO DE JUSTIÇA 4.0 DE COOPERAÇÃO JUDICIÁRIA',processos_31-07-2026.CSV,1054
0001164-38.2025.5.12.0010,UNIDADE_NAO_CLASSIFICADA,Unidade nao classificada: 'NÚCLEO DE JUSTIÇA 4.0 DE COOPERAÇÃO JUDICIÁRIA',processos_31-07-2026.CSV,1057
0000542-22.2026.5.12.0010,UNIDADE_NAO_CLASSIFICADA,Unidade nao classificada: 'NÚCLEO DE JUSTIÇA 4.0 DE COOPERAÇÃO JUDICIÁRIA',processos_31-07-2026.CSV,1059
0000333-53.2026.5.12.0010,UNIDADE_NAO_CLASSIFICADA,Unidade nao classificada: 'NÚCLEO DE JUSTIÇA 4.0 DE COOPERAÇÃO JUDICIÁRIA',processos_31-07-2026.CSV,1061
0000170-73.2026.5.12.0010,UNIDADE_NAO_CLASSIFICADA,Unidade nao classificada: 'NÚCLEO DE JUSTIÇA 4.0 DE COOPERAÇÃO JUDICIÁRIA',processos_31-07-2026.CSV,1063
0001047-47.2025.5.12.0010,UNIDADE_NAO_CLASSIFICADA,Unidade nao classificada: 'NÚCLEO DE JUSTIÇA 4.0 DE COOPERAÇÃO JUDICIÁRIA',processos_31-07-2026.CSV,1064
0000380-27.2026.5.12.0010,UNIDADE_NAO_CLASSIFICADA,Unidade nao classificada: 'NÚCLEO DE JUSTIÇA 4.0 DE COOPERAÇÃO JUDICIÁRIA',processos_31-07-2026.CSV,1066
0000482-49.2026.5.12.0010,UNIDADE_NAO_CLASSIFICADA,Unidade nao classificada: 'NÚCLEO DE JUSTIÇA 4.0 DE COOPERAÇÃO JUDICIÁRIA',processos_31-07-2026.CSV,1069
0000300-63.2026.5.12.0010,UNIDADE_NAO_CLASSIFICADA,Unidade nao classificada: 'NÚCLEO DE JUSTIÇA 4.0 DE COOPERAÇÃO JUDICIÁRIA',processos_31-07-2026.CSV,1071
0000507-62.2026.5.12.0010,UNIDADE_NAO_CLASSIFICADA,Unidade nao classificada: 'NÚCLEO DE JUSTIÇA 4.0 DE COOPERAÇÃO JUDICIÁRIA',processos_31-07-2026.CSV,1073
0001209-42.2025.5.12.0010,UNIDADE_NAO_CLASSIFICADA,Unidade nao classificada: 'NÚCLEO DE JUSTIÇA 4.0 DE COOPERAÇÃO JUDICIÁRIA',processos_31-07-2026.CSV,1074
0000515-39.2026.5.12.0010,UNIDADE_NAO_CLASSIFICADA,Unidade nao classificada: 'NÚCLEO DE JUSTIÇA 4.0 DE COOPERAÇÃO JUDICIÁRIA',processos_31-07-2026.CSV,1077
0000317-02.2026.5.12.0010,UNIDADE_NAO_CLASSIFICADA,Unidade nao classificada: 'NÚCLEO DE JUSTIÇA 4.0 DE COOPERAÇÃO JUDICIÁRIA',processos_31-07-2026.CSV,1079
0000375-05.2026.5.12.0010,UNIDADE_NAO_CLASSIFICADA,Unidade nao classificada: 'NÚCLEO DE JUSTIÇA 4.0 DE COOPERAÇÃO JUDICIÁRIA',processos_31-07-2026.CSV,1081
0000576-94.2026.5.12.0010,UNIDADE_NAO_CLASSIFICADA,Unidade nao classificada: 'NÚCLEO DE JUSTIÇA 4.0 DE COOPERAÇÃO JUDICIÁRIA',processos_31-07-2026.CSV,1086
0000276-35.2026.5.12.0010,UNIDADE_NAO_CLASSIFICADA,Unidade nao classificada: 'NÚCLEO DE JUSTIÇA 4.0 DE COOPERAÇÃO JUDICIÁRIA',processos_31-07-2026.CSV,1087
0000580-34.2026.5.12.0010,UNIDADE_NAO_CLASSIFICADA,Unidade nao classificada: 'NÚCLEO DE JUSTIÇA 4.0 DE COOPERAÇÃO JUDICIÁRIA',processos_31-07-2026.CSV,1090
0000527-53.2026.5.12.0010,UNIDADE_NAO_CLASSIFICADA,Unidade nao classificada: 'NÚCLEO DE JUSTIÇA 4.0 DE COOPERAÇÃO JUDICIÁRIA',processos_31-07-2026.CSV,1091
0001196-43.2025.5.12.0010,UNIDADE_NAO_CLASSIFICADA,Unidade nao classificada: 'NÚCLEO DE JUSTIÇA 4.0 DE COOPERAÇÃO JUDICIÁRIA',processos_31-07-2026.CSV,1094
0000601-10.2026.5.12.0010,UNIDADE_NAO_CLASSIFICADA,Unidade nao classificada: 'NÚCLEO DE JUSTIÇA 4.0 DE COOPERAÇÃO JUDICIÁRIA',processos_31-07-2026.CSV,1096
0000373-35.2026.5.12.0010,UNIDADE_NAO_CLASSIFICADA,Unidade nao classificada: 'NÚCLEO DE JUSTIÇA 4.0 DE COOPERAÇÃO JUDICIÁRIA',processos_31-07-2026.CSV,1099
0000538-82.2026.5.12.0010,UNIDADE_NAO_CLASSIFICADA,Unidade nao classificada: 'NÚCLEO DE JUSTIÇA 4.0 DE COOPERAÇÃO JUDICIÁRIA',processos_31-07-2026.CSV,1101
0000766-91.2025.5.12.0010,UNIDADE_NAO_CLASSIFICADA,Unidade nao classificada: 'NÚCLEO DE JUSTIÇA 4.0 DE COOPERAÇÃO JUDICIÁRIA',processos_31-07-2026.CSV,1102
0000541-37.2026.5.12.0010,UNIDADE_NAO_CLASSIFICADA,Unidade nao classificada: 'NÚCLEO DE JUSTIÇA 4.0 DE COOPERAÇÃO JUDICIÁRIA',processos_31-07-2026.CSV,1105
0000885-52.2025.5.12.0010,UNIDADE_NAO_CLASSIFICADA,Unidade nao classificada: 'NÚCLEO DE JUSTIÇA 4.0 DE COOPERAÇÃO JUDICIÁRIA',processos_31-07-2026.CSV,1106
0001085-59.2025.5.12.0010,UNIDADE_NAO_CLASSIFICADA,Unidade nao classificada: 'NÚCLEO DE JUSTIÇA 4.0 DE COOPERAÇÃO JUDICIÁRIA',processos_31-07-2026.CSV,1109
0001545-91.2026.5.12.0016,MOVIMENTACAO_DUPLICADA_REMOVIDA,"Movimentacao duplicada removida (arquivo original preservado): processo=0001545-91.2026.5.12.0016, indicador=REDISTRIBUICAO, orgao=VARA DO TRABALHO DE FRAIBURGO - TRIAGEM DE EQUALIZACAO",processos_14-07-2026.CSV,208
0001192-22.2026.5.12.0058,MOVIMENTACAO_DUPLICADA_REMOVIDA,"Movimentacao duplicada removida (arquivo original preservado): processo=0001192-22.2026.5.12.0058, indicador=REDISTRIBUICAO, orgao=3 VARA DO TRABALHO DE BLUMENAU - TRIAGEM DE EQUALIZACAO",processos_16-07-2026.CSV,308
0001588-28.2026.5.12.0016,MOVIMENTACAO_DUPLICADA_REMOVIDA,"Movimentacao duplicada removida (arquivo original preservado): processo=0001588-28.2026.5.12.0016, indicador=REDISTRIBUICAO, orgao=3 VARA DO TRABALHO DE LAGES",processos_17-07-2026.CSV,408
0002145-08.2025.5.12.0062,MOVIMENTACAO_DUPLICADA_REMOVIDA,"Movimentacao duplicada removida (arquivo original preservado): processo=0002145-08.2025.5.12.0062, indicador=REDISTRIBUICAO, orgao=NUCLEO DE JUSTICA 4.0 DE COOPERACAO JUDICIARIA",processos_30-07-2026.CSV,708
0002573-08.2025.5.12.0056,MOVIMENTACAO_DUPLICADA_REMOVIDA,"Movimentacao duplicada removida (arquivo original preservado): processo=0002573-08.2025.5.12.0056, indicador=REDISTRIBUICAO, orgao=NUCLEO DE JUSTICA 4.0 DE COOPERACAO JUDICIARIA",processos_31-07-2026.CSV,208
0000600-86.2009.5.12.0053,ORDEM_CRONOLOGICA_AMBIGUA,Processo 0000600-86.2009.5.12.0053 possui movimentos com data identica; ordem definida por arquivo/linha.,processos_15-07-2026.CSV,186
0002208-46.2014.5.12.0053,ORDEM_CRONOLOGICA_AMBIGUA,Processo 0002208-46.2014.5.12.0053 possui movimentos com data identica; ordem definida por arquivo/linha.,processos_14-07-2026.CSV,454
0002434-56.2011.5.12.0053,ORDEM_CRONOLOGICA_AMBIGUA,Processo 0002434-56.2011.5.12.0053 possui movimentos com data identica; ordem definida por arquivo/linha.,processos_14-07-2026.CSV,307
0002454-81.2010.5.12.0053,ORDEM_CRONOLOGICA_AMBIGUA,Processo 0002454-81.2010.5.12.0053 possui movimentos com data identica; ordem definida por arquivo/linha.,processos_14-07-2026.CSV,293
0002576-89.2013.5.12.0053,ORDEM_CRONOLOGICA_AMBIGUA,Processo 0002576-89.2013.5.12.0053 possui movimentos com data identica; ordem definida por arquivo/linha.,processos_30-07-2026.CSV,1365
0002672-41.2012.5.12.0053,ORDEM_CRONOLOGICA_AMBIGUA,Processo 0002672-41.2012.5.12.0053 possui movimentos com data identica; ordem definida por arquivo/linha.,processos_15-07-2026.CSV,158
0003132-62.2011.5.12.0053,ORDEM_CRONOLOGICA_AMBIGUA,Processo 0003132-62.2011.5.12.0053 possui movimentos com data identica; ordem definida por arquivo/linha.,processos_14-07-2026.CSV,283
0114900-95.2008.5.12.0053,ORDEM_CRONOLOGICA_AMBIGUA,Processo 0114900-95.2008.5.12.0053 possui movimentos com data identica; ordem definida por arquivo/linha.,processos_22-07-2026.CSV,288
0123700-83.2006.5.12.0053,ORDEM_CRONOLOGICA_AMBIGUA,Processo 0123700-83.2006.5.12.0053 possui movimentos com data identica; ordem definida por arquivo/linha.,processos_21-07-2026.CSV,505
0137400-29.2006.5.12.0053,ORDEM_CRONOLOGICA_AMBIGUA,Processo 0137400-29.2006.5.12.0053 possui movimentos com data identica; ordem definida por arquivo/linha.,processos_31-07-2026.CSV,454
0154500-89.2009.5.12.0053,ORDEM_CRONOLOGICA_AMBIGUA,Processo 0154500-89.2009.5.12.0053 possui movimentos com data identica; ordem definida por arquivo/linha.,processos_22-07-2026.CSV,565
0376200-45.2006.5.12.0053,ORDEM_CRONOLOGICA_AMBIGUA,Processo 0376200-45.2006.5.12.0053 possui movimentos com data identica; ordem definida por arquivo/linha.,processos_15-07-2026.CSV,296
0000001-41.2026.5.12.0025,PRIMEIRO_MOVIMENTO_NAO_DISTRIBUICAO,Primeiro movimento diferente de distribuicao,processos_29-07-2026.CSV,834
0000001-71.2026.5.12.0015,PRIMEIRO_MOVIMENTO_NAO_DISTRIBUICAO,Primeiro movimento diferente de distribuicao,processos_31-07-2026.CSV,291
0000002-26.2026.5.12.0025,PRIMEIRO_MOVIMENTO_NAO_DISTRIBUICAO,Primeiro movimento diferente de distribuicao,processos_29-07-2026.CSV,676
0000002-56.2026.5.12.0015,PRIMEIRO_MOVIMENTO_NAO_DISTRIBUICAO,Primeiro movimento diferente de distribuicao,processos_30-07-2026.CSV,1505
0000002-60.2025.5.12.0025,PRIMEIRO_MOVIMENTO_NAO_DISTRIBUICAO,Primeiro movimento diferente de distribuicao,processos_29-07-2026.CSV,860
0000003-74.2026.5.12.0004,PRIMEIRO_MOVIMENTO_NAO_DISTRIBUICAO,Primeiro movimento diferente de distribuicao,processos_30-07-2026.CSV,560
0000006-63.2026.5.12.0025,PRIMEIRO_MOVIMENTO_NAO_DISTRIBUICAO,Primeiro movimento diferente de distribuicao,processos_29-07-2026.CSV,1062
0000011-18.2026.5.12.0015,PRIMEIRO_MOVIMENTO_NAO_DISTRIBUICAO,Primeiro movimento diferente de distribuicao,processos_31-07-2026.CSV,293
0000013-85.2026.5.12.0015,PRIMEIRO_MOVIMENTO_NAO_DISTRIBUICAO,Primeiro movimento diferente de distribuicao,processos_31-07-2026.CSV,431
0000017-24.2025.5.12.0059,PRIMEIRO_MOVIMENTO_NAO_DISTRIBUICAO,Primeiro movimento diferente de distribuicao,processos_28-07-2026.CSV,1462
0000018-02.2026.5.12.0050,PRIMEIRO_MOVIMENTO_NAO_DISTRIBUICAO,Primeiro movimento diferente de distribuicao,processos_28-07-2026.CSV,1356
0000018-10.2026.5.12.0015,PRIMEIRO_MOVIMENTO_NAO_DISTRIBUICAO,Primeiro movimento diferente de distribuicao,processos_31-07-2026.CSV,451
0000019-92.2026.5.12.0015,PRIMEIRO_MOVIMENTO_NAO_DISTRIBUICAO,Primeiro movimento diferente de distribuicao,processos_31-07-2026.CSV,393
0000022-44.2026.5.12.0016,PRIMEIRO_MOVIMENTO_NAO_DISTRIBUICAO,Primeiro movimento diferente de distribuicao,processos_28-07-2026.CSV,154
0000022-80.2026.5.12.0004,PRIMEIRO_MOVIMENTO_NAO_DISTRIBUICAO,Primeiro movimento diferente de distribuicao,processos_30-07-2026.CSV,650
0000025-60.2026.5.12.0028,PRIMEIRO_MOVIMENTO_NAO_DISTRIBUICAO,Primeiro movimento diferente de distribuicao,processos_28-07-2026.CSV,438
0000027-43.2025.5.12.0035,PRIMEIRO_MOVIMENTO_NAO_DISTRIBUICAO,Primeiro movimento diferente de distribuicao,processos_28-07-2026.CSV,1466
0000027-69.2026.5.12.0015,PRIMEIRO_MOVIMENTO_NAO_DISTRIBUICAO,Primeiro movimento diferente de distribuicao,processos_31-07-2026.CSV,323
0000028-19.2026.5.12.0059,PRIMEIRO_MOVIMENTO_NAO_DISTRIBUICAO,Primeiro movimento diferente de distribuicao,processos_20-07-2026.CSV,76
0000032-52.2026.5.12.0028,PRIMEIRO_MOVIMENTO_NAO_DISTRIBUICAO,Primeiro movimento diferente de distribuicao,processos_28-07-2026.CSV,588
0000032-65.2026.5.12.0056,PRIMEIRO_MOVIMENTO_NAO_DISTRIBUICAO,Primeiro movimento diferente de distribuicao,processos_28-07-2026.CSV,880
0000032-91.2026.5.12.0015,PRIMEIRO_MOVIMENTO_NAO_DISTRIBUICAO,Primeiro movimento diferente de distribuicao,processos_31-07-2026.CSV,740
0000033-76.2026.5.12.0015,PRIMEIRO_MOVIMENTO_NAO_DISTRIBUICAO,Primeiro movimento diferente de distribuicao,processos_31-07-2026.CSV,328
0000035-43.2026.5.12.0016,PRIMEIRO_MOVIMENTO_NAO_DISTRIBUICAO,Primeiro movimento diferente de distribuicao,processos_28-07-2026.CSV,240
0000035-98.2026.5.12.0030,PRIMEIRO_MOVIMENTO_NAO_DISTRIBUICAO,Primeiro movimento diferente de distribuicao,processos_29-07-2026.CSV,370
0000036-98.2026.5.12.0025,PRIMEIRO_MOVIMENTO_NAO_DISTRIBUICAO,Primeiro movimento diferente de distribuicao,processos_30-07-2026.CSV,973
0000037-68.2026.5.12.0030,PRIMEIRO_MOVIMENTO_NAO_DISTRIBUICAO,Primeiro movimento diferente de distribuicao,processos_28-07-2026.CSV,1190
0000041-74.2026.5.12.0008,PRIMEIRO_MOVIMENTO_NAO_DISTRIBUICAO,Primeiro movimento diferente de distribuicao,processos_30-07-2026.CSV,207
0000042-46.2025.5.12.0056,PRIMEIRO_MOVIMENTO_NAO_DISTRIBUICAO,Primeiro movimento diferente de distribuicao,processos_29-07-2026.CSV,775
0000043-85.2026.5.12.0059,PRIMEIRO_MOVIMENTO_NAO_DISTRIBUICAO,Primeiro movimento diferente de distribuicao,processos_13-07-2026.CSV,84
0000045-51.2026.5.12.0028,PRIMEIRO_MOVIMENTO_NAO_DISTRIBUICAO,Primeiro movimento diferente de distribuicao,processos_28-07-2026.CSV,492
0000049-51.2026.5.12.0008,PRIMEIRO_MOVIMENTO_NAO_DISTRIBUICAO,Primeiro movimento diferente de distribuicao,processos_30-07-2026.CSV,65
0000050-48.2026.5.12.0004,PRIMEIRO_MOVIMENTO_NAO_DISTRIBUICAO,Primeiro movimento diferente de distribuicao,processos_30-07-2026.CSV,625
0000051-33.2026.5.12.0004,PRIMEIRO_MOVIMENTO_NAO_DISTRIBUICAO,Primeiro movimento diferente de distribuicao,processos_30-07-2026.CSV,580
0000052-18.2026.5.12.0004,PRIMEIRO_MOVIMENTO_NAO_DISTRIBUICAO,Primeiro movimento diferente de distribuicao,processos_30-07-2026.CSV,588
0000053-37.2026.5.12.0025,PRIMEIRO_MOVIMENTO_NAO_DISTRIBUICAO,Primeiro movimento diferente de distribuicao,processos_29-07-2026.CSV,1076
0000053-88.2026.5.12.0008,PRIMEIRO_MOVIMENTO_NAO_DISTRIBUICAO,Primeiro movimento diferente de distribuicao,processos_30-07-2026.CSV,214
0000054-52.2026.5.12.0015,PRIMEIRO_MOVIMENTO_NAO_DISTRIBUICAO,Primeiro movimento diferente de distribuicao,processos_31-07-2026.CSV,414
0000055-11.2026.5.12.0056,PRIMEIRO_MOVIMENTO_NAO_DISTRIBUICAO,Primeiro movimento diferente de distribuicao,processos_31-07-2026.CSV,443
0000055-37.2026.5.12.0015,PRIMEIRO_MOVIMENTO_NAO_DISTRIBUICAO,Primeiro movimento diferente de distribuicao,processos_31-07-2026.CSV,706
0000056-19.2026.5.12.0016,PRIMEIRO_MOVIMENTO_NAO_DISTRIBUICAO,Primeiro movimento diferente de distribuicao,processos_29-07-2026.CSV,194
0000056-21.2025.5.12.0059,PRIMEIRO_MOVIMENTO_NAO_DISTRIBUICAO,Primeiro movimento diferente de distribuicao,processos_28-07-2026.CSV,1553
0000056-22.2026.5.12.0015,PRIMEIRO_MOVIMENTO_NAO_DISTRIBUICAO,Primeiro movimento diferente de distribuicao,processos_31-07-2026.CSV,744
0000057-78.2026.5.12.0056,PRIMEIRO_MOVIMENTO_NAO_DISTRIBUICAO,Primeiro movimento diferente de distribuicao,processos_31-07-2026.CSV,464
0000058-13.2026.5.12.0008,PRIMEIRO_MOVIMENTO_NAO_DISTRIBUICAO,Primeiro movimento diferente de distribuicao,processos_30-07-2026.CSV,150
0000061-43.2025.5.12.0059,PRIMEIRO_MOVIMENTO_NAO_DISTRIBUICAO,Primeiro movimento diferente de distribuicao,processos_28-07-2026.CSV,1622
0000062-29.2026.5.12.0015,PRIMEIRO_MOVIMENTO_NAO_DISTRIBUICAO,Primeiro movimento diferente de distribuicao,processos_31-07-2026.CSV,753
0000065-17.2026.5.12.0004,PRIMEIRO_MOVIMENTO_NAO_DISTRIBUICAO,Primeiro movimento diferente de distribuicao,processos_30-07-2026.CSV,544
0000065-51.2026.5.12.0025,PRIMEIRO_MOVIMENTO_NAO_DISTRIBUICAO,Primeiro movimento diferente de distribuicao,processos_29-07-2026.CSV,995
0000067-51.2026.5.12.0015,PRIMEIRO_MOVIMENTO_NAO_DISTRIBUICAO,Primeiro movimento diferente de distribuicao,processos_28-07-2026.CSV,1226
0000067-84.2026.5.12.0004,PRIMEIRO_MOVIMENTO_NAO_DISTRIBUICAO,Primeiro movimento diferente de distribuicao,processos_29-07-2026.CSV,1206
0000071-80.2026.5.12.0050,PRIMEIRO_MOVIMENTO_NAO_DISTRIBUICAO,Primeiro movimento diferente de distribuicao,processos_28-07-2026.CSV,1292
0000072-34.2026.5.12.0028,PRIMEIRO_MOVIMENTO_NAO_DISTRIBUICAO,Primeiro movimento diferente de distribuicao,processos_28-07-2026.CSV,518
0000073-28.2026.5.12.0025,PRIMEIRO_MOVIMENTO_NAO_DISTRIBUICAO,Primeiro movimento diferente de distribuicao,processos_29-07-2026.CSV,780
0000074-40.2026.5.12.0016,PRIMEIRO_MOVIMENTO_NAO_DISTRIBUICAO,Primeiro movimento diferente de distribuicao,processos_28-07-2026.CSV,851
0000075-49.2026.5.12.0008,PRIMEIRO_MOVIMENTO_NAO_DISTRIBUICAO,Primeiro movimento diferente de distribuicao,processos_30-07-2026.CSV,154
0000075-95.2026.5.12.0025,PRIMEIRO_MOVIMENTO_NAO_DISTRIBUICAO,Primeiro movimento diferente de distribuicao,processos_29-07-2026.CSV,1007
0000077-51.2026.5.12.0062,PRIMEIRO_MOVIMENTO_NAO_DISTRIBUICAO,Primeiro movimento diferente de distribuicao,processos_29-07-2026.CSV,909
0000078-04.2026.5.12.0008,PRIMEIRO_MOVIMENTO_NAO_DISTRIBUICAO,Primeiro movimento diferente de distribuicao,processos_30-07-2026.CSV,256
0000078-41.2026.5.12.0028,PRIMEIRO_MOVIMENTO_NAO_DISTRIBUICAO,Primeiro movimento diferente de distribuicao,processos_28-07-2026.CSV,497
0000079-20.2026.5.12.0030,PRIMEIRO_MOVIMENTO_NAO_DISTRIBUICAO,Primeiro movimento diferente de distribuicao,processos_28-07-2026.CSV,1183
0000081-35.2026.5.12.0015,PRIMEIRO_MOVIMENTO_NAO_DISTRIBUICAO,Primeiro movimento diferente de distribuicao,processos_31-07-2026.CSV,669
0000087-32.2025.5.12.0062,PRIMEIRO_MOVIMENTO_NAO_DISTRIBUICAO,Primeiro movimento diferente de distribuicao,processos_30-07-2026.CSV,812
0000087-39.2026.5.12.0016,PRIMEIRO_MOVIMENTO_NAO_DISTRIBUICAO,Primeiro movimento diferente de distribuicao,processos_28-07-2026.CSV,789
0000087-63.2026.5.12.0008,PRIMEIRO_MOVIMENTO_NAO_DISTRIBUICAO,Primeiro movimento diferente de distribuicao,processos_30-07-2026.CSV,125
0000089-09.2026.5.12.0016,PRIMEIRO_MOVIMENTO_NAO_DISTRIBUICAO,Primeiro movimento diferente de distribuicao,processos_28-07-2026.CSV,1171
0000096-56.2026.5.12.0030,PRIMEIRO_MOVIMENTO_NAO_DISTRIBUICAO,Primeiro movimento diferente de distribuicao,processos_28-07-2026.CSV,1096
0000096-62.2026.5.12.0028,PRIMEIRO_MOVIMENTO_NAO_DISTRIBUICAO,Primeiro movimento diferente de distribuicao,processos_28-07-2026.CSV,493
0000098-41.2026.5.12.0025,PRIMEIRO_MOVIMENTO_NAO_DISTRIBUICAO,Primeiro movimento diferente de distribuicao,processos_30-07-2026.CSV,1134
0000099-17.2026.5.12.0028,PRIMEIRO_MOVIMENTO_NAO_DISTRIBUICAO,Primeiro movimento diferente de distribuicao,processos_28-07-2026.CSV,520
0000102-78.2026.5.12.0025,PRIMEIRO_MOVIMENTO_NAO_DISTRIBUICAO,Primeiro movimento diferente de distribuicao,processos_30-07-2026.CSV,474
0000106-40.2026.5.12.0050,PRIMEIRO_MOVIMENTO_NAO_DISTRIBUICAO,Primeiro movimento diferente de distribuicao,processos_28-07-2026.CSV,1455
0000110-82.2026.5.12.0016,PRIMEIRO_MOVIMENTO_NAO_DISTRIBUICAO,Primeiro movimento diferente de distribuicao,processos_28-07-2026.CSV,781
0000110-89.2025.5.12.0025,PRIMEIRO_MOVIMENTO_NAO_DISTRIBUICAO,Primeiro movimento diferente de distribuicao,processos_30-07-2026.CSV,466
0000113-61.2026.5.12.0008,PRIMEIRO_MOVIMENTO_NAO_DISTRIBUICAO,Primeiro movimento diferente de distribuicao,processos_30-07-2026.CSV,244
0000114-24.2025.5.12.0059,PRIMEIRO_MOVIMENTO_NAO_DISTRIBUICAO,Primeiro movimento diferente de distribuicao,processos_28-07-2026.CSV,1435
0000114-40.2026.5.12.0010,PRIMEIRO_MOVIMENTO_NAO_DISTRIBUICAO,Primeiro movimento diferente de distribuicao,processos_15-07-2026.CSV,440
0000114-56.2025.5.12.0016,PRIMEIRO_MOVIMENTO_NAO_DISTRIBUICAO,Primeiro movimento diferente de distribuicao,processos_28-07-2026.CSV,187
0000117-38.2026.5.12.0028,PRIMEIRO_MOVIMENTO_NAO_DISTRIBUICAO,Primeiro movimento diferente de distribuicao,processos_28-07-2026.CSV,533
0000117-92.2026.5.12.0010,PRIMEIRO_MOVIMENTO_NAO_DISTRIBUICAO,Primeiro movimento diferente de distribuicao,processos_31-07-2026.CSV,1046
0000120-24.2026.5.12.0050,PRIMEIRO_MOVIMENTO_NAO_DISTRIBUICAO,Primeiro movimento diferente de distribuicao,processos_28-07-2026.CSV,1481
0000120-85.2026.5.12.0062,PRIMEIRO_MOVIMENTO_NAO_DISTRIBUICAO,Primeiro movimento diferente de distribuicao,processos_29-07-2026.CSV,1050
0000121-50.2026.5.12.0004,PRIMEIRO_MOVIMENTO_NAO_DISTRIBUICAO,Primeiro movimento diferente de distribuicao,processos_29-07-2026.CSV,1255
0000122-23.2026.5.12.0008,PRIMEIRO_MOVIMENTO_NAO_DISTRIBUICAO,Primeiro movimento diferente de distribuicao,processos_30-07-2026.CSV,109
0000123-08.2026.5.12.0008,PRIMEIRO_MOVIMENTO_NAO_DISTRIBUICAO,Primeiro movimento diferente de distribuicao,processos_30-07-2026.CSV,263
0000123-70.2026.5.12.0052,PRIMEIRO_MOVIMENTO_NAO_DISTRIBUICAO,Primeiro movimento diferente de distribuicao,processos_27-07-2026.CSV,320
0000123-76.2026.5.12.0050,PRIMEIRO_MOVIMENTO_NAO_DISTRIBUICAO,Primeiro movimento diferente de distribuicao,processos_28-07-2026.CSV,1284
0000125-24.2026.5.12.0025,PRIMEIRO_MOVIMENTO_NAO_DISTRIBUICAO,Primeiro movimento diferente de distribuicao,processos_29-07-2026.CSV,855
0000126-72.2026.5.12.0004,PRIMEIRO_MOVIMENTO_NAO_DISTRIBUICAO,Primeiro movimento diferente de distribuicao,processos_30-07-2026.CSV,601
0000129-91.2026.5.12.0015,PRIMEIRO_MOVIMENTO_NAO_DISTRIBUICAO,Primeiro movimento diferente de distribuicao,processos_31-07-2026.CSV,352
0000131-31.2026.5.12.0025,PRIMEIRO_MOVIMENTO_NAO_DISTRIBUICAO,Primeiro movimento diferente de distribuicao,processos_29-07-2026.CSV,1063
0000132-04.2025.5.12.0008,PRIMEIRO_MOVIMENTO_NAO_DISTRIBUICAO,Primeiro movimento diferente de distribuicao,processos_30-07-2026.CSV,158
0000133-86.2025.5.12.0008,PRIMEIRO_MOVIMENTO_NAO_DISTRIBUICAO,Primeiro movimento diferente de distribuicao,processos_30-07-2026.CSV,159
0000138-74.2026.5.12.0008,PRIMEIRO_MOVIMENTO_NAO_DISTRIBUICAO,Primeiro movimento diferente de distribuicao,processos_30-07-2026.CSV,209
0000139-35.2026.5.12.0016,PRIMEIRO_MOVIMENTO_NAO_DISTRIBUICAO,Primeiro movimento diferente de distribuicao,processos_28-07-2026.CSV,1069
0000139-90.2026.5.12.0030,PRIMEIRO_MOVIMENTO_NAO_DISTRIBUICAO,Primeiro movimento diferente de distribuicao,processos_28-07-2026.CSV,707
0000140-81.2026.5.12.0028,PRIMEIRO_MOVIMENTO_NAO_DISTRIBUICAO,Primeiro movimento diferente de distribuicao,processos_28-07-2026.CSV,578
0000141-05.2026.5.12.0016,PRIMEIRO_MOVIMENTO_NAO_DISTRIBUICAO,Primeiro movimento diferente de distribuicao,processos_28-07-2026.CSV,234
0000142-14.2026.5.12.0008,PRIMEIRO_MOVIMENTO_NAO_DISTRIBUICAO,Primeiro movimento diferente de distribuicao,processos_30-07-2026.CSV,202
0000143-36.2026.5.12.0028,PRIMEIRO_MOVIMENTO_NAO_DISTRIBUICAO,Primeiro movimento diferente de distribuicao,processos_28-07-2026.CSV,566
0000144-81.2026.5.12.0008,PRIMEIRO_MOVIMENTO_NAO_DISTRIBUICAO,Primeiro movimento diferente de distribuicao,processos_30-07-2026.CSV,147
0000145-15.2026.5.12.0025,PRIMEIRO_MOVIMENTO_NAO_DISTRIBUICAO,Primeiro movimento diferente de distribuicao,processos_30-07-2026.CSV,1161
0000146-51.2026.5.12.0008,PRIMEIRO_MOVIMENTO_NAO_DISTRIBUICAO,Primeiro movimento diferente de distribuicao,processos_30-07-2026.CSV,138
0000148-94.2026.5.12.0016,PRIMEIRO_MOVIMENTO_NAO_DISTRIBUICAO,Primeiro movimento diferente de distribuicao,processos_28-07-2026.CSV,1019
0000148-96.2025.5.12.0059,PRIMEIRO_MOVIMENTO_NAO_DISTRIBUICAO,Primeiro movimento diferente de distribuicao,processos_29-07-2026.CSV,526
0000153-14.2026.5.12.0050,PRIMEIRO_MOVIMENTO_NAO_DISTRIBUICAO,Primeiro movimento diferente de distribuicao,processos_28-07-2026.CSV,1347
0000154-94.2025.5.12.0062,PRIMEIRO_MOVIMENTO_NAO_DISTRIBUICAO,Primeiro movimento diferente de distribuicao,processos_28-07-2026.CSV,310
0000158-41.2026.5.12.0016,PRIMEIRO_MOVIMENTO_NAO_DISTRIBUICAO,Primeiro movimento diferente de distribuicao,processos_28-07-2026.CSV,968
0000159-26.2026.5.12.0016,PRIMEIRO_MOVIMENTO_NAO_DISTRIBUICAO,Primeiro movimento diferente de distribuicao,processos_29-07-2026.CSV,123
0000161-20.2026.5.12.0008,PRIMEIRO_MOVIMENTO_NAO_DISTRIBUICAO,Primeiro movimento diferente de distribuicao,processos_30-07-2026.CSV,133
0000162-17.2026.5.12.0004,PRIMEIRO_MOVIMENTO_NAO_DISTRIBUICAO,Primeiro movimento diferente de distribuicao,processos_29-07-2026.CSV,1230
0000162-51.2026.5.12.0025,PRIMEIRO_MOVIMENTO_NAO_DISTRIBUICAO,Primeiro movimento diferente de distribuicao,processos_30-07-2026.CSV,454
0000162-78.2026.5.12.0016,PRIMEIRO_MOVIMENTO_NAO_DISTRIBUICAO,Primeiro movimento diferente de distribuicao,processos_28-07-2026.CSV,393
0000163-70.2025.5.12.0025,PRIMEIRO_MOVIMENTO_NAO_DISTRIBUICAO,Primeiro movimento diferente de distribuicao,processos_30-07-2026.CSV,478
0000164-21.2026.5.12.0025,PRIMEIRO_MOVIMENTO_NAO_DISTRIBUICAO,Primeiro movimento diferente de distribuicao,processos_30-07-2026.CSV,504
0000165-57.2026.5.12.0008,PRIMEIRO_MOVIMENTO_NAO_DISTRIBUICAO,Primeiro movimento diferente de distribuicao,processos_30-07-2026.CSV,118
0000167-27.2026.5.12.0008,PRIMEIRO_MOVIMENTO_NAO_DISTRIBUICAO,Primeiro movimento diferente de distribuicao,processos_30-07-2026.CSV,84
0000170-73.2026.5.12.0010,PRIMEIRO_MOVIMENTO_NAO_DISTRIBUICAO,Primeiro movimento diferente de distribuicao,processos_31-07-2026.CSV,1063
0000171-96.2026.5.12.0062,PRIMEIRO_MOVIMENTO_NAO_DISTRIBUICAO,Primeiro movimento diferente de distribuicao,processos_30-07-2026.CSV,295
0000172-83.2025.5.12.0008,PRIMEIRO_MOVIMENTO_NAO_DISTRIBUICAO,Primeiro movimento diferente de distribuicao,processos_30-07-2026.CSV,234
0000173-05.2026.5.12.0050,PRIMEIRO_MOVIMENTO_NAO_DISTRIBUICAO,Primeiro movimento diferente de distribuicao,processos_28-07-2026.CSV,1279
0000173-34.2026.5.12.0008,PRIMEIRO_MOVIMENTO_NAO_DISTRIBUICAO,Primeiro movimento diferente de distribuicao,processos_30-07-2026.CSV,115
0000173-56.2026.5.12.0033,PRIMEIRO_MOVIMENTO_NAO_DISTRIBUICAO,Primeiro movimento diferente de distribuicao,processos_16-07-2026.CSV,644
0000173-80.2026.5.12.0025,PRIMEIRO_MOVIMENTO_NAO_DISTRIBUICAO,Primeiro movimento diferente de distribuicao,processos_29-07-2026.CSV,1121
0000175-80.2026.5.12.0015,PRIMEIRO_MOVIMENTO_NAO_DISTRIBUICAO,Primeiro movimento diferente de distribuicao,processos_31-07-2026.CSV,726
0000176-62.2026.5.12.0016,PRIMEIRO_MOVIMENTO_NAO_DISTRIBUICAO,Primeiro movimento diferente de distribuicao,processos_28-07-2026.CSV,179
0000180-26.2026.5.12.0008,PRIMEIRO_MOVIMENTO_NAO_DISTRIBUICAO,Primeiro movimento diferente de distribuicao,processos_28-07-2026.CSV,619
0000180-31.2025.5.12.0050,PRIMEIRO_MOVIMENTO_NAO_DISTRIBUICAO,Primeiro movimento diferente de distribuicao,processos_28-07-2026.CSV,1307
0000182-64.2026.5.12.0050,PRIMEIRO_MOVIMENTO_NAO_DISTRIBUICAO,Primeiro movimento diferente de distribuicao,processos_28-07-2026.CSV,1365
0000183-54.2026.5.12.0016,PRIMEIRO_MOVIMENTO_NAO_DISTRIBUICAO,Primeiro movimento diferente de distribuicao,processos_28-07-2026.CSV,983
0000186-79.2026.5.12.0025,PRIMEIRO_MOVIMENTO_NAO_DISTRIBUICAO,Primeiro movimento diferente de distribuicao,processos_29-07-2026.CSV,1105
0000187-68.2026.5.12.0056,PRIMEIRO_MOVIMENTO_NAO_DISTRIBUICAO,Primeiro movimento diferente de distribuicao,processos_29-07-2026.CSV,967
0000188-49.2026.5.12.0025,PRIMEIRO_MOVIMENTO_NAO_DISTRIBUICAO,Primeiro movimento diferente de distribuicao,processos_29-07-2026.CSV,1003
0000188-78.2025.5.12.0059,PRIMEIRO_MOVIMENTO_NAO_DISTRIBUICAO,Primeiro movimento diferente de distribuicao,processos_29-07-2026.CSV,571
0000189-38.2026.5.12.0056,PRIMEIRO_MOVIMENTO_NAO_DISTRIBUICAO,Primeiro movimento diferente de distribuicao,processos_30-07-2026.CSV,951
0000193-25.2026.5.12.0008,PRIMEIRO_MOVIMENTO_NAO_DISTRIBUICAO,Primeiro movimento diferente de distribuicao,processos_30-07-2026.CSV,191
0000194-78.2026.5.12.0050,PRIMEIRO_MOVIMENTO_NAO_DISTRIBUICAO,Primeiro movimento diferente de distribuicao,processos_28-07-2026.CSV,1459
0000195-45.2026.5.12.0056,PRIMEIRO_MOVIMENTO_NAO_DISTRIBUICAO,Primeiro movimento diferente de distribuicao,processos_30-07-2026.CSV,972
0000199-44.2026.5.12.0004,PRIMEIRO_MOVIMENTO_NAO_DISTRIBUICAO,Primeiro movimento diferente de distribuicao,processos_29-07-2026.CSV,1259
0000200-17.2026.5.12.0008,PRIMEIRO_MOVIMENTO_NAO_DISTRIBUICAO,Primeiro movimento diferente de distribuicao,processos_30-07-2026.CSV,143
0000201-39.2026.5.12.0028,PRIMEIRO_MOVIMENTO_NAO_DISTRIBUICAO,Primeiro movimento diferente de distribuicao,processos_28-07-2026.CSV,653
0000202-19.2026.5.12.0062,PRIMEIRO_MOVIMENTO_NAO_DISTRIBUICAO,Primeiro movimento diferente de distribuicao,processos_30-07-2026.CSV,388
0000202-33.2026.5.12.0025,PRIMEIRO_MOVIMENTO_NAO_DISTRIBUICAO,Primeiro movimento diferente de distribuicao,processos_29-07-2026.CSV,1140
0000213-28.2026.5.12.0004,PRIMEIRO_MOVIMENTO_NAO_DISTRIBUICAO,Primeiro movimento diferente de distribuicao,processos_30-07-2026.CSV,652
0000213-53.2026.5.12.0028,PRIMEIRO_MOVIMENTO_NAO_DISTRIBUICAO,Primeiro movimento diferente de distribuicao,processos_28-07-2026.CSV,506
0000213-84.2026.5.12.0050,PRIMEIRO_MOVIMENTO_NAO_DISTRIBUICAO,Primeiro movimento diferente de distribuicao,processos_28-07-2026.CSV,1368
0000215-62.2026.5.12.0015,PRIMEIRO_MOVIMENTO_NAO_DISTRIBUICAO,Primeiro movimento diferente de distribuicao,processos_31-07-2026.CSV,264
0000218-17.2026.5.12.0015,PRIMEIRO_MOVIMENTO_NAO_DISTRIBUICAO,Primeiro movimento diferente de distribuicao,processos_31-07-2026.CSV,658
0000218-88.2026.5.12.0056,PRIMEIRO_MOVIMENTO_NAO_DISTRIBUICAO,Primeiro movimento diferente de distribuicao,processos_31-07-2026.CSV,593
0000220-74.2025.5.12.0062,PRIMEIRO_MOVIMENTO_NAO_DISTRIBUICAO,Primeiro movimento diferente de distribuicao,processos_29-07-2026.CSV,406
0000221-30.2026.5.12.0028,PRIMEIRO_MOVIMENTO_NAO_DISTRIBUICAO,Primeiro movimento diferente de distribuicao,processos_28-07-2026.CSV,496
0000221-39.2026.5.12.0025,PRIMEIRO_MOVIMENTO_NAO_DISTRIBUICAO,Primeiro movimento diferente de distribuicao,processos_30-07-2026.CSV,472
0000223-38.2025.5.12.0059,PRIMEIRO_MOVIMENTO_NAO_DISTRIBUICAO,Primeiro movimento diferente de distribuicao,processos_28-07-2026.CSV,1373
0000224-91.2026.5.12.0025,PRIMEIRO_MOVIMENTO_NAO_DISTRIBUICAO,Primeiro movimento diferente de distribuicao,processos_30-07-2026.CSV,790
0000225-09.2026.5.12.0015,PRIMEIRO_MOVIMENTO_NAO_DISTRIBUICAO,Primeiro movimento diferente de distribuicao,processos_31-07-2026.CSV,316
0000225-61.2026.5.12.0030,PRIMEIRO_MOVIMENTO_NAO_DISTRIBUICAO,Primeiro movimento diferente de distribuicao,processos_28-07-2026.CSV,1080
0000226-61.2026.5.12.0025,PRIMEIRO_MOVIMENTO_NAO_DISTRIBUICAO,Primeiro movimento diferente de distribuicao,processos_29-07-2026.CSV,870
0000226-90.2025.5.12.0059,PRIMEIRO_MOVIMENTO_NAO_DISTRIBUICAO,Primeiro movimento diferente de distribuicao,processos_28-07-2026.CSV,1601
0000227-46.2026.5.12.0025,PRIMEIRO_MOVIMENTO_NAO_DISTRIBUICAO,Primeiro movimento diferente de distribuicao,processos_30-07-2026.CSV,1285
0000228-35.2026.5.12.0056,PRIMEIRO_MOVIMENTO_NAO_DISTRIBUICAO,Primeiro movimento diferente de distribuicao,processos_30-07-2026.CSV,1298
0000228-55.2026.5.12.0017,PRIMEIRO_MOVIMENTO_NAO_DISTRIBUICAO,Primeiro movimento diferente de distribuicao,processos_22-07-2026.CSV,97
0000228-61.2026.5.12.0015,PRIMEIRO_MOVIMENTO_NAO_DISTRIBUICAO,Primeiro movimento diferente de distribuicao,processos_29-07-2026.CSV,766
0000229-72.2025.5.12.0050,PRIMEIRO_MOVIMENTO_NAO_DISTRIBUICAO,Primeiro movimento diferente de distribuicao,processos_28-07-2026.CSV,1498
0000231-42.2025.5.12.0050,PRIMEIRO_MOVIMENTO_NAO_DISTRIBUICAO,Primeiro movimento diferente de distribuicao,processos_28-07-2026.CSV,1507
0000233-19.2026.5.12.0004,PRIMEIRO_MOVIMENTO_NAO_DISTRIBUICAO,Primeiro movimento diferente de distribuicao,processos_29-07-2026.CSV,1238
0000233-73.2025.5.12.0062,PRIMEIRO_MOVIMENTO_NAO_DISTRIBUICAO,Primeiro movimento diferente de distribuicao,processos_29-07-2026.CSV,419
0000234-29.2026.5.12.0028,PRIMEIRO_MOVIMENTO_NAO_DISTRIBUICAO,Primeiro movimento diferente de distribuicao,processos_28-07-2026.CSV,510
0000238-08.2026.5.12.0015,PRIMEIRO_MOVIMENTO_NAO_DISTRIBUICAO,Primeiro movimento diferente de distribuicao,processos_31-07-2026.CSV,357
0000238-60.2026.5.12.0030,PRIMEIRO_MOVIMENTO_NAO_DISTRIBUICAO,Primeiro movimento diferente de distribuicao,processos_28-07-2026.CSV,1147
0000239-82.2026.5.12.0050,PRIMEIRO_MOVIMENTO_NAO_DISTRIBUICAO,Primeiro movimento diferente de distribuicao,processos_28-07-2026.CSV,1219
0000244-48.2026.5.12.0004,PRIMEIRO_MOVIMENTO_NAO_DISTRIBUICAO,Primeiro movimento diferente de distribuicao,processos_30-07-2026.CSV,547
0000247-41.2026.5.12.0056,PRIMEIRO_MOVIMENTO_NAO_DISTRIBUICAO,Primeiro movimento diferente de distribuicao,processos_30-07-2026.CSV,1136
0000248-49.2026.5.12.0016,PRIMEIRO_MOVIMENTO_NAO_DISTRIBUICAO,Primeiro movimento diferente de distribuicao,processos_28-07-2026.CSV,894
0000248-51.2025.5.12.0059,PRIMEIRO_MOVIMENTO_NAO_DISTRIBUICAO,Primeiro movimento diferente de distribuicao,processos_28-07-2026.CSV,1596
0000249-89.2026.5.12.0030,PRIMEIRO_MOVIMENTO_NAO_DISTRIBUICAO,Primeiro movimento diferente de distribuicao,processos_28-07-2026.CSV,1038
0000253-66.2026.5.12.0050,PRIMEIRO_MOVIMENTO_NAO_DISTRIBUICAO,Primeiro movimento diferente de distribuicao,processos_28-07-2026.CSV,1288
0000255-05.2026.5.12.0028,PRIMEIRO_MOVIMENTO_NAO_DISTRIBUICAO,Primeiro movimento diferente de distribuicao,processos_28-07-2026.CSV,632
0000256-03.2026.5.12.0056,PRIMEIRO_MOVIMENTO_NAO_DISTRIBUICAO,Primeiro movimento diferente de distribuicao,processos_31-07-2026.CSV,607
0000258-57.2026.5.12.0028,PRIMEIRO_MOVIMENTO_NAO_DISTRIBUICAO,Primeiro movimento diferente de distribuicao,processos_28-07-2026.CSV,563
0000261-84.2026.5.12.0004,PRIMEIRO_MOVIMENTO_NAO_DISTRIBUICAO,Primeiro movimento diferente de distribuicao,processos_29-07-2026.CSV,1039
0000262-06.2026.5.12.0025,PRIMEIRO_MOVIMENTO_NAO_DISTRIBUICAO,Primeiro movimento diferente de distribuicao,processos_30-07-2026.CSV,1297
0000262-35.2025.5.12.0059,PRIMEIRO_MOVIMENTO_NAO_DISTRIBUICAO,Primeiro movimento diferente de distribuicao,processos_28-07-2026.CSV,1488
0000262-40.2025.5.12.0025,PRIMEIRO_MOVIMENTO_NAO_DISTRIBUICAO,Primeiro movimento diferente de distribuicao,processos_30-07-2026.CSV,505
0000263-18.2026.5.12.0016,PRIMEIRO_MOVIMENTO_NAO_DISTRIBUICAO,Primeiro movimento diferente de distribuicao,processos_29-07-2026.CSV,128
0000264-95.2026.5.12.0050,PRIMEIRO_MOVIMENTO_NAO_DISTRIBUICAO,Primeiro movimento diferente de distribuicao,processos_28-07-2026.CSV,1319
0000265-62.2026.5.12.0056,PRIMEIRO_MOVIMENTO_NAO_DISTRIBUICAO,Primeiro movimento diferente de distribuicao,processos_30-07-2026.CSV,983
0000266-94.2026.5.12.0008,PRIMEIRO_MOVIMENTO_NAO_DISTRIBUICAO,Primeiro movimento diferente de distribuicao,processos_30-07-2026.CSV,162
0000267-66.2025.5.12.0056,PRIMEIRO_MOVIMENTO_NAO_DISTRIBUICAO,Primeiro movimento diferente de distribuicao,processos_28-07-2026.CSV,1222
0000271-65.2026.5.12.0025,PRIMEIRO_MOVIMENTO_NAO_DISTRIBUICAO,Primeiro movimento diferente de distribuicao,processos_30-07-2026.CSV,517
0000271-85.2025.5.12.0062,PRIMEIRO_MOVIMENTO_NAO_DISTRIBUICAO,Primeiro movimento diferente de distribuicao,processos_29-07-2026.CSV,412
0000272-70.2025.5.12.0062,PRIMEIRO_MOVIMENTO_NAO_DISTRIBUICAO,Primeiro movimento diferente de distribuicao,processos_29-07-2026.CSV,404
0000274-05.2026.5.12.0030,PRIMEIRO_MOVIMENTO_NAO_DISTRIBUICAO,Primeiro movimento diferente de distribuicao,processos_28-07-2026.CSV,1110
0000274-47.2026.5.12.0016,PRIMEIRO_MOVIMENTO_NAO_DISTRIBUICAO,Primeiro movimento diferente de distribuicao,processos_28-07-2026.CSV,976
0000274-83.2026.5.12.0004,PRIMEIRO_MOVIMENTO_NAO_DISTRIBUICAO,Primeiro movimento diferente de distribuicao,processos_29-07-2026.CSV,1211
0000276-35.2026.5.12.0010,PRIMEIRO_MOVIMENTO_NAO_DISTRIBUICAO,Primeiro movimento diferente de distribuicao,processos_31-07-2026.CSV,1087
0000279-27.2026.5.12.0030,PRIMEIRO_MOVIMENTO_NAO_DISTRIBUICAO,Primeiro movimento diferente de distribuicao,processos_28-07-2026.CSV,1157
0000279-33.2026.5.12.0028,PRIMEIRO_MOVIMENTO_NAO_DISTRIBUICAO,Primeiro movimento diferente de distribuicao,processos_28-07-2026.CSV,612
0000280-12.2026.5.12.0030,PRIMEIRO_MOVIMENTO_NAO_DISTRIBUICAO,Primeiro movimento diferente de distribuicao,processos_28-07-2026.CSV,1162
0000281-41.2025.5.12.0059,PRIMEIRO_MOVIMENTO_NAO_DISTRIBUICAO,Primeiro movimento diferente de distribuicao,processos_28-07-2026.CSV,1533
0000281-75.2026.5.12.0004,PRIMEIRO_MOVIMENTO_NAO_DISTRIBUICAO,Primeiro movimento diferente de distribuicao,processos_30-07-2026.CSV,558
0000282-48.2026.5.12.0008,PRIMEIRO_MOVIMENTO_NAO_DISTRIBUICAO,Primeiro movimento diferente de distribuicao,processos_30-07-2026.CSV,107
0000285-71.2026.5.12.0050,PRIMEIRO_MOVIMENTO_NAO_DISTRIBUICAO,Primeiro movimento diferente de distribuicao,processos_28-07-2026.CSV,1341
0000286-38.2026.5.12.0056,PRIMEIRO_MOVIMENTO_NAO_DISTRIBUICAO,Primeiro movimento diferente de distribuicao,processos_30-07-2026.CSV,899
0000286-56.2026.5.12.0050,PRIMEIRO_MOVIMENTO_NAO_DISTRIBUICAO,Primeiro movimento diferente de distribuicao,processos_28-07-2026.CSV,1383
0000287-23.2026.5.12.0056,PRIMEIRO_MOVIMENTO_NAO_DISTRIBUICAO,Primeiro movimento diferente de distribuicao,processos_29-07-2026.CSV,842
0000287-49.2026.5.12.0015,PRIMEIRO_MOVIMENTO_NAO_DISTRIBUICAO,Primeiro movimento diferente de distribuicao,processos_31-07-2026.CSV,253
0000288-67.2026.5.12.0004,PRIMEIRO_MOVIMENTO_NAO_DISTRIBUICAO,Primeiro movimento diferente de distribuicao,processos_30-07-2026.CSV,561
0000289-16.2026.5.12.0016,PRIMEIRO_MOVIMENTO_NAO_DISTRIBUICAO,Primeiro movimento diferente de distribuicao,processos_28-07-2026.CSV,1132
0000289-86.2026.5.12.0025,PRIMEIRO_MOVIMENTO_NAO_DISTRIBUICAO,Primeiro movimento diferente de distribuicao,processos_30-07-2026.CSV,1288
0000290-71.2026.5.12.0025,PRIMEIRO_MOVIMENTO_NAO_DISTRIBUICAO,Primeiro movimento diferente de distribuicao,processos_29-07-2026.CSV,1046
0000291-56.2026.5.12.0025,PRIMEIRO_MOVIMENTO_NAO_DISTRIBUICAO,Primeiro movimento diferente de distribuicao,processos_30-07-2026.CSV,1024
0000294-33.2026.5.12.0050,PRIMEIRO_MOVIMENTO_NAO_DISTRIBUICAO,Primeiro movimento diferente de distribuicao,processos_28-07-2026.CSV,1598
0000295-23.2026.5.12.0016,PRIMEIRO_MOVIMENTO_NAO_DISTRIBUICAO,Primeiro movimento diferente de distribuicao,processos_28-07-2026.CSV,936
0000298-70.2026.5.12.0050,PRIMEIRO_MOVIMENTO_NAO_DISTRIBUICAO,Primeiro movimento diferente de distribuicao,processos_28-07-2026.CSV,1550
0000299-18.2026.5.12.0030,PRIMEIRO_MOVIMENTO_NAO_DISTRIBUICAO,Primeiro movimento diferente de distribuicao,processos_28-07-2026.CSV,1214
0000299-62.2025.5.12.0059,PRIMEIRO_MOVIMENTO_NAO_DISTRIBUICAO,Primeiro movimento diferente de distribuicao,processos_28-07-2026.CSV,1412
0000300-63.2026.5.12.0010,PRIMEIRO_MOVIMENTO_NAO_DISTRIBUICAO,Primeiro movimento diferente de distribuicao,processos_31-07-2026.CSV,1071
0000301-33.2026.5.12.0015,PRIMEIRO_MOVIMENTO_NAO_DISTRIBUICAO,Primeiro movimento diferente de distribuicao,processos_31-07-2026.CSV,469
0000302-10.2026.5.12.0050,PRIMEIRO_MOVIMENTO_NAO_DISTRIBUICAO,Primeiro movimento diferente de distribuicao,processos_28-07-2026.CSV,1333
0000302-15.2026.5.12.0016,PRIMEIRO_MOVIMENTO_NAO_DISTRIBUICAO,Primeiro movimento diferente de distribuicao,processos_28-07-2026.CSV,892
0000303-24.2026.5.12.0008,PRIMEIRO_MOVIMENTO_NAO_DISTRIBUICAO,Primeiro movimento diferente de distribuicao,processos_30-07-2026.CSV,196
0000304-21.2026.5.12.0004,PRIMEIRO_MOVIMENTO_NAO_DISTRIBUICAO,Primeiro movimento diferente de distribuicao,processos_29-07-2026.CSV,1242
0000304-59.2026.5.12.0056,PRIMEIRO_MOVIMENTO_NAO_DISTRIBUICAO,Primeiro movimento diferente de distribuicao,processos_30-07-2026.CSV,912
0000307-55.2026.5.12.0010,PRIMEIRO_MOVIMENTO_NAO_DISTRIBUICAO,Primeiro movimento diferente de distribuicao,processos_31-07-2026.CSV,1041
0000308-17.2026.5.12.0050,PRIMEIRO_MOVIMENTO_NAO_DISTRIBUICAO,Primeiro movimento diferente de distribuicao,processos_28-07-2026.CSV,1371
0000312-54.2026.5.12.0050,PRIMEIRO_MOVIMENTO_NAO_DISTRIBUICAO,Primeiro movimento diferente de distribuicao,processos_28-07-2026.CSV,1486
0000313-44.2026.5.12.0016,PRIMEIRO_MOVIMENTO_NAO_DISTRIBUICAO,Primeiro movimento diferente de distribuicao,processos_28-07-2026.CSV,830
0000314-32.2026.5.12.0015,PRIMEIRO_MOVIMENTO_NAO_DISTRIBUICAO,Primeiro movimento diferente de distribuicao,processos_31-07-2026.CSV,681
0000315-50.2026.5.12.0004,PRIMEIRO_MOVIMENTO_NAO_DISTRIBUICAO,Primeiro movimento diferente de distribuicao,processos_29-07-2026.CSV,1060
0000315-88.2026.5.12.0056,PRIMEIRO_MOVIMENTO_NAO_DISTRIBUICAO,Primeiro movimento diferente de distribuicao,processos_28-07-2026.CSV,1271
0000317-02.2026.5.12.0010,PRIMEIRO_MOVIMENTO_NAO_DISTRIBUICAO,Primeiro movimento diferente de distribuicao,processos_31-07-2026.CSV,1079
0000318-59.2025.5.12.0062,PRIMEIRO_MOVIMENTO_NAO_DISTRIBUICAO,Primeiro movimento diferente de distribuicao,processos_28-07-2026.CSV,227
0000318-69.2026.5.12.0015,PRIMEIRO_MOVIMENTO_NAO_DISTRIBUICAO,Primeiro movimento diferente de distribuicao,processos_28-07-2026.CSV,1189
0000319-09.2026.5.12.0030,PRIMEIRO_MOVIMENTO_NAO_DISTRIBUICAO,Primeiro movimento diferente de distribuicao,processos_28-07-2026.CSV,1262
0000321-57.2026.5.12.0004,PRIMEIRO_MOVIMENTO_NAO_DISTRIBUICAO,Primeiro movimento diferente de distribuicao,processos_29-07-2026.CSV,1249
0000325-53.2026.5.12.0050,PRIMEIRO_MOVIMENTO_NAO_DISTRIBUICAO,Primeiro movimento diferente de distribuicao,processos_28-07-2026.CSV,1446
0000325-82.2026.5.12.0008,PRIMEIRO_MOVIMENTO_NAO_DISTRIBUICAO,Primeiro movimento diferente de distribuicao,processos_30-07-2026.CSV,136
0000326-07.2026.5.12.0028,PRIMEIRO_MOVIMENTO_NAO_DISTRIBUICAO,Primeiro movimento diferente de distribuicao,processos_28-07-2026.CSV,535
0000327-23.2026.5.12.0050,PRIMEIRO_MOVIMENTO_NAO_DISTRIBUICAO,Primeiro movimento diferente de distribuicao,processos_28-07-2026.CSV,1450
0000328-08.2026.5.12.0050,PRIMEIRO_MOVIMENTO_NAO_DISTRIBUICAO,Primeiro movimento diferente de distribuicao,processos_28-07-2026.CSV,1290
0000329-72.2026.5.12.0056,PRIMEIRO_MOVIMENTO_NAO_DISTRIBUICAO,Primeiro movimento diferente de distribuicao,processos_30-07-2026.CSV,1542
0000329-90.2026.5.12.0050,PRIMEIRO_MOVIMENTO_NAO_DISTRIBUICAO,Primeiro movimento diferente de distribuicao,processos_28-07-2026.CSV,1317
0000330-53.2026.5.12.0025,PRIMEIRO_MOVIMENTO_NAO_DISTRIBUICAO,Primeiro movimento diferente de distribuicao,processos_30-07-2026.CSV,714
0000332-74.2026.5.12.0008,PRIMEIRO_MOVIMENTO_NAO_DISTRIBUICAO,Primeiro movimento diferente de distribuicao,processos_30-07-2026.CSV,239
0000333-42.2025.5.12.0025,PRIMEIRO_MOVIMENTO_NAO_DISTRIBUICAO,Primeiro movimento diferente de distribuicao,processos_30-07-2026.CSV,587
0000333-53.2026.5.12.0010,PRIMEIRO_MOVIMENTO_NAO_DISTRIBUICAO,Primeiro movimento diferente de distribuicao,processos_31-07-2026.CSV,1061
0000333-96.2026.5.12.0028,PRIMEIRO_MOVIMENTO_NAO_DISTRIBUICAO,Primeiro movimento diferente de distribuicao,processos_28-07-2026.CSV,616
0000334-13.2025.5.12.0062,PRIMEIRO_MOVIMENTO_NAO_DISTRIBUICAO,Primeiro movimento diferente de distribuicao,processos_28-07-2026.CSV,219
0000334-15.2026.5.12.0050,PRIMEIRO_MOVIMENTO_NAO_DISTRIBUICAO,Primeiro movimento diferente de distribuicao,processos_28-07-2026.CSV,1511
0000337-11.2026.5.12.0004,PRIMEIRO_MOVIMENTO_NAO_DISTRIBUICAO,Primeiro movimento diferente de distribuicao,processos_29-07-2026.CSV,1245
0000337-65.2025.5.12.0062,PRIMEIRO_MOVIMENTO_NAO_DISTRIBUICAO,Primeiro movimento diferente de distribuicao,processos_30-07-2026.CSV,798
0000337-96.2026.5.12.0008,PRIMEIRO_MOVIMENTO_NAO_DISTRIBUICAO,Primeiro movimento diferente de distribuicao,processos_30-07-2026.CSV,167
0000339-66.2026.5.12.0008,PRIMEIRO_MOVIMENTO_NAO_DISTRIBUICAO,Primeiro movimento diferente de distribuicao,processos_30-07-2026.CSV,225
0000340-27.2026.5.12.0016,PRIMEIRO_MOVIMENTO_NAO_DISTRIBUICAO,Primeiro movimento diferente de distribuicao,processos_28-07-2026.CSV,1151
0000342-67.2026.5.12.0025,PRIMEIRO_MOVIMENTO_NAO_DISTRIBUICAO,Primeiro movimento diferente de distribuicao,processos_30-07-2026.CSV,723
0000343-81.2025.5.12.0059,PRIMEIRO_MOVIMENTO_NAO_DISTRIBUICAO,Primeiro movimento diferente de distribuicao,processos_28-07-2026.CSV,1700
0000345-42.2025.5.12.0062,PRIMEIRO_MOVIMENTO_NAO_DISTRIBUICAO,Primeiro movimento diferente de distribuicao,processos_30-07-2026.CSV,341
0000345-52.2026.5.12.0015,PRIMEIRO_MOVIMENTO_NAO_DISTRIBUICAO,Primeiro movimento diferente de distribuicao,processos_30-07-2026.CSV,1495
0000346-11.2026.5.12.0056,PRIMEIRO_MOVIMENTO_NAO_DISTRIBUICAO,Primeiro movimento diferente de distribuicao,processos_30-07-2026.CSV,1051
0000346-89.2026.5.12.0030,PRIMEIRO_MOVIMENTO_NAO_DISTRIBUICAO,Primeiro movimento diferente de distribuicao,processos_28-07-2026.CSV,883
0000347-55.2026.5.12.0004,PRIMEIRO_MOVIMENTO_NAO_DISTRIBUICAO,Primeiro movimento diferente de distribuicao,processos_29-07-2026.CSV,1053
0000350-48.2026.5.12.0056,PRIMEIRO_MOVIMENTO_NAO_DISTRIBUICAO,Primeiro movimento diferente de distribuicao,processos_31-07-2026.CSV,152
0000350-65.2026.5.12.0018,PRIMEIRO_MOVIMENTO_NAO_DISTRIBUICAO,Primeiro movimento diferente de distribuicao,processos_31-07-2026.CSV,26
0000350-73.2025.5.12.0059,PRIMEIRO_MOVIMENTO_NAO_DISTRIBUICAO,Primeiro movimento diferente de distribuicao,processos_28-07-2026.CSV,1394
0000350-95.2026.5.12.0008,PRIMEIRO_MOVIMENTO_NAO_DISTRIBUICAO,Primeiro movimento diferente de distribuicao,processos_30-07-2026.CSV,170
0000351-92.2026.5.12.0004,PRIMEIRO_MOVIMENTO_NAO_DISTRIBUICAO,Primeiro movimento diferente de distribuicao,processos_30-07-2026.CSV,582
0000352-43.2025.5.12.0059,PRIMEIRO_MOVIMENTO_NAO_DISTRIBUICAO,Primeiro movimento diferente de distribuicao,processos_28-07-2026.CSV,1335
0000354-13.2025.5.12.0059,PRIMEIRO_MOVIMENTO_NAO_DISTRIBUICAO,Primeiro movimento diferente de distribuicao,processos_28-07-2026.CSV,1654
0000355-88.2026.5.12.0050,PRIMEIRO_MOVIMENTO_NAO_DISTRIBUICAO,Primeiro movimento diferente de distribuicao,processos_28-07-2026.CSV,1323
0000356-05.2026.5.12.0008,PRIMEIRO_MOVIMENTO_NAO_DISTRIBUICAO,Primeiro movimento diferente de distribuicao,processos_30-07-2026.CSV,197
0000359-22.2025.5.12.0031,PRIMEIRO_MOVIMENTO_NAO_DISTRIBUICAO,Primeiro movimento diferente de distribuicao,processos_28-07-2026.CSV,1448
0000364-57.2025.5.12.0059,PRIMEIRO_MOVIMENTO_NAO_DISTRIBUICAO,Primeiro movimento diferente de distribuicao,processos_28-07-2026.CSV,1516
0000365-04.2026.5.12.0028,PRIMEIRO_MOVIMENTO_NAO_DISTRIBUICAO,Primeiro movimento diferente de distribuicao,processos_28-07-2026.CSV,573
0000365-35.2026.5.12.0050,PRIMEIRO_MOVIMENTO_NAO_DISTRIBUICAO,Primeiro movimento diferente de distribuicao,processos_28-07-2026.CSV,1286
0000365-76.2026.5.12.0004,PRIMEIRO_MOVIMENTO_NAO_DISTRIBUICAO,Primeiro movimento diferente de distribuicao,processos_30-07-2026.CSV,571
0000367-03.2025.5.12.0062,PRIMEIRO_MOVIMENTO_NAO_DISTRIBUICAO,Primeiro movimento diferente de distribuicao,processos_29-07-2026.CSV,415
0000367-96.2026.5.12.0052,PRIMEIRO_MOVIMENTO_NAO_DISTRIBUICAO,Primeiro movimento diferente de distribuicao,processos_22-07-2026.CSV,443
0000368-85.2025.5.12.0062,PRIMEIRO_MOVIMENTO_NAO_DISTRIBUICAO,Primeiro movimento diferente de distribuicao,processos_30-07-2026.CSV,767
0000369-04.2026.5.12.0008,PRIMEIRO_MOVIMENTO_NAO_DISTRIBUICAO,Primeiro movimento diferente de distribuicao,processos_30-07-2026.CSV,217
0000369-70.2025.5.12.0062,PRIMEIRO_MOVIMENTO_NAO_DISTRIBUICAO,Primeiro movimento diferente de distribuicao,processos_29-07-2026.CSV,459
0000370-57.2026.5.12.0050,PRIMEIRO_MOVIMENTO_NAO_DISTRIBUICAO,Primeiro movimento diferente de distribuicao,processos_28-07-2026.CSV,1305
0000371-40.2025.5.12.0062,PRIMEIRO_MOVIMENTO_NAO_DISTRIBUICAO,Primeiro movimento diferente de distribuicao,processos_29-07-2026.CSV,409
0000372-21.2026.5.12.0052,PRIMEIRO_MOVIMENTO_NAO_DISTRIBUICAO,Primeiro movimento diferente de distribuicao,processos_02-07-2026.CSV,316
0000373-10.2025.5.12.0062,PRIMEIRO_MOVIMENTO_NAO_DISTRIBUICAO,Primeiro movimento diferente de distribuicao,processos_29-07-2026.CSV,411
0000373-35.2026.5.12.0010,PRIMEIRO_MOVIMENTO_NAO_DISTRIBUICAO,Primeiro movimento diferente de distribuicao,processos_31-07-2026.CSV,1099
0000373-72.2026.5.12.0030,PRIMEIRO_MOVIMENTO_NAO_DISTRIBUICAO,Primeiro movimento diferente de distribuicao,processos_28-07-2026.CSV,1193
0000375-05.2026.5.12.0010,PRIMEIRO_MOVIMENTO_NAO_DISTRIBUICAO,Primeiro movimento diferente de distribuicao,processos_31-07-2026.CSV,1081
0000375-23.2026.5.12.0004,PRIMEIRO_MOVIMENTO_NAO_DISTRIBUICAO,Primeiro movimento diferente de distribuicao,processos_30-07-2026.CSV,593
0000375-86.2025.5.12.0059,PRIMEIRO_MOVIMENTO_NAO_DISTRIBUICAO,Primeiro movimento diferente de distribuicao,processos_28-07-2026.CSV,1453
0000376-64.2026.5.12.0050,PRIMEIRO_MOVIMENTO_NAO_DISTRIBUICAO,Primeiro movimento diferente de distribuicao,processos_28-07-2026.CSV,1336
0000378-32.2025.5.12.0062,PRIMEIRO_MOVIMENTO_NAO_DISTRIBUICAO,Primeiro movimento diferente de distribuicao,processos_29-07-2026.CSV,26
0000378-34.2026.5.12.0050,PRIMEIRO_MOVIMENTO_NAO_DISTRIBUICAO,Primeiro movimento diferente de distribuicao,processos_28-07-2026.CSV,1298
0000380-27.2026.5.12.0010,PRIMEIRO_MOVIMENTO_NAO_DISTRIBUICAO,Primeiro movimento diferente de distribuicao,processos_31-07-2026.CSV,1066
0000383-68.2025.5.12.0025,PRIMEIRO_MOVIMENTO_NAO_DISTRIBUICAO,Primeiro movimento diferente de distribuicao,processos_30-07-2026.CSV,512
0000384-23.2026.5.12.0056,PRIMEIRO_MOVIMENTO_NAO_DISTRIBUICAO,Primeiro movimento diferente de distribuicao,processos_28-07-2026.CSV,1258
0000384-53.2025.5.12.0025,PRIMEIRO_MOVIMENTO_NAO_DISTRIBUICAO,Primeiro movimento diferente de distribuicao,processos_30-07-2026.CSV,497
0000385-55.2026.5.12.0008,PRIMEIRO_MOVIMENTO_NAO_DISTRIBUICAO,Primeiro movimento diferente de distribuicao,processos_30-07-2026.CSV,236
0000387-93.2026.5.12.0050,PRIMEIRO_MOVIMENTO_NAO_DISTRIBUICAO,Primeiro movimento diferente de distribuicao,processos_28-07-2026.CSV,1387
0000388-60.2026.5.12.0056,PRIMEIRO_MOVIMENTO_NAO_DISTRIBUICAO,Primeiro movimento diferente de distribuicao,processos_30-07-2026.CSV,1127
0000390-26.2026.5.12.0025,PRIMEIRO_MOVIMENTO_NAO_DISTRIBUICAO,Primeiro movimento diferente de distribuicao,processos_29-07-2026.CSV,1156
0000390-48.2026.5.12.0050,PRIMEIRO_MOVIMENTO_NAO_DISTRIBUICAO,Primeiro movimento diferente de distribuicao,processos_28-07-2026.CSV,1327
0000392-52.2025.5.12.0050,PRIMEIRO_MOVIMENTO_NAO_DISTRIBUICAO,Primeiro movimento diferente de distribuicao,processos_28-07-2026.CSV,1531
0000392-59.2026.5.12.0004,PRIMEIRO_MOVIMENTO_NAO_DISTRIBUICAO,Primeiro movimento diferente de distribuicao,processos_30-07-2026.CSV,603
0000392-78.2026.5.12.0030,PRIMEIRO_MOVIMENTO_NAO_DISTRIBUICAO,Primeiro movimento diferente de distribuicao,processos_28-07-2026.CSV,1235
0000392-97.2026.5.12.0056,PRIMEIRO_MOVIMENTO_NAO_DISTRIBUICAO,Primeiro movimento diferente de distribuicao,processos_29-07-2026.CSV,801
0000393-98.2025.5.12.0062,PRIMEIRO_MOVIMENTO_NAO_DISTRIBUICAO,Primeiro movimento diferente de distribuicao,processos_29-07-2026.CSV,456
0000396-33.2026.5.12.0025,PRIMEIRO_MOVIMENTO_NAO_DISTRIBUICAO,Primeiro movimento diferente de distribuicao,processos_30-07-2026.CSV,1307
0000396-96.2026.5.12.0004,PRIMEIRO_MOVIMENTO_NAO_DISTRIBUICAO,Primeiro movimento diferente de distribuicao,processos_29-07-2026.CSV,1224
0000397-22.2026.5.12.0056,PRIMEIRO_MOVIMENTO_NAO_DISTRIBUICAO,Primeiro movimento diferente de distribuicao,processos_30-07-2026.CSV,1263
0000398-85.2026.5.12.0030,PRIMEIRO_MOVIMENTO_NAO_DISTRIBUICAO,Primeiro movimento diferente de distribuicao,processos_28-07-2026.CSV,1142
0000399-70.2026.5.12.0030,PRIMEIRO_MOVIMENTO_NAO_DISTRIBUICAO,Primeiro movimento diferente de distribuicao,processos_28-07-2026.CSV,1248
0000400-92.2026.5.12.0050,PRIMEIRO_MOVIMENTO_NAO_DISTRIBUICAO,Primeiro movimento diferente de distribuicao,processos_28-07-2026.CSV,1299
0000402-40.2026.5.12.0025,PRIMEIRO_MOVIMENTO_NAO_DISTRIBUICAO,Primeiro movimento diferente de distribuicao,processos_30-07-2026.CSV,460
0000404-14.2026.5.12.0056,PRIMEIRO_MOVIMENTO_NAO_DISTRIBUICAO,Primeiro movimento diferente de distribuicao,processos_30-07-2026.CSV,1260
0000404-95.2025.5.12.0008,PRIMEIRO_MOVIMENTO_NAO_DISTRIBUICAO,Primeiro movimento diferente de distribuicao,processos_30-07-2026.CSV,79
0000405-92.2026.5.12.0025,PRIMEIRO_MOVIMENTO_NAO_DISTRIBUICAO,Primeiro movimento diferente de distribuicao,processos_30-07-2026.CSV,1059
0000406-07.2026.5.12.0016,PRIMEIRO_MOVIMENTO_NAO_DISTRIBUICAO,Primeiro movimento diferente de distribuicao,processos_28-07-2026.CSV,557
0000406-81.2026.5.12.0056,PRIMEIRO_MOVIMENTO_NAO_DISTRIBUICAO,Primeiro movimento diferente de distribuicao,processos_31-07-2026.CSV,599
0000407-92.2026.5.12.0015,PRIMEIRO_MOVIMENTO_NAO_DISTRIBUICAO,Primeiro movimento diferente de distribuicao,processos_31-07-2026.CSV,644
0000408-76.2025.5.12.0059,PRIMEIRO_MOVIMENTO_NAO_DISTRIBUICAO,Primeiro movimento diferente de distribuicao,processos_28-07-2026.CSV,1432
0000410-39.2026.5.12.0050,PRIMEIRO_MOVIMENTO_NAO_DISTRIBUICAO,Primeiro movimento diferente de distribuicao,processos_28-07-2026.CSV,1439
0000411-53.2026.5.12.0008,PRIMEIRO_MOVIMENTO_NAO_DISTRIBUICAO,Primeiro movimento diferente de distribuicao,processos_30-07-2026.CSV,190
0000412-50.2026.5.12.0004,PRIMEIRO_MOVIMENTO_NAO_DISTRIBUICAO,Primeiro movimento diferente de distribuicao,processos_30-07-2026.CSV,549
0000416-24.2026.5.12.0025,PRIMEIRO_MOVIMENTO_NAO_DISTRIBUICAO,Primeiro movimento diferente de distribuicao,processos_30-07-2026.CSV,1072
0000417-13.2026.5.12.0056,PRIMEIRO_MOVIMENTO_NAO_DISTRIBUICAO,Primeiro movimento diferente de distribuicao,processos_31-07-2026.CSV,550
0000417-72.2026.5.12.0004,PRIMEIRO_MOVIMENTO_NAO_DISTRIBUICAO,Primeiro movimento diferente de distribuicao,processos_30-07-2026.CSV,613
0000418-23.2025.5.12.0059,PRIMEIRO_MOVIMENTO_NAO_DISTRIBUICAO,Primeiro movimento diferente de distribuicao,processos_28-07-2026.CSV,1475
0000418-91.2026.5.12.0025,PRIMEIRO_MOVIMENTO_NAO_DISTRIBUICAO,Primeiro movimento diferente de distribuicao,processos_30-07-2026.CSV,1326
0000419-42.2026.5.12.0004,PRIMEIRO_MOVIMENTO_NAO_DISTRIBUICAO,Primeiro movimento diferente de distribuicao,processos_30-07-2026.CSV,570
0000422-16.2026.5.12.0030,PRIMEIRO_MOVIMENTO_NAO_DISTRIBUICAO,Primeiro movimento diferente de distribuicao,processos_28-07-2026.CSV,1243
0000422-53.2026.5.12.0050,PRIMEIRO_MOVIMENTO_NAO_DISTRIBUICAO,Primeiro movimento diferente de distribuicao,processos_28-07-2026.CSV,1343
0000423-43.2026.5.12.0016,PRIMEIRO_MOVIMENTO_NAO_DISTRIBUICAO,Primeiro movimento diferente de distribuicao,processos_28-07-2026.CSV,1173
0000425-06.2025.5.12.0062,PRIMEIRO_MOVIMENTO_NAO_DISTRIBUICAO,Primeiro movimento diferente de distribuicao,processos_30-07-2026.CSV,345
0000426-90.2026.5.12.0050,PRIMEIRO_MOVIMENTO_NAO_DISTRIBUICAO,Primeiro movimento diferente de distribuicao,processos_28-07-2026.CSV,1362
0000426-95.2026.5.12.0016,PRIMEIRO_MOVIMENTO_NAO_DISTRIBUICAO,Primeiro movimento diferente de distribuicao,processos_28-07-2026.CSV,1057
0000429-14.2026.5.12.0028,PRIMEIRO_MOVIMENTO_NAO_DISTRIBUICAO,Primeiro movimento diferente de distribuicao,processos_28-07-2026.CSV,499
0000429-23.2026.5.12.0025,PRIMEIRO_MOVIMENTO_NAO_DISTRIBUICAO,Primeiro movimento diferente de distribuicao,processos_30-07-2026.CSV,784
0000429-50.2026.5.12.0016,PRIMEIRO_MOVIMENTO_NAO_DISTRIBUICAO,Primeiro movimento diferente de distribuicao,processos_29-07-2026.CSV,242
0000429-86.2026.5.12.0004,PRIMEIRO_MOVIMENTO_NAO_DISTRIBUICAO,Primeiro movimento diferente de distribuicao,processos_30-07-2026.CSV,618
0000430-37.2025.5.12.0059,PRIMEIRO_MOVIMENTO_NAO_DISTRIBUICAO,Primeiro movimento diferente de distribuicao,processos_28-07-2026.CSV,1620
0000430-38.2026.5.12.0015,PRIMEIRO_MOVIMENTO_NAO_DISTRIBUICAO,Primeiro movimento diferente de distribuicao,processos_31-07-2026.CSV,273
0000430-59.2026.5.12.0008,PRIMEIRO_MOVIMENTO_NAO_DISTRIBUICAO,Primeiro movimento diferente de distribuicao,processos_30-07-2026.CSV,123
0000430-71.2026.5.12.0004,PRIMEIRO_MOVIMENTO_NAO_DISTRIBUICAO,Primeiro movimento diferente de distribuicao,processos_29-07-2026.CSV,1235
0000434-11.2026.5.12.0004,PRIMEIRO_MOVIMENTO_NAO_DISTRIBUICAO,Primeiro movimento diferente de distribuicao,processos_28-07-2026.CSV,1464
0000435-52.2026.5.12.0050,PRIMEIRO_MOVIMENTO_NAO_DISTRIBUICAO,Primeiro movimento diferente de distribuicao,processos_28-07-2026.CSV,1380
0000435-57.2026.5.12.0016,PRIMEIRO_MOVIMENTO_NAO_DISTRIBUICAO,Primeiro movimento diferente de distribuicao,processos_28-07-2026.CSV,1125
0000437-04.2026.5.12.0056,PRIMEIRO_MOVIMENTO_NAO_DISTRIBUICAO,Primeiro movimento diferente de distribuicao,processos_30-07-2026.CSV,1274
0000438-07.2026.5.12.0050,PRIMEIRO_MOVIMENTO_NAO_DISTRIBUICAO,Primeiro movimento diferente de distribuicao,processos_28-07-2026.CSV,1355
0000440-74.2026.5.12.0050,PRIMEIRO_MOVIMENTO_NAO_DISTRIBUICAO,Primeiro movimento diferente de distribuicao,processos_28-07-2026.CSV,1400
0000441-57.2025.5.12.0062,PRIMEIRO_MOVIMENTO_NAO_DISTRIBUICAO,Primeiro movimento diferente de distribuicao,processos_29-07-2026.CSV,417
0000441-64.2026.5.12.0016,PRIMEIRO_MOVIMENTO_NAO_DISTRIBUICAO,Primeiro movimento diferente de distribuicao,processos_28-07-2026.CSV,1078
0000442-85.2026.5.12.0004,PRIMEIRO_MOVIMENTO_NAO_DISTRIBUICAO,Primeiro movimento diferente de distribuicao,processos_30-07-2026.CSV,533
0000444-21.2025.5.12.0059,PRIMEIRO_MOVIMENTO_NAO_DISTRIBUICAO,Primeiro movimento diferente de distribuicao,processos_28-07-2026.CSV,1471
0000444-22.2026.5.12.0015,PRIMEIRO_MOVIMENTO_NAO_DISTRIBUICAO,Primeiro movimento diferente de distribuicao,processos_31-07-2026.CSV,296
0000444-26.2025.5.12.0025,PRIMEIRO_MOVIMENTO_NAO_DISTRIBUICAO,Primeiro movimento diferente de distribuicao,processos_30-07-2026.CSV,1117
0000445-65.2026.5.12.0028,PRIMEIRO_MOVIMENTO_NAO_DISTRIBUICAO,Primeiro movimento diferente de distribuicao,processos_28-07-2026.CSV,435
0000446-44.2026.5.12.0030,PRIMEIRO_MOVIMENTO_NAO_DISTRIBUICAO,Primeiro movimento diferente de distribuicao,processos_28-07-2026.CSV,1031
0000447-66.2026.5.12.0050,PRIMEIRO_MOVIMENTO_NAO_DISTRIBUICAO,Primeiro movimento diferente de distribuicao,processos_28-07-2026.CSV,1474
0000447-78.2025.5.12.0025,PRIMEIRO_MOVIMENTO_NAO_DISTRIBUICAO,Primeiro movimento diferente de distribuicao,processos_30-07-2026.CSV,981
0000452-96.2026.5.12.0015,PRIMEIRO_MOVIMENTO_NAO_DISTRIBUICAO,Primeiro movimento diferente de distribuicao,processos_31-07-2026.CSV,338
0000453-80.2025.5.12.0059,PRIMEIRO_MOVIMENTO_NAO_DISTRIBUICAO,Primeiro movimento diferente de distribuicao,processos_28-07-2026.CSV,1492
0000454-27.2026.5.12.0028,PRIMEIRO_MOVIMENTO_NAO_DISTRIBUICAO,Primeiro movimento diferente de distribuicao,processos_28-07-2026.CSV,503
0000454-65.2025.5.12.0059,PRIMEIRO_MOVIMENTO_NAO_DISTRIBUICAO,Primeiro movimento diferente de distribuicao,processos_28-07-2026.CSV,1315
0000455-84.2026.5.12.0004,PRIMEIRO_MOVIMENTO_NAO_DISTRIBUICAO,Primeiro movimento diferente de distribuicao,processos_30-07-2026.CSV,539
0000457-73.2026.5.12.0030,PRIMEIRO_MOVIMENTO_NAO_DISTRIBUICAO,Primeiro movimento diferente de distribuicao,processos_28-07-2026.CSV,798
0000461-91.2026.5.12.0004,PRIMEIRO_MOVIMENTO_NAO_DISTRIBUICAO,Primeiro movimento diferente de distribuicao,processos_30-07-2026.CSV,575
0000462-43.2026.5.12.0015,PRIMEIRO_MOVIMENTO_NAO_DISTRIBUICAO,Primeiro movimento diferente de distribuicao,processos_31-07-2026.CSV,261
0000463-61.2026.5.12.0004,PRIMEIRO_MOVIMENTO_NAO_DISTRIBUICAO,Primeiro movimento diferente de distribuicao,processos_29-07-2026.CSV,1232
0000464-10.2026.5.12.0016,PRIMEIRO_MOVIMENTO_NAO_DISTRIBUICAO,Primeiro movimento diferente de distribuicao,processos_29-07-2026.CSV,226
0000468-42.2026.5.12.0050,PRIMEIRO_MOVIMENTO_NAO_DISTRIBUICAO,Primeiro movimento diferente de distribuicao,processos_28-07-2026.CSV,1534
0000470-20.2026.5.12.0015,PRIMEIRO_MOVIMENTO_NAO_DISTRIBUICAO,Primeiro movimento diferente de distribuicao,processos_31-07-2026.CSV,300
0000471-38.2026.5.12.0004,PRIMEIRO_MOVIMENTO_NAO_DISTRIBUICAO,Primeiro movimento diferente de distribuicao,processos_30-07-2026.CSV,609
0000471-92.2025.5.12.0062,PRIMEIRO_MOVIMENTO_NAO_DISTRIBUICAO,Primeiro movimento diferente de distribuicao,processos_29-07-2026.CSV,802
0000473-64.2026.5.12.0050,PRIMEIRO_MOVIMENTO_NAO_DISTRIBUICAO,Primeiro movimento diferente de distribuicao,processos_28-07-2026.CSV,1555
0000475-34.2026.5.12.0050,PRIMEIRO_MOVIMENTO_NAO_DISTRIBUICAO,Primeiro movimento diferente de distribuicao,processos_28-07-2026.CSV,1539
0000478-52.2025.5.12.0008,PRIMEIRO_MOVIMENTO_NAO_DISTRIBUICAO,Primeiro movimento diferente de distribuicao,processos_30-07-2026.CSV,163
0000480-97.2026.5.12.0004,PRIMEIRO_MOVIMENTO_NAO_DISTRIBUICAO,Primeiro movimento diferente de distribuicao,processos_30-07-2026.CSV,607
0000481-82.2026.5.12.0004,PRIMEIRO_MOVIMENTO_NAO_DISTRIBUICAO,Primeiro movimento diferente de distribuicao,processos_29-07-2026.CSV,1203
0000482-38.2025.5.12.0025,PRIMEIRO_MOVIMENTO_NAO_DISTRIBUICAO,Primeiro movimento diferente de distribuicao,processos_29-07-2026.CSV,1113
0000482-49.2026.5.12.0010,PRIMEIRO_MOVIMENTO_NAO_DISTRIBUICAO,Primeiro movimento diferente de distribuicao,processos_31-07-2026.CSV,1069
0000486-92.2026.5.12.0008,PRIMEIRO_MOVIMENTO_NAO_DISTRIBUICAO,Primeiro movimento diferente de distribuicao,processos_30-07-2026.CSV,141
0000487-11.2026.5.12.0030,PRIMEIRO_MOVIMENTO_NAO_DISTRIBUICAO,Primeiro movimento diferente de distribuicao,processos_28-07-2026.CSV,1139
0000488-09.2025.5.12.0037,PRIMEIRO_MOVIMENTO_NAO_DISTRIBUICAO,Primeiro movimento diferente de distribuicao,processos_28-07-2026.CSV,1512
0000488-38.2026.5.12.0016,PRIMEIRO_MOVIMENTO_NAO_DISTRIBUICAO,Primeiro movimento diferente de distribuicao,processos_28-07-2026.CSV,675
0000489-18.2026.5.12.0050,PRIMEIRO_MOVIMENTO_NAO_DISTRIBUICAO,Primeiro movimento diferente de distribuicao,processos_28-07-2026.CSV,1350
0000489-42.2026.5.12.0042,PRIMEIRO_MOVIMENTO_NAO_DISTRIBUICAO,Primeiro movimento diferente de distribuicao,processos_28-07-2026.CSV,177
0000490-08.2026.5.12.0016,PRIMEIRO_MOVIMENTO_NAO_DISTRIBUICAO,Primeiro movimento diferente de distribuicao,processos_28-07-2026.CSV,1114
0000491-63.2026.5.12.0025,PRIMEIRO_MOVIMENTO_NAO_DISTRIBUICAO,Primeiro movimento diferente de distribuicao,processos_29-07-2026.CSV,1032
0000491-85.2026.5.12.0050,PRIMEIRO_MOVIMENTO_NAO_DISTRIBUICAO,Primeiro movimento diferente de distribuicao,processos_28-07-2026.CSV,1442
0000492-14.2026.5.12.0004,PRIMEIRO_MOVIMENTO_NAO_DISTRIBUICAO,Primeiro movimento diferente de distribuicao,processos_30-07-2026.CSV,678
0000493-18.2026.5.12.0030,PRIMEIRO_MOVIMENTO_NAO_DISTRIBUICAO,Primeiro movimento diferente de distribuicao,processos_28-07-2026.CSV,1087
0000496-10.2026.5.12.0050,PRIMEIRO_MOVIMENTO_NAO_DISTRIBUICAO,Primeiro movimento diferente de distribuicao,processos_28-07-2026.CSV,1312
0000500-88.2026.5.12.0004,PRIMEIRO_MOVIMENTO_NAO_DISTRIBUICAO,Primeiro movimento diferente de distribuicao,processos_30-07-2026.CSV,554
0000501-56.2026.5.12.0042,PRIMEIRO_MOVIMENTO_NAO_DISTRIBUICAO,Primeiro movimento diferente de distribuicao,processos_07-07-2026.CSV,406
0000503-07.2026.5.12.0016,PRIMEIRO_MOVIMENTO_NAO_DISTRIBUICAO,Primeiro movimento diferente de distribuicao,processos_29-07-2026.CSV,120
0000504-28.2026.5.12.0004,PRIMEIRO_MOVIMENTO_NAO_DISTRIBUICAO,Primeiro movimento diferente de distribuicao,processos_30-07-2026.CSV,606
0000504-47.2026.5.12.0030,PRIMEIRO_MOVIMENTO_NAO_DISTRIBUICAO,Primeiro movimento diferente de distribuicao,processos_28-07-2026.CSV,1233
0000505-83.2026.5.12.0013,PRIMEIRO_MOVIMENTO_NAO_DISTRIBUICAO,Primeiro movimento diferente de distribuicao,processos_08-07-2026.CSV,293
0000506-61.2025.5.12.0059,PRIMEIRO_MOVIMENTO_NAO_DISTRIBUICAO,Primeiro movimento diferente de distribuicao,processos_30-07-2026.CSV,432
0000507-46.2025.5.12.0059,PRIMEIRO_MOVIMENTO_NAO_DISTRIBUICAO,Primeiro movimento diferente de distribuicao,processos_28-07-2026.CSV,1545
0000507-62.2026.5.12.0010,PRIMEIRO_MOVIMENTO_NAO_DISTRIBUICAO,Primeiro movimento diferente de distribuicao,processos_31-07-2026.CSV,1073
0000509-21.2025.5.12.0025,PRIMEIRO_MOVIMENTO_NAO_DISTRIBUICAO,Primeiro movimento diferente de distribuicao,processos_29-07-2026.CSV,814
0000512-69.2026.5.12.0015,PRIMEIRO_MOVIMENTO_NAO_DISTRIBUICAO,Primeiro movimento diferente de distribuicao,processos_30-07-2026.CSV,1565
0000513-09.2026.5.12.0030,PRIMEIRO_MOVIMENTO_NAO_DISTRIBUICAO,Primeiro movimento diferente de distribuicao,processos_28-07-2026.CSV,698
0000515-39.2026.5.12.0010,PRIMEIRO_MOVIMENTO_NAO_DISTRIBUICAO,Primeiro movimento diferente de distribuicao,processos_31-07-2026.CSV,1077
0000518-37.2026.5.12.0028,PRIMEIRO_MOVIMENTO_NAO_DISTRIBUICAO,Primeiro movimento diferente de distribuicao,processos_28-07-2026.CSV,650
0000518-76.2026.5.12.0015,PRIMEIRO_MOVIMENTO_NAO_DISTRIBUICAO,Primeiro movimento diferente de distribuicao,processos_28-07-2026.CSV,1164
0000519-82.2026.5.12.0008,PRIMEIRO_MOVIMENTO_NAO_DISTRIBUICAO,Primeiro movimento diferente de distribuicao,processos_30-07-2026.CSV,105
0000519-94.2026.5.12.0004,PRIMEIRO_MOVIMENTO_NAO_DISTRIBUICAO,Primeiro movimento diferente de distribuicao,processos_29-07-2026.CSV,1228
0000524-44.2026.5.12.0028,PRIMEIRO_MOVIMENTO_NAO_DISTRIBUICAO,Primeiro movimento diferente de distribuicao,processos_28-07-2026.CSV,426
0000527-53.2026.5.12.0010,PRIMEIRO_MOVIMENTO_NAO_DISTRIBUICAO,Primeiro movimento diferente de distribuicao,processos_31-07-2026.CSV,1091
0000530-89.2025.5.12.0059,PRIMEIRO_MOVIMENTO_NAO_DISTRIBUICAO,Primeiro movimento diferente de distribuicao,processos_28-07-2026.CSV,1398
0000531-45.2026.5.12.0025,PRIMEIRO_MOVIMENTO_NAO_DISTRIBUICAO,Primeiro movimento diferente de distribuicao,processos_29-07-2026.CSV,1154
0000531-49.2026.5.12.0056,PRIMEIRO_MOVIMENTO_NAO_DISTRIBUICAO,Primeiro movimento diferente de distribuicao,processos_30-07-2026.CSV,1287
0000532-30.2026.5.12.0025,PRIMEIRO_MOVIMENTO_NAO_DISTRIBUICAO,Primeiro movimento diferente de distribuicao,processos_30-07-2026.CSV,1318
0000535-15.2026.5.12.0015,PRIMEIRO_MOVIMENTO_NAO_DISTRIBUICAO,Primeiro movimento diferente de distribuicao,processos_31-07-2026.CSV,801
0000535-67.2026.5.12.0030,PRIMEIRO_MOVIMENTO_NAO_DISTRIBUICAO,Primeiro movimento diferente de distribuicao,processos_28-07-2026.CSV,1253
0000538-82.2026.5.12.0010,PRIMEIRO_MOVIMENTO_NAO_DISTRIBUICAO,Primeiro movimento diferente de distribuicao,processos_31-07-2026.CSV,1101
0000538-88.2026.5.12.0008,PRIMEIRO_MOVIMENTO_NAO_DISTRIBUICAO,Primeiro movimento diferente de distribuicao,processos_30-07-2026.CSV,250
0000540-96.2026.5.12.0060,PRIMEIRO_MOVIMENTO_NAO_DISTRIBUICAO,Primeiro movimento diferente de distribuicao,processos_17-07-2026.CSV,128
0000541-37.2026.5.12.0010,PRIMEIRO_MOVIMENTO_NAO_DISTRIBUICAO,Primeiro movimento diferente de distribuicao,processos_31-07-2026.CSV,1105
0000541-80.2026.5.12.0028,PRIMEIRO_MOVIMENTO_NAO_DISTRIBUICAO,Primeiro movimento diferente de distribuicao,processos_28-07-2026.CSV,507
0000542-22.2026.5.12.0010,PRIMEIRO_MOVIMENTO_NAO_DISTRIBUICAO,Primeiro movimento diferente de distribuicao,processos_31-07-2026.CSV,1059
0000542-40.2026.5.12.0004,PRIMEIRO_MOVIMENTO_NAO_DISTRIBUICAO,Primeiro movimento diferente de distribuicao,processos_30-07-2026.CSV,598
0000543-13.2026.5.12.0008,PRIMEIRO_MOVIMENTO_NAO_DISTRIBUICAO,Primeiro movimento diferente de distribuicao,processos_30-07-2026.CSV,85
0000544-73.2025.5.12.0059,PRIMEIRO_MOVIMENTO_NAO_DISTRIBUICAO,Primeiro movimento diferente de distribuicao,processos_28-07-2026.CSV,1561
0000544-95.2026.5.12.0008,PRIMEIRO_MOVIMENTO_NAO_DISTRIBUICAO,Primeiro movimento diferente de distribuicao,processos_30-07-2026.CSV,241
0000545-14.2026.5.12.0030,PRIMEIRO_MOVIMENTO_NAO_DISTRIBUICAO,Primeiro movimento diferente de distribuicao,processos_28-07-2026.CSV,1155
0000548-14.2026.5.12.0015,PRIMEIRO_MOVIMENTO_NAO_DISTRIBUICAO,Primeiro movimento diferente de distribuicao,processos_31-07-2026.CSV,267
0000548-47.2026.5.12.0004,PRIMEIRO_MOVIMENTO_NAO_DISTRIBUICAO,Primeiro movimento diferente de distribuicao,processos_30-07-2026.CSV,537
0000550-73.2026.5.12.0050,PRIMEIRO_MOVIMENTO_NAO_DISTRIBUICAO,Primeiro movimento diferente de distribuicao,processos_28-07-2026.CSV,1436
0000551-56.2025.5.12.0062,PRIMEIRO_MOVIMENTO_NAO_DISTRIBUICAO,Primeiro movimento diferente de distribuicao,processos_29-07-2026.CSV,324
0000552-41.2025.5.12.0062,PRIMEIRO_MOVIMENTO_NAO_DISTRIBUICAO,Primeiro movimento diferente de distribuicao,processos_29-07-2026.CSV,471
0000552-43.2026.5.12.0050,PRIMEIRO_MOVIMENTO_NAO_DISTRIBUICAO,Primeiro movimento diferente de distribuicao,processos_28-07-2026.CSV,1429
0000554-13.2026.5.12.0050,PRIMEIRO_MOVIMENTO_NAO_DISTRIBUICAO,Primeiro movimento diferente de distribuicao,processos_28-07-2026.CSV,1420
0000554-73.2026.5.12.0030,PRIMEIRO_MOVIMENTO_NAO_DISTRIBUICAO,Primeiro movimento diferente de distribuicao,processos_28-07-2026.CSV,1068
0000555-64.2026.5.12.0028,PRIMEIRO_MOVIMENTO_NAO_DISTRIBUICAO,Primeiro movimento diferente de distribuicao,processos_28-07-2026.CSV,598
0000555-73.2026.5.12.0025,PRIMEIRO_MOVIMENTO_NAO_DISTRIBUICAO,Primeiro movimento diferente de distribuicao,processos_30-07-2026.CSV,1265
0000558-91.2026.5.12.0004,PRIMEIRO_MOVIMENTO_NAO_DISTRIBUICAO,Primeiro movimento diferente de distribuicao,processos_30-07-2026.CSV,675
0000559-95.2026.5.12.0030,PRIMEIRO_MOVIMENTO_NAO_DISTRIBUICAO,Primeiro movimento diferente de distribuicao,processos_28-07-2026.CSV,1033
0000560-59.2026.5.12.0037,PRIMEIRO_MOVIMENTO_NAO_DISTRIBUICAO,Primeiro movimento diferente de distribuicao,processos_17-07-2026.CSV,566
0000565-11.2026.5.12.0028,PRIMEIRO_MOVIMENTO_NAO_DISTRIBUICAO,Primeiro movimento diferente de distribuicao,processos_28-07-2026.CSV,460
0000565-24.2026.5.12.0056,PRIMEIRO_MOVIMENTO_NAO_DISTRIBUICAO,Primeiro movimento diferente de distribuicao,processos_30-07-2026.CSV,1549
0000565-83.2026.5.12.0004,PRIMEIRO_MOVIMENTO_NAO_DISTRIBUICAO,Primeiro movimento diferente de distribuicao,processos_30-07-2026.CSV,670
0000566-34.2025.5.12.0059,PRIMEIRO_MOVIMENTO_NAO_DISTRIBUICAO,Primeiro movimento diferente de distribuicao,processos_28-07-2026.CSV,1556
0000566-72.2025.5.12.0014,PRIMEIRO_MOVIMENTO_NAO_DISTRIBUICAO,Primeiro movimento diferente de distribuicao,processos_29-07-2026.CSV,657
0000571-95.2024.5.12.0025,PRIMEIRO_MOVIMENTO_NAO_DISTRIBUICAO,Primeiro movimento diferente de distribuicao,processos_29-07-2026.CSV,986
0000575-68.2026.5.12.0056,PRIMEIRO_MOVIMENTO_NAO_DISTRIBUICAO,Primeiro movimento diferente de distribuicao,processos_30-07-2026.CSV,1310
0000576-94.2026.5.12.0010,PRIMEIRO_MOVIMENTO_NAO_DISTRIBUICAO,Primeiro movimento diferente de distribuicao,processos_31-07-2026.CSV,1086
0000577-64.2026.5.12.0015,PRIMEIRO_MOVIMENTO_NAO_DISTRIBUICAO,Primeiro movimento diferente de distribuicao,processos_31-07-2026.CSV,340
0000579-38.2025.5.12.0025,PRIMEIRO_MOVIMENTO_NAO_DISTRIBUICAO,Primeiro movimento diferente de distribuicao,processos_30-07-2026.CSV,937
0000580-34.2026.5.12.0010,PRIMEIRO_MOVIMENTO_NAO_DISTRIBUICAO,Primeiro movimento diferente de distribuicao,processos_31-07-2026.CSV,1090
0000581-37.2026.5.12.0004,PRIMEIRO_MOVIMENTO_NAO_DISTRIBUICAO,Primeiro movimento diferente de distribuicao,processos_30-07-2026.CSV,628
0000582-85.2025.5.12.0059,PRIMEIRO_MOVIMENTO_NAO_DISTRIBUICAO,Primeiro movimento diferente de distribuicao,processos_28-07-2026.CSV,1594
0000583-26.2026.5.12.0030,PRIMEIRO_MOVIMENTO_NAO_DISTRIBUICAO,Primeiro movimento diferente de distribuicao,processos_28-07-2026.CSV,1241
0000583-32.2026.5.12.0028,PRIMEIRO_MOVIMENTO_NAO_DISTRIBUICAO,Primeiro movimento diferente de distribuicao,processos_28-07-2026.CSV,574
0000583-61.2025.5.12.0062,PRIMEIRO_MOVIMENTO_NAO_DISTRIBUICAO,Primeiro movimento diferente de distribuicao,processos_29-07-2026.CSV,150
0000585-02.2026.5.12.0028,PRIMEIRO_MOVIMENTO_NAO_DISTRIBUICAO,Primeiro movimento diferente de distribuicao,processos_28-07-2026.CSV,569
0000585-11.2026.5.12.0025,PRIMEIRO_MOVIMENTO_NAO_DISTRIBUICAO,Primeiro movimento diferente de distribuicao,processos_29-07-2026.CSV,1091
0000585-31.2025.5.12.0062,PRIMEIRO_MOVIMENTO_NAO_DISTRIBUICAO,Primeiro movimento diferente de distribuicao,processos_29-07-2026.CSV,27
0000586-78.2026.5.12.0030,PRIMEIRO_MOVIMENTO_NAO_DISTRIBUICAO,Primeiro movimento diferente de distribuicao,processos_28-07-2026.CSV,1263
0000587-10.2025.5.12.0059,PRIMEIRO_MOVIMENTO_NAO_DISTRIBUICAO,Primeiro movimento diferente de distribuicao,processos_28-07-2026.CSV,1587
0000587-11.2026.5.12.0015,PRIMEIRO_MOVIMENTO_NAO_DISTRIBUICAO,Primeiro movimento diferente de distribuicao,processos_29-07-2026.CSV,788
0000589-14.2026.5.12.0004,PRIMEIRO_MOVIMENTO_NAO_DISTRIBUICAO,Primeiro movimento diferente de distribuicao,processos_30-07-2026.CSV,540
0000593-08.2025.5.12.0062,PRIMEIRO_MOVIMENTO_NAO_DISTRIBUICAO,Primeiro movimento diferente de distribuicao,processos_29-07-2026.CSV,152
0000594-18.2026.5.12.0010,PRIMEIRO_MOVIMENTO_NAO_DISTRIBUICAO,Primeiro movimento diferente de distribuicao,processos_31-07-2026.CSV,1049
0000597-25.2026.5.12.0025,PRIMEIRO_MOVIMENTO_NAO_DISTRIBUICAO,Primeiro movimento diferente de distribuicao,processos_30-07-2026.CSV,892
0000601-10.2026.5.12.0010,PRIMEIRO_MOVIMENTO_NAO_DISTRIBUICAO,Primeiro movimento diferente de distribuicao,processos_31-07-2026.CSV,1096
0000601-28.2026.5.12.0004,PRIMEIRO_MOVIMENTO_NAO_DISTRIBUICAO,Primeiro movimento diferente de distribuicao,processos_30-07-2026.CSV,638
0000602-76.2025.5.12.0059,PRIMEIRO_MOVIMENTO_NAO_DISTRIBUICAO,Primeiro movimento diferente de distribuicao,processos_28-07-2026.CSV,1593
0000603-52.2025.5.12.0062,PRIMEIRO_MOVIMENTO_NAO_DISTRIBUICAO,Primeiro movimento diferente de distribuicao,processos_29-07-2026.CSV,191
0000604-08.2026.5.12.0028,PRIMEIRO_MOVIMENTO_NAO_DISTRIBUICAO,Primeiro movimento diferente de distribuicao,processos_28-07-2026.CSV,589
0000607-98.2025.5.12.0059,PRIMEIRO_MOVIMENTO_NAO_DISTRIBUICAO,Primeiro movimento diferente de distribuicao,processos_28-07-2026.CSV,1589
0000609-43.2026.5.12.0056,PRIMEIRO_MOVIMENTO_NAO_DISTRIBUICAO,Primeiro movimento diferente de distribuicao,processos_30-07-2026.CSV,1335
0000611-38.2025.5.12.0059,PRIMEIRO_MOVIMENTO_NAO_DISTRIBUICAO,Primeiro movimento diferente de distribuicao,processos_28-07-2026.CSV,1610
0000613-61.2026.5.12.0030,PRIMEIRO_MOVIMENTO_NAO_DISTRIBUICAO,Primeiro movimento diferente de distribuicao,processos_28-07-2026.CSV,1267
0000617-45.2025.5.12.0059,PRIMEIRO_MOVIMENTO_NAO_DISTRIBUICAO,Primeiro movimento diferente de distribuicao,processos_28-07-2026.CSV,1417
0000625-62.2026.5.12.0002,PRIMEIRO_MOVIMENTO_NAO_DISTRIBUICAO,Primeiro movimento diferente de distribuicao,processos_07-07-2026.CSV,100
0000627-82.2026.5.12.0050,PRIMEIRO_MOVIMENTO_NAO_DISTRIBUICAO,Primeiro movimento diferente de distribuicao,processos_28-07-2026.CSV,1542
0000628-36.2026.5.12.0028,PRIMEIRO_MOVIMENTO_NAO_DISTRIBUICAO,Primeiro movimento diferente de distribuicao,processos_28-07-2026.CSV,656
0000628-65.2025.5.12.0062,PRIMEIRO_MOVIMENTO_NAO_DISTRIBUICAO,Primeiro movimento diferente de distribuicao,processos_30-07-2026.CSV,829
0000628-74.2025.5.12.0059,PRIMEIRO_MOVIMENTO_NAO_DISTRIBUICAO,Primeiro movimento diferente de distribuicao,processos_28-07-2026.CSV,1716
0000628-75.2026.5.12.0015,PRIMEIRO_MOVIMENTO_NAO_DISTRIBUICAO,Primeiro movimento diferente de distribuicao,processos_31-07-2026.CSV,258
0000629-34.2026.5.12.0056,PRIMEIRO_MOVIMENTO_NAO_DISTRIBUICAO,Primeiro movimento diferente de distribuicao,processos_28-07-2026.CSV,1240
0000633-36.2026.5.12.0003,PRIMEIRO_MOVIMENTO_NAO_DISTRIBUICAO,Primeiro movimento diferente de distribuicao,processos_09-07-2026.CSV,91
0000633-67.2026.5.12.0025,PRIMEIRO_MOVIMENTO_NAO_DISTRIBUICAO,Primeiro movimento diferente de distribuicao,processos_30-07-2026.CSV,1331
0000634-19.2026.5.12.0036,PRIMEIRO_MOVIMENTO_NAO_DISTRIBUICAO,Primeiro movimento diferente de distribuicao,processos_28-07-2026.CSV,122
0000634-52.2026.5.12.0025,PRIMEIRO_MOVIMENTO_NAO_DISTRIBUICAO,Primeiro movimento diferente de distribuicao,processos_30-07-2026.CSV,461
0000634-85.2026.5.12.0014,PRIMEIRO_MOVIMENTO_NAO_DISTRIBUICAO,Primeiro movimento diferente de distribuicao,processos_29-07-2026.CSV,368
0000635-28.2026.5.12.0028,PRIMEIRO_MOVIMENTO_NAO_DISTRIBUICAO,Primeiro movimento diferente de distribuicao,processos_28-07-2026.CSV,526
0000636-42.2025.5.12.0062,PRIMEIRO_MOVIMENTO_NAO_DISTRIBUICAO,Primeiro movimento diferente de distribuicao,processos_30-07-2026.CSV,935
0000639-40.2026.5.12.0004,PRIMEIRO_MOVIMENTO_NAO_DISTRIBUICAO,Primeiro movimento diferente de distribuicao,processos_30-07-2026.CSV,584
0000640-79.2025.5.12.0062,PRIMEIRO_MOVIMENTO_NAO_DISTRIBUICAO,Primeiro movimento diferente de distribuicao,processos_29-07-2026.CSV,402
0000640-81.2026.5.12.0050,PRIMEIRO_MOVIMENTO_NAO_DISTRIBUICAO,Primeiro movimento diferente de distribuicao,processos_28-07-2026.CSV,1360
0000641-29.2026.5.12.0030,PRIMEIRO_MOVIMENTO_NAO_DISTRIBUICAO,Primeiro movimento diferente de distribuicao,processos_28-07-2026.CSV,1025
0000643-18.2026.5.12.0056,PRIMEIRO_MOVIMENTO_NAO_DISTRIBUICAO,Primeiro movimento diferente de distribuicao,processos_29-07-2026.CSV,1004
0000648-65.2025.5.12.0059,PRIMEIRO_MOVIMENTO_NAO_DISTRIBUICAO,Primeiro movimento diferente de distribuicao,processos_28-07-2026.CSV,1712
0000655-13.2026.5.12.0030,PRIMEIRO_MOVIMENTO_NAO_DISTRIBUICAO,Primeiro movimento diferente de distribuicao,processos_28-07-2026.CSV,1201
0000655-47.2026.5.12.0051,PRIMEIRO_MOVIMENTO_NAO_DISTRIBUICAO,Primeiro movimento diferente de distribuicao,processos_13-07-2026.CSV,688
0000656-44.2026.5.12.0047,PRIMEIRO_MOVIMENTO_NAO_DISTRIBUICAO,Primeiro movimento diferente de distribuicao,processos_02-07-2026.CSV,402
0000657-22.2026.5.12.0017,PRIMEIRO_MOVIMENTO_NAO_DISTRIBUICAO,Primeiro movimento diferente de distribuicao,processos_17-07-2026.CSV,37
0000659-85.2025.5.12.0062,PRIMEIRO_MOVIMENTO_NAO_DISTRIBUICAO,Primeiro movimento diferente de distribuicao,processos_29-07-2026.CSV,65
0000659-86.2026.5.12.0018,PRIMEIRO_MOVIMENTO_NAO_DISTRIBUICAO,Primeiro movimento diferente de distribuicao,processos_09-07-2026.CSV,86
0000661-65.2026.5.12.0015,PRIMEIRO_MOVIMENTO_NAO_DISTRIBUICAO,Primeiro movimento diferente de distribuicao,processos_31-07-2026.CSV,250
0000662-05.2026.5.12.0030,PRIMEIRO_MOVIMENTO_NAO_DISTRIBUICAO,Primeiro movimento diferente de distribuicao,processos_28-07-2026.CSV,1205
0000672-94.2026.5.12.0015,PRIMEIRO_MOVIMENTO_NAO_DISTRIBUICAO,Primeiro movimento diferente de distribuicao,processos_31-07-2026.CSV,634
0000673-34.2026.5.12.0030,PRIMEIRO_MOVIMENTO_NAO_DISTRIBUICAO,Primeiro movimento diferente de distribuicao,processos_28-07-2026.CSV,1044
0000675-48.2025.5.12.0059,PRIMEIRO_MOVIMENTO_NAO_DISTRIBUICAO,Primeiro movimento diferente de distribuicao,processos_28-07-2026.CSV,1609
0000678-56.2026.5.12.0030,PRIMEIRO_MOVIMENTO_NAO_DISTRIBUICAO,Primeiro movimento diferente de distribuicao,processos_28-07-2026.CSV,761
0000678-71.2026.5.12.0025,PRIMEIRO_MOVIMENTO_NAO_DISTRIBUICAO,Primeiro movimento diferente de distribuicao,processos_29-07-2026.CSV,743
0000681-26.2026.5.12.0025,PRIMEIRO_MOVIMENTO_NAO_DISTRIBUICAO,Primeiro movimento diferente de distribuicao,processos_29-07-2026.CSV,1081
0000683-26.2026.5.12.0015,PRIMEIRO_MOVIMENTO_NAO_DISTRIBUICAO,Primeiro movimento diferente de distribuicao,processos_29-07-2026.CSV,772
0000683-78.2026.5.12.0030,PRIMEIRO_MOVIMENTO_NAO_DISTRIBUICAO,Primeiro movimento diferente de distribuicao,processos_28-07-2026.CSV,1099
0000684-10.2025.5.12.0059,PRIMEIRO_MOVIMENTO_NAO_DISTRIBUICAO,Primeiro movimento diferente de distribuicao,processos_28-07-2026.CSV,1619
0000684-82.2026.5.12.0056,PRIMEIRO_MOVIMENTO_NAO_DISTRIBUICAO,Primeiro movimento diferente de distribuicao,processos_29-07-2026.CSV,901
0000686-77.2025.5.12.0059,PRIMEIRO_MOVIMENTO_NAO_DISTRIBUICAO,Primeiro movimento diferente de distribuicao,processos_28-07-2026.CSV,1617
0000687-62.2025.5.12.0059,PRIMEIRO_MOVIMENTO_NAO_DISTRIBUICAO,Primeiro movimento diferente de distribuicao,processos_28-07-2026.CSV,1497
0000688-47.2025.5.12.0059,PRIMEIRO_MOVIMENTO_NAO_DISTRIBUICAO,Primeiro movimento diferente de distribuicao,processos_28-07-2026.CSV,1637
0000688-94.2026.5.12.0032,PRIMEIRO_MOVIMENTO_NAO_DISTRIBUICAO,Primeiro movimento diferente de distribuicao,processos_03-07-2026.CSV,496
0000689-32.2025.5.12.0059,PRIMEIRO_MOVIMENTO_NAO_DISTRIBUICAO,Primeiro movimento diferente de distribuicao,processos_28-07-2026.CSV,1574
0000691-41.2024.5.12.0025,PRIMEIRO_MOVIMENTO_NAO_DISTRIBUICAO,Primeiro movimento diferente de distribuicao,processos_29-07-2026.CSV,1016
0000692-84.2025.5.12.0059,PRIMEIRO_MOVIMENTO_NAO_DISTRIBUICAO,Primeiro movimento diferente de distribuicao,processos_28-07-2026.CSV,1431
0000692-94.2026.5.12.0012,PRIMEIRO_MOVIMENTO_NAO_DISTRIBUICAO,Primeiro movimento diferente de distribuicao,processos_16-07-2026.CSV,142
0000693-60.2025.5.12.0062,PRIMEIRO_MOVIMENTO_NAO_DISTRIBUICAO,Primeiro movimento diferente de distribuicao,processos_28-07-2026.CSV,696
0000694-45.2025.5.12.0062,PRIMEIRO_MOVIMENTO_NAO_DISTRIBUICAO,Primeiro movimento diferente de distribuicao,processos_30-07-2026.CSV,683
0000696-92.2026.5.12.0025,PRIMEIRO_MOVIMENTO_NAO_DISTRIBUICAO,Primeiro movimento diferente de distribuicao,processos_30-07-2026.CSV,480
0000697-62.2026.5.12.0030,PRIMEIRO_MOVIMENTO_NAO_DISTRIBUICAO,Primeiro movimento diferente de distribuicao,processos_28-07-2026.CSV,1111
0000697-72.2026.5.12.0059,PRIMEIRO_MOVIMENTO_NAO_DISTRIBUICAO,Primeiro movimento diferente de distribuicao,processos_15-07-2026.CSV,87
0000698-91.2025.5.12.0059,PRIMEIRO_MOVIMENTO_NAO_DISTRIBUICAO,Primeiro movimento diferente de distribuicao,processos_28-07-2026.CSV,1444
0000699-81.2025.5.12.0025,PRIMEIRO_MOVIMENTO_NAO_DISTRIBUICAO,Primeiro movimento diferente de distribuicao,processos_30-07-2026.CSV,810
0000701-73.2025.5.12.0050,PRIMEIRO_MOVIMENTO_NAO_DISTRIBUICAO,Primeiro movimento diferente de distribuicao,processos_28-07-2026.CSV,1519
0000702-02.2026.5.12.0025,PRIMEIRO_MOVIMENTO_NAO_DISTRIBUICAO,Primeiro movimento diferente de distribuicao,processos_29-07-2026.CSV,747
0000703-84.2026.5.12.0025,PRIMEIRO_MOVIMENTO_NAO_DISTRIBUICAO,Primeiro movimento diferente de distribuicao,processos_30-07-2026.CSV,1347
0000706-59.2025.5.12.0062,PRIMEIRO_MOVIMENTO_NAO_DISTRIBUICAO,Primeiro movimento diferente de distribuicao,processos_29-07-2026.CSV,110
0000706-90.2026.5.12.0008,PRIMEIRO_MOVIMENTO_NAO_DISTRIBUICAO,Primeiro movimento diferente de distribuicao,processos_30-07-2026.CSV,255
0000708-38.2025.5.12.0059,PRIMEIRO_MOVIMENTO_NAO_DISTRIBUICAO,Primeiro movimento diferente de distribuicao,processos_28-07-2026.CSV,1614
0000708-39.2026.5.12.0015,PRIMEIRO_MOVIMENTO_NAO_DISTRIBUICAO,Primeiro movimento diferente de distribuicao,processos_31-07-2026.CSV,402
0000709-14.2025.5.12.0062,PRIMEIRO_MOVIMENTO_NAO_DISTRIBUICAO,Primeiro movimento diferente de distribuicao,processos_29-07-2026.CSV,49
0000713-16.2026.5.12.0030,PRIMEIRO_MOVIMENTO_NAO_DISTRIBUICAO,Primeiro movimento diferente de distribuicao,processos_28-07-2026.CSV,1063
0000714-98.2026.5.12.0030,PRIMEIRO_MOVIMENTO_NAO_DISTRIBUICAO,Primeiro movimento diferente de distribuicao,processos_28-07-2026.CSV,1195
0000715-05.2026.5.12.0056,PRIMEIRO_MOVIMENTO_NAO_DISTRIBUICAO,Primeiro movimento diferente de distribuicao,processos_28-07-2026.CSV,1231
0000716-15.2025.5.12.0059,PRIMEIRO_MOVIMENTO_NAO_DISTRIBUICAO,Primeiro movimento diferente de distribuicao,processos_28-07-2026.CSV,1469
0000717-34.2024.5.12.0059,PRIMEIRO_MOVIMENTO_NAO_DISTRIBUICAO,Primeiro movimento diferente de distribuicao,processos_28-07-2026.CSV,1501
0000717-68.2026.5.12.0025,PRIMEIRO_MOVIMENTO_NAO_DISTRIBUICAO,Primeiro movimento diferente de distribuicao,processos_30-07-2026.CSV,833
0000717-77.2025.5.12.0001,PRIMEIRO_MOVIMENTO_NAO_DISTRIBUICAO,Primeiro movimento diferente de distribuicao,processos_28-07-2026.CSV,1607
0000717-97.2025.5.12.0059,PRIMEIRO_MOVIMENTO_NAO_DISTRIBUICAO,Primeiro movimento diferente de distribuicao,processos_28-07-2026.CSV,1604
0000719-72.2025.5.12.0025,PRIMEIRO_MOVIMENTO_NAO_DISTRIBUICAO,Primeiro movimento diferente de distribuicao,processos_29-07-2026.CSV,1070
0000720-52.2025.5.12.0059,PRIMEIRO_MOVIMENTO_NAO_DISTRIBUICAO,Primeiro movimento diferente de distribuicao,processos_28-07-2026.CSV,1508
0000722-22.2025.5.12.0059,PRIMEIRO_MOVIMENTO_NAO_DISTRIBUICAO,Primeiro movimento diferente de distribuicao,processos_28-07-2026.CSV,1441
0000723-79.2026.5.12.0056,PRIMEIRO_MOVIMENTO_NAO_DISTRIBUICAO,Primeiro movimento diferente de distribuicao,processos_29-07-2026.CSV,212
0000725-79.2025.5.12.0025,PRIMEIRO_MOVIMENTO_NAO_DISTRIBUICAO,Primeiro movimento diferente de distribuicao,processos_30-07-2026.CSV,959
0000729-71.2026.5.12.0061,PRIMEIRO_MOVIMENTO_NAO_DISTRIBUICAO,Primeiro movimento diferente de distribuicao,processos_01-07-2026.CSV,152
0000729-86.2026.5.12.0056,PRIMEIRO_MOVIMENTO_NAO_DISTRIBUICAO,Primeiro movimento diferente de distribuicao,processos_28-07-2026.CSV,1247
0000732-22.2026.5.12.0030,PRIMEIRO_MOVIMENTO_NAO_DISTRIBUICAO,Primeiro movimento diferente de distribuicao,processos_28-07-2026.CSV,1254
0000733-13.2026.5.12.0028,PRIMEIRO_MOVIMENTO_NAO_DISTRIBUICAO,Primeiro movimento diferente de distribuicao,processos_28-07-2026.CSV,471
0000735-12.2025.5.12.0062,PRIMEIRO_MOVIMENTO_NAO_DISTRIBUICAO,Primeiro movimento diferente de distribuicao,processos_30-07-2026.CSV,309
0000735-93.2026.5.12.0056,PRIMEIRO_MOVIMENTO_NAO_DISTRIBUICAO,Primeiro movimento diferente de distribuicao,processos_29-07-2026.CSV,202
0000738-48.2026.5.12.0056,PRIMEIRO_MOVIMENTO_NAO_DISTRIBUICAO,Primeiro movimento diferente de distribuicao,processos_30-07-2026.CSV,1022
0000740-96.2026.5.12.0030,PRIMEIRO_MOVIMENTO_NAO_DISTRIBUICAO,Primeiro movimento diferente de distribuicao,processos_28-07-2026.CSV,1251
0000748-52.2026.5.12.0037,PRIMEIRO_MOVIMENTO_NAO_DISTRIBUICAO,Primeiro movimento diferente de distribuicao,processos_17-07-2026.CSV,1046
0000751-07.2026.5.12.0037,PRIMEIRO_MOVIMENTO_NAO_DISTRIBUICAO,Primeiro movimento diferente de distribuicao,processos_03-07-2026.CSV,461
0000752-13.2026.5.12.0030,PRIMEIRO_MOVIMENTO_NAO_DISTRIBUICAO,Primeiro movimento diferente de distribuicao,processos_28-07-2026.CSV,1035
0000756-89.2026.5.12.0017,PRIMEIRO_MOVIMENTO_NAO_DISTRIBUICAO,Primeiro movimento diferente de distribuicao,processos_16-07-2026.CSV,31
0000765-12.2026.5.12.0030,PRIMEIRO_MOVIMENTO_NAO_DISTRIBUICAO,Primeiro movimento diferente de distribuicao,processos_28-07-2026.CSV,1145
0000766-91.2025.5.12.0010,PRIMEIRO_MOVIMENTO_NAO_DISTRIBUICAO,Primeiro movimento diferente de distribuicao,processos_31-07-2026.CSV,1102
0000769-93.2025.5.12.0059,PRIMEIRO_MOVIMENTO_NAO_DISTRIBUICAO,Primeiro movimento diferente de distribuicao,processos_28-07-2026.CSV,1540
0000772-04.2026.5.12.0030,PRIMEIRO_MOVIMENTO_NAO_DISTRIBUICAO,Primeiro movimento diferente de distribuicao,processos_28-07-2026.CSV,1209
0000775-71.2026.5.12.0025,PRIMEIRO_MOVIMENTO_NAO_DISTRIBUICAO,Primeiro movimento diferente de distribuicao,processos_30-07-2026.CSV,1002
0000775-75.2026.5.12.0056,PRIMEIRO_MOVIMENTO_NAO_DISTRIBUICAO,Primeiro movimento diferente de distribuicao,processos_30-07-2026.CSV,1533
0000777-59.2026.5.12.0019,PRIMEIRO_MOVIMENTO_NAO_DISTRIBUICAO,Primeiro movimento diferente de distribuicao,processos_24-07-2026.CSV,172
0000780-59.2026.5.12.0004,PRIMEIRO_MOVIMENTO_NAO_DISTRIBUICAO,Primeiro movimento diferente de distribuicao,processos_30-07-2026.CSV,666
0000783-68.2025.5.12.0062,PRIMEIRO_MOVIMENTO_NAO_DISTRIBUICAO,Primeiro movimento diferente de distribuicao,processos_29-07-2026.CSV,918
0000792-61.2026.5.12.0008,PRIMEIRO_MOVIMENTO_NAO_DISTRIBUICAO,Primeiro movimento diferente de distribuicao,processos_30-07-2026.CSV,231
0000796-47.2026.5.12.0025,PRIMEIRO_MOVIMENTO_NAO_DISTRIBUICAO,Primeiro movimento diferente de distribuicao,processos_30-07-2026.CSV,1355
0000802-54.2026.5.12.0025,PRIMEIRO_MOVIMENTO_NAO_DISTRIBUICAO,Primeiro movimento diferente de distribuicao,processos_30-07-2026.CSV,457
0000802-88.2025.5.12.0025,PRIMEIRO_MOVIMENTO_NAO_DISTRIBUICAO,Primeiro movimento diferente de distribuicao,processos_30-07-2026.CSV,519
0000806-14.2025.5.12.0062,PRIMEIRO_MOVIMENTO_NAO_DISTRIBUICAO,Primeiro movimento diferente de distribuicao,processos_29-07-2026.CSV,281
0000808-03.2026.5.12.0012,PRIMEIRO_MOVIMENTO_NAO_DISTRIBUICAO,Primeiro movimento diferente de distribuicao,processos_28-07-2026.CSV,299
0000809-76.2026.5.12.0015,PRIMEIRO_MOVIMENTO_NAO_DISTRIBUICAO,Primeiro movimento diferente de distribuicao,processos_31-07-2026.CSV,765
0000810-60.2025.5.12.0059,PRIMEIRO_MOVIMENTO_NAO_DISTRIBUICAO,Primeiro movimento diferente de distribuicao,processos_28-07-2026.CSV,1359
0000812-28.2026.5.12.0016,PRIMEIRO_MOVIMENTO_NAO_DISTRIBUICAO,Primeiro movimento diferente de distribuicao,processos_28-07-2026.CSV,1020
0000813-15.2025.5.12.0059,PRIMEIRO_MOVIMENTO_NAO_DISTRIBUICAO,Primeiro movimento diferente de distribuicao,processos_28-07-2026.CSV,1631
0000817-52.2025.5.12.0059,PRIMEIRO_MOVIMENTO_NAO_DISTRIBUICAO,Primeiro movimento diferente de distribuicao,processos_28-07-2026.CSV,1626
0000817-65.2026.5.12.0011,PRIMEIRO_MOVIMENTO_NAO_DISTRIBUICAO,Primeiro movimento diferente de distribuicao,processos_23-07-2026.CSV,58
0000820-70.2026.5.12.0059,PRIMEIRO_MOVIMENTO_NAO_DISTRIBUICAO,Primeiro movimento diferente de distribuicao,processos_29-07-2026.CSV,557
0000823-15.2026.5.12.0030,PRIMEIRO_MOVIMENTO_NAO_DISTRIBUICAO,Primeiro movimento diferente de distribuicao,processos_28-07-2026.CSV,1153
0000826-14.2025.5.12.0059,PRIMEIRO_MOVIMENTO_NAO_DISTRIBUICAO,Primeiro movimento diferente de distribuicao,processos_28-07-2026.CSV,1635
0000827-65.2026.5.12.0058,PRIMEIRO_MOVIMENTO_NAO_DISTRIBUICAO,Primeiro movimento diferente de distribuicao,processos_15-07-2026.CSV,278
0000831-46.2026.5.12.0012,PRIMEIRO_MOVIMENTO_NAO_DISTRIBUICAO,Primeiro movimento diferente de distribuicao,processos_15-07-2026.CSV,167
0000833-59.2026.5.12.0030,PRIMEIRO_MOVIMENTO_NAO_DISTRIBUICAO,Primeiro movimento diferente de distribuicao,processos_28-07-2026.CSV,1207
0000834-81.2026.5.12.0050,PRIMEIRO_MOVIMENTO_NAO_DISTRIBUICAO,Primeiro movimento diferente de distribuicao,processos_28-07-2026.CSV,1467
0000839-81.2026.5.12.0025,PRIMEIRO_MOVIMENTO_NAO_DISTRIBUICAO,Primeiro movimento diferente de distribuicao,processos_30-07-2026.CSV,452
0000844-60.2024.5.12.0062,PRIMEIRO_MOVIMENTO_NAO_DISTRIBUICAO,Primeiro movimento diferente de distribuicao,processos_28-07-2026.CSV,673
0000846-10.2025.5.12.0025,PRIMEIRO_MOVIMENTO_NAO_DISTRIBUICAO,Primeiro movimento diferente de distribuicao,processos_29-07-2026.CSV,1147
0000851-02.2026.5.12.0056,PRIMEIRO_MOVIMENTO_NAO_DISTRIBUICAO,Primeiro movimento diferente de distribuicao,processos_29-07-2026.CSV,197
0000853-65.2026.5.12.0025,PRIMEIRO_MOVIMENTO_NAO_DISTRIBUICAO,Primeiro movimento diferente de distribuicao,processos_30-07-2026.CSV,759
0000855-69.2025.5.12.0025,PRIMEIRO_MOVIMENTO_NAO_DISTRIBUICAO,Primeiro movimento diferente de distribuicao,processos_30-07-2026.CSV,901
0000859-04.2025.5.12.0059,PRIMEIRO_MOVIMENTO_NAO_DISTRIBUICAO,Primeiro movimento diferente de distribuicao,processos_28-07-2026.CSV,1628
0000860-57.2026.5.12.0025,PRIMEIRO_MOVIMENTO_NAO_DISTRIBUICAO,Primeiro movimento diferente de distribuicao,processos_30-07-2026.CSV,493
0000863-34.2026.5.12.0050,PRIMEIRO_MOVIMENTO_NAO_DISTRIBUICAO,Primeiro movimento diferente de distribuicao,processos_28-07-2026.CSV,1562
0000865-18.2026.5.12.0013,PRIMEIRO_MOVIMENTO_NAO_DISTRIBUICAO,Primeiro movimento diferente de distribuicao,processos_07-07-2026.CSV,262
0000868-54.2025.5.12.0062,PRIMEIRO_MOVIMENTO_NAO_DISTRIBUICAO,Primeiro movimento diferente de distribuicao,processos_28-07-2026.CSV,257
0000871-46.2019.5.12.0053,PRIMEIRO_MOVIMENTO_NAO_DISTRIBUICAO,Primeiro movimento diferente de distribuicao,processos_23-07-2026.CSV,226
0000874-70.2025.5.12.0059,PRIMEIRO_MOVIMENTO_NAO_DISTRIBUICAO,Primeiro movimento diferente de distribuicao,processos_28-07-2026.CSV,1638
0000876-11.2026.5.12.0025,PRIMEIRO_MOVIMENTO_NAO_DISTRIBUICAO,Primeiro movimento diferente de distribuicao,processos_29-07-2026.CSV,1097
0000885-52.2025.5.12.0010,PRIMEIRO_MOVIMENTO_NAO_DISTRIBUICAO,Primeiro movimento diferente de distribuicao,processos_31-07-2026.CSV,1106
0000886-83.2017.5.12.0053,PRIMEIRO_MOVIMENTO_NAO_DISTRIBUICAO,Primeiro movimento diferente de distribuicao,processos_14-07-2026.CSV,468
0000886-89.2025.5.12.0025,PRIMEIRO_MOVIMENTO_NAO_DISTRIBUICAO,Primeiro movimento diferente de distribuicao,processos_30-07-2026.CSV,721
0000888-88.2026.5.12.0004,PRIMEIRO_MOVIMENTO_NAO_DISTRIBUICAO,Primeiro movimento diferente de distribuicao,processos_29-07-2026.CSV,1246
0000889-39.2025.5.12.0059,PRIMEIRO_MOVIMENTO_NAO_DISTRIBUICAO,Primeiro movimento diferente de distribuicao,processos_28-07-2026.CSV,1625
0000890-58.2026.5.12.0004,PRIMEIRO_MOVIMENTO_NAO_DISTRIBUICAO,Primeiro movimento diferente de distribuicao,processos_30-07-2026.CSV,662
0000893-85.2025.5.12.0056,PRIMEIRO_MOVIMENTO_NAO_DISTRIBUICAO,Primeiro movimento diferente de distribuicao,processos_31-07-2026.CSV,144
0000894-59.2026.5.12.0016,PRIMEIRO_MOVIMENTO_NAO_DISTRIBUICAO,Primeiro movimento diferente de distribuicao,processos_29-07-2026.CSV,373
0000898-48.2026.5.12.0032,PRIMEIRO_MOVIMENTO_NAO_DISTRIBUICAO,Primeiro movimento diferente de distribuicao,processos_10-07-2026.CSV,209
0000900-66.2026.5.12.0016,PRIMEIRO_MOVIMENTO_NAO_DISTRIBUICAO,Primeiro movimento diferente de distribuicao,processos_28-07-2026.CSV,1584
0000905-91.2026.5.12.0015,PRIMEIRO_MOVIMENTO_NAO_DISTRIBUICAO,Primeiro movimento diferente de distribuicao,processos_31-07-2026.CSV,545
0000909-37.2026.5.12.0013,PRIMEIRO_MOVIMENTO_NAO_DISTRIBUICAO,Primeiro movimento diferente de distribuicao,processos_17-07-2026.CSV,540
0000912-82.2025.5.12.0059,PRIMEIRO_MOVIMENTO_NAO_DISTRIBUICAO,Primeiro movimento diferente de distribuicao,processos_28-07-2026.CSV,1649
0000915-08.2026.5.12.0025,PRIMEIRO_MOVIMENTO_NAO_DISTRIBUICAO,Primeiro movimento diferente de distribuicao,processos_29-07-2026.CSV,1102
0000917-54.2026.5.12.0032,PRIMEIRO_MOVIMENTO_NAO_DISTRIBUICAO,Primeiro movimento diferente de distribuicao,processos_22-07-2026.CSV,489
0000918-14.2026.5.12.0008,PRIMEIRO_MOVIMENTO_NAO_DISTRIBUICAO,Primeiro movimento diferente de distribuicao,processos_30-07-2026.CSV,128
0000921-35.2025.5.12.0062,PRIMEIRO_MOVIMENTO_NAO_DISTRIBUICAO,Primeiro movimento diferente de distribuicao,processos_29-07-2026.CSV,94
0000922-97.2026.5.12.0025,PRIMEIRO_MOVIMENTO_NAO_DISTRIBUICAO,Primeiro movimento diferente de distribuicao,processos_30-07-2026.CSV,1384
0000923-61.2026.5.12.0032,PRIMEIRO_MOVIMENTO_NAO_DISTRIBUICAO,Primeiro movimento diferente de distribuicao,processos_17-07-2026.CSV,56
0000924-97.2026.5.12.0015,PRIMEIRO_MOVIMENTO_NAO_DISTRIBUICAO,Primeiro movimento diferente de distribuicao,processos_31-07-2026.CSV,653
0000930-40.2026.5.12.0004,PRIMEIRO_MOVIMENTO_NAO_DISTRIBUICAO,Primeiro movimento diferente de distribuicao,processos_29-07-2026.CSV,1208
0000931-93.2025.5.12.0025,PRIMEIRO_MOVIMENTO_NAO_DISTRIBUICAO,Primeiro movimento diferente de distribuicao,processos_29-07-2026.CSV,962
0000935-42.2026.5.12.0043,CLASSE_JUDICIAL_DIVERGENTE,"Classes divergentes para o processo 0000935-42.2026.5.12.0043: ['ACAO TRABALHISTA - RITO SUMARIO (ALCADA)', 'ACAO TRABALHISTA - RITO SUMARISSIMO']",processos_08-07-2026.CSV,364
0000938-61.2026.5.12.0054,PRIMEIRO_MOVIMENTO_NAO_DISTRIBUICAO,Primeiro movimento diferente de distribuicao,processos_27-07-2026.CSV,510
0000939-56.2025.5.12.0062,PRIMEIRO_MOVIMENTO_NAO_DISTRIBUICAO,Primeiro movimento diferente de distribuicao,processos_29-07-2026.CSV,327
0000944-87.2025.5.12.0059,PRIMEIRO_MOVIMENTO_NAO_DISTRIBUICAO,Primeiro movimento diferente de distribuicao,processos_28-07-2026.CSV,1590
0000945-72.2025.5.12.0059,PRIMEIRO_MOVIMENTO_NAO_DISTRIBUICAO,Primeiro movimento diferente de distribuicao,processos_28-07-2026.CSV,1565
0000955-10.2025.5.12.0062,PRIMEIRO_MOVIMENTO_NAO_DISTRIBUICAO,Primeiro movimento diferente de distribuicao,processos_29-07-2026.CSV,234
0000956-76.2026.5.12.0056,PRIMEIRO_MOVIMENTO_NAO_DISTRIBUICAO,Primeiro movimento diferente de distribuicao,processos_31-07-2026.CSV,429
0000960-46.2025.5.12.0025,PRIMEIRO_MOVIMENTO_NAO_DISTRIBUICAO,Primeiro movimento diferente de distribuicao,processos_29-07-2026.CSV,1089
0000964-78.2025.5.12.0059,PRIMEIRO_MOVIMENTO_NAO_DISTRIBUICAO,Primeiro movimento diferente de distribuicao,processos_28-07-2026.CSV,1480
0000970-15.2025.5.12.0050,PRIMEIRO_MOVIMENTO_NAO_DISTRIBUICAO,Primeiro movimento diferente de distribuicao,processos_28-07-2026.CSV,1572
0000977-77.2025.5.12.0059,PRIMEIRO_MOVIMENTO_NAO_DISTRIBUICAO,Primeiro movimento diferente de distribuicao,processos_28-07-2026.CSV,1583
0000980-23.2025.5.12.0062,PRIMEIRO_MOVIMENTO_NAO_DISTRIBUICAO,Primeiro movimento diferente de distribuicao,processos_30-07-2026.CSV,374
0000981-56.2025.5.12.0046,PRIMEIRO_MOVIMENTO_NAO_DISTRIBUICAO,Primeiro movimento diferente de distribuicao,processos_28-07-2026.CSV,1528
0000987-24.2025.5.12.0059,PRIMEIRO_MOVIMENTO_NAO_DISTRIBUICAO,Primeiro movimento diferente de distribuicao,processos_28-07-2026.CSV,1659
0000990-67.2025.5.12.0062,PRIMEIRO_MOVIMENTO_NAO_DISTRIBUICAO,Primeiro movimento diferente de distribuicao,processos_28-07-2026.CSV,682
0000992-12.2026.5.12.0059,PRIMEIRO_MOVIMENTO_NAO_DISTRIBUICAO,Primeiro movimento diferente de distribuicao,processos_07-07-2026.CSV,75
0000993-70.2024.5.12.0025,PRIMEIRO_MOVIMENTO_NAO_DISTRIBUICAO,Primeiro movimento diferente de distribuicao,processos_29-07-2026.CSV,1052
0000994-21.2025.5.12.0025,PRIMEIRO_MOVIMENTO_NAO_DISTRIBUICAO,Primeiro movimento diferente de distribuicao,processos_30-07-2026.CSV,1254
0000997-18.2026.5.12.0032,PRIMEIRO_MOVIMENTO_NAO_DISTRIBUICAO,Primeiro movimento diferente de distribuicao,processos_17-07-2026.CSV,52
0001001-45.2026.5.12.0003,PRIMEIRO_MOVIMENTO_NAO_DISTRIBUICAO,Primeiro movimento diferente de distribuicao,processos_01-07-2026.CSV,145
0001001-96.2025.5.12.0062,PRIMEIRO_MOVIMENTO_NAO_DISTRIBUICAO,Primeiro movimento diferente de distribuicao,processos_30-07-2026.CSV,390
0001003-05.2025.5.12.0050,PRIMEIRO_MOVIMENTO_NAO_DISTRIBUICAO,Primeiro movimento diferente de distribuicao,processos_28-07-2026.CSV,1478
0001006-21.2025.5.12.0062,PRIMEIRO_MOVIMENTO_NAO_DISTRIBUICAO,Primeiro movimento diferente de distribuicao,processos_30-07-2026.CSV,619
0001007-62.2026.5.12.0032,PRIMEIRO_MOVIMENTO_NAO_DISTRIBUICAO,Primeiro movimento diferente de distribuicao,processos_30-07-2026.CSV,1581
0001008-83.2026.5.12.0020,PRIMEIRO_MOVIMENTO_NAO_DISTRIBUICAO,Primeiro movimento diferente de distribuicao,processos_09-07-2026.CSV,68
0001016-30.2026.5.12.0030,PRIMEIRO_MOVIMENTO_NAO_DISTRIBUICAO,Primeiro movimento diferente de distribuicao,processos_28-07-2026.CSV,1238
0001029-73.2025.5.12.0059,PRIMEIRO_MOVIMENTO_NAO_DISTRIBUICAO,Primeiro movimento diferente de distribuicao,processos_28-07-2026.CSV,1657
0001030-08.2026.5.12.0032,PRIMEIRO_MOVIMENTO_NAO_DISTRIBUICAO,Primeiro movimento diferente de distribuicao,processos_15-07-2026.CSV,454
0001033-06.2026.5.12.0050,PRIMEIRO_MOVIMENTO_NAO_DISTRIBUICAO,Primeiro movimento diferente de distribuicao,processos_28-07-2026.CSV,1568
0001035-85.2025.5.12.0025,PRIMEIRO_MOVIMENTO_NAO_DISTRIBUICAO,Primeiro movimento diferente de distribuicao,processos_30-07-2026.CSV,448
0001036-65.2025.5.12.0059,PRIMEIRO_MOVIMENTO_NAO_DISTRIBUICAO,Primeiro movimento diferente de distribuicao,processos_28-07-2026.CSV,1641
0001036-70.2025.5.12.0025,PRIMEIRO_MOVIMENTO_NAO_DISTRIBUICAO,Primeiro movimento diferente de distribuicao,processos_29-07-2026.CSV,998
0001037-06.2026.5.12.0030,PRIMEIRO_MOVIMENTO_NAO_DISTRIBUICAO,Primeiro movimento diferente de distribuicao,processos_28-07-2026.CSV,1075
0001037-43.2026.5.12.0050,PRIMEIRO_MOVIMENTO_NAO_DISTRIBUICAO,Primeiro movimento diferente de distribuicao,processos_28-07-2026.CSV,1393
0001042-72.2025.5.12.0059,PRIMEIRO_MOVIMENTO_NAO_DISTRIBUICAO,Primeiro movimento diferente de distribuicao,processos_28-07-2026.CSV,1325
0001046-90.2026.5.12.0054,PRIMEIRO_MOVIMENTO_NAO_DISTRIBUICAO,Primeiro movimento diferente de distribuicao,processos_06-07-2026.CSV,442
0001047-47.2025.5.12.0010,PRIMEIRO_MOVIMENTO_NAO_DISTRIBUICAO,Primeiro movimento diferente de distribuicao,processos_31-07-2026.CSV,1064
0001050-49.2025.5.12.0059,PRIMEIRO_MOVIMENTO_NAO_DISTRIBUICAO,Primeiro movimento diferente de distribuicao,processos_28-07-2026.CSV,1646
0001050-80.2026.5.12.0005,PRIMEIRO_MOVIMENTO_NAO_DISTRIBUICAO,Primeiro movimento diferente de distribuicao,processos_04-07-2026.CSV,10
0001051-84.2026.5.12.0031,PRIMEIRO_MOVIMENTO_NAO_DISTRIBUICAO,Primeiro movimento diferente de distribuicao,processos_20-07-2026.CSV,226
0001052-19.2025.5.12.0059,PRIMEIRO_MOVIMENTO_NAO_DISTRIBUICAO,Primeiro movimento diferente de distribuicao,processos_28-07-2026.CSV,1651
0001055-39.2025.5.12.0005,PRIMEIRO_MOVIMENTO_NAO_DISTRIBUICAO,Primeiro movimento diferente de distribuicao,processos_29-07-2026.CSV,457
0001058-31.2026.5.12.0046,PRIMEIRO_MOVIMENTO_NAO_DISTRIBUICAO,Primeiro movimento diferente de distribuicao,processos_10-07-2026.CSV,85
0001065-27.2025.5.12.0056,PRIMEIRO_MOVIMENTO_NAO_DISTRIBUICAO,Primeiro movimento diferente de distribuicao,processos_29-07-2026.CSV,741
0001066-03.2025.5.12.0059,PRIMEIRO_MOVIMENTO_NAO_DISTRIBUICAO,Primeiro movimento diferente de distribuicao,processos_28-07-2026.CSV,1668
0001068-70.2025.5.12.0059,PRIMEIRO_MOVIMENTO_NAO_DISTRIBUICAO,Primeiro movimento diferente de distribuicao,processos_28-07-2026.CSV,1644
0001076-73.2025.5.12.0018,PRIMEIRO_MOVIMENTO_NAO_DISTRIBUICAO,Primeiro movimento diferente de distribuicao,processos_31-07-2026.CSV,683
0001077-10.2026.5.12.0055,PRIMEIRO_MOVIMENTO_NAO_DISTRIBUICAO,Primeiro movimento diferente de distribuicao,processos_06-07-2026.CSV,8
0001080-93.2025.5.12.0056,PRIMEIRO_MOVIMENTO_NAO_DISTRIBUICAO,Primeiro movimento diferente de distribuicao,processos_30-07-2026.CSV,1221
0001082-54.2025.5.12.0059,PRIMEIRO_MOVIMENTO_NAO_DISTRIBUICAO,Primeiro movimento diferente de distribuicao,processos_28-07-2026.CSV,1612
0001085-59.2025.5.12.0010,PRIMEIRO_MOVIMENTO_NAO_DISTRIBUICAO,Primeiro movimento diferente de distribuicao,processos_31-07-2026.CSV,1109
0001089-39.2026.5.12.0050,PRIMEIRO_MOVIMENTO_NAO_DISTRIBUICAO,Primeiro movimento diferente de distribuicao,processos_28-07-2026.CSV,1503
0001094-62.2025.5.12.0061,PRIMEIRO_MOVIMENTO_NAO_DISTRIBUICAO,Primeiro movimento diferente de distribuicao,processos_31-07-2026.CSV,1054
0001094-68.2025.5.12.0059,PRIMEIRO_MOVIMENTO_NAO_DISTRIBUICAO,Primeiro movimento diferente de distribuicao,processos_28-07-2026.CSV,1667
0001097-86.2026.5.12.0059,PRIMEIRO_MOVIMENTO_NAO_DISTRIBUICAO,Primeiro movimento diferente de distribuicao,processos_28-07-2026.CSV,778
0001098-08.2025.5.12.0059,PRIMEIRO_MOVIMENTO_NAO_DISTRIBUICAO,Primeiro movimento diferente de distribuicao,processos_28-07-2026.CSV,1521
0001098-58.2025.5.12.0010,PRIMEIRO_MOVIMENTO_NAO_DISTRIBUICAO,Primeiro movimento diferente de distribuicao,processos_31-07-2026.CSV,1050
0001100-83.2026.5.12.0045,PRIMEIRO_MOVIMENTO_NAO_DISTRIBUICAO,Primeiro movimento diferente de distribuicao,processos_16-07-2026.CSV,697
0001106-73.2025.5.12.0062,PRIMEIRO_MOVIMENTO_NAO_DISTRIBUICAO,Primeiro movimento diferente de distribuicao,processos_28-07-2026.CSV,224
0001106-82.2025.5.12.0059,PRIMEIRO_MOVIMENTO_NAO_DISTRIBUICAO,Primeiro movimento diferente de distribuicao,processos_28-07-2026.CSV,1322
0001108-61.2025.5.12.0056,PRIMEIRO_MOVIMENTO_NAO_DISTRIBUICAO,Primeiro movimento diferente de distribuicao,processos_28-07-2026.CSV,970
0001109-28.2025.5.12.0062,PRIMEIRO_MOVIMENTO_NAO_DISTRIBUICAO,Primeiro movimento diferente de distribuicao,processos_30-07-2026.CSV,1005
0001110-24.2026.5.12.0047,PRIMEIRO_MOVIMENTO_NAO_DISTRIBUICAO,Primeiro movimento diferente de distribuicao,processos_15-07-2026.CSV,294
0001110-27.2025.5.12.0025,PRIMEIRO_MOVIMENTO_NAO_DISTRIBUICAO,Primeiro movimento diferente de distribuicao,processos_30-07-2026.CSV,873
0001112-26.2026.5.12.0004,PRIMEIRO_MOVIMENTO_NAO_DISTRIBUICAO,Primeiro movimento diferente de distribuicao,processos_30-07-2026.CSV,1142
0001114-50.2025.5.12.0062,PRIMEIRO_MOVIMENTO_NAO_DISTRIBUICAO,Primeiro movimento diferente de distribuicao,processos_28-07-2026.CSV,217
0001124-06.2025.5.12.0059,PRIMEIRO_MOVIMENTO_NAO_DISTRIBUICAO,Primeiro movimento diferente de distribuicao,processos_28-07-2026.CSV,1665
0001124-83.2026.5.12.0022,PRIMEIRO_MOVIMENTO_NAO_DISTRIBUICAO,Primeiro movimento diferente de distribuicao,processos_02-07-2026.CSV,159
0001125-22.2026.5.12.0005,PRIMEIRO_MOVIMENTO_NAO_DISTRIBUICAO,Primeiro movimento diferente de distribuicao,processos_28-07-2026.CSV,98
0001129-19.2025.5.12.0062,PRIMEIRO_MOVIMENTO_NAO_DISTRIBUICAO,Primeiro movimento diferente de distribuicao,processos_30-07-2026.CSV,409
0001131-95.2025.5.12.0059,PRIMEIRO_MOVIMENTO_NAO_DISTRIBUICAO,Primeiro movimento diferente de distribuicao,processos_28-07-2026.CSV,1686
0001133-56.2025.5.12.0062,PRIMEIRO_MOVIMENTO_NAO_DISTRIBUICAO,Primeiro movimento diferente de distribuicao,processos_28-07-2026.CSV,286
0001136-20.2025.5.12.0059,PRIMEIRO_MOVIMENTO_NAO_DISTRIBUICAO,Primeiro movimento diferente de distribuicao,processos_28-07-2026.CSV,1633
0001142-18.2025.5.12.0062,PRIMEIRO_MOVIMENTO_NAO_DISTRIBUICAO,Primeiro movimento diferente de distribuicao,processos_28-07-2026.CSV,307
0001142-27.2025.5.12.0059,PRIMEIRO_MOVIMENTO_NAO_DISTRIBUICAO,Primeiro movimento diferente de distribuicao,processos_28-07-2026.CSV,1676
0001145-04.2026.5.12.0008,PRIMEIRO_MOVIMENTO_NAO_DISTRIBUICAO,Primeiro movimento diferente de distribuicao,processos_02-07-2026.CSV,417
0001147-40.2025.5.12.0062,PRIMEIRO_MOVIMENTO_NAO_DISTRIBUICAO,Primeiro movimento diferente de distribuicao,processos_28-07-2026.CSV,304
0001148-34.2025.5.12.0059,PRIMEIRO_MOVIMENTO_NAO_DISTRIBUICAO,Primeiro movimento diferente de distribuicao,processos_28-07-2026.CSV,1642
0001153-61.2025.5.12.0025,PRIMEIRO_MOVIMENTO_NAO_DISTRIBUICAO,Primeiro movimento diferente de distribuicao,processos_30-07-2026.CSV,502
0001154-41.2025.5.12.0059,PRIMEIRO_MOVIMENTO_NAO_DISTRIBUICAO,Primeiro movimento diferente de distribuicao,processos_28-07-2026.CSV,1662
0001155-31.2025.5.12.0025,PRIMEIRO_MOVIMENTO_NAO_DISTRIBUICAO,Primeiro movimento diferente de distribuicao,processos_30-07-2026.CSV,743
0001157-19.2026.5.12.0040,PRIMEIRO_MOVIMENTO_NAO_DISTRIBUICAO,Primeiro movimento diferente de distribuicao,processos_17-07-2026.CSV,670
0001157-93.2025.5.12.0059,PRIMEIRO_MOVIMENTO_NAO_DISTRIBUICAO,Primeiro movimento diferente de distribuicao,processos_28-07-2026.CSV,1687
0001161-04.2026.5.12.0025,PRIMEIRO_MOVIMENTO_NAO_DISTRIBUICAO,Primeiro movimento diferente de distribuicao,processos_24-07-2026.CSV,42
0001164-38.2025.5.12.0010,PRIMEIRO_MOVIMENTO_NAO_DISTRIBUICAO,Primeiro movimento diferente de distribuicao,processos_31-07-2026.CSV,1057
0001164-76.2025.5.12.0062,PRIMEIRO_MOVIMENTO_NAO_DISTRIBUICAO,Primeiro movimento diferente de distribuicao,processos_29-07-2026.CSV,89
0001165-61.2025.5.12.0062,PRIMEIRO_MOVIMENTO_NAO_DISTRIBUICAO,Primeiro movimento diferente de distribuicao,processos_28-07-2026.CSV,374
0001165-78.2026.5.12.0045,PRIMEIRO_MOVIMENTO_NAO_DISTRIBUICAO,Primeiro movimento diferente de distribuicao,processos_08-07-2026.CSV,190
0001166-46.2025.5.12.0062,PRIMEIRO_MOVIMENTO_NAO_DISTRIBUICAO,Primeiro movimento diferente de distribuicao,processos_29-07-2026.CSV,239
0001167-40.2025.5.12.0059,PRIMEIRO_MOVIMENTO_NAO_DISTRIBUICAO,Primeiro movimento diferente de distribuicao,processos_28-07-2026.CSV,1689
0001172-85.2026.5.12.0040,PRIMEIRO_MOVIMENTO_NAO_DISTRIBUICAO,Primeiro movimento diferente de distribuicao,processos_02-07-2026.CSV,194
0001173-38.2025.5.12.0062,PRIMEIRO_MOVIMENTO_NAO_DISTRIBUICAO,Primeiro movimento diferente de distribuicao,processos_30-07-2026.CSV,989
0001173-47.2025.5.12.0059,PRIMEIRO_MOVIMENTO_NAO_DISTRIBUICAO,Primeiro movimento diferente de distribuicao,processos_28-07-2026.CSV,1656
0001173-57.2026.5.12.0012,PRIMEIRO_MOVIMENTO_NAO_DISTRIBUICAO,Primeiro movimento diferente de distribuicao,processos_13-07-2026.CSV,334
0001173-76.2026.5.12.0038,PRIMEIRO_MOVIMENTO_NAO_DISTRIBUICAO,Primeiro movimento diferente de distribuicao,processos_02-07-2026.CSV,227
0001176-07.2025.5.12.0025,PRIMEIRO_MOVIMENTO_NAO_DISTRIBUICAO,Primeiro movimento diferente de distribuicao,processos_29-07-2026.CSV,1112
0001176-90.2025.5.12.0062,PRIMEIRO_MOVIMENTO_NAO_DISTRIBUICAO,Primeiro movimento diferente de distribuicao,processos_28-07-2026.CSV,380
0001178-60.2025.5.12.0062,PRIMEIRO_MOVIMENTO_NAO_DISTRIBUICAO,Primeiro movimento diferente de distribuicao,processos_29-07-2026.CSV,96
0001178-69.2025.5.12.0059,PRIMEIRO_MOVIMENTO_NAO_DISTRIBUICAO,Primeiro movimento diferente de distribuicao,processos_28-07-2026.CSV,1680
0001178-74.2025.5.12.0025,PRIMEIRO_MOVIMENTO_NAO_DISTRIBUICAO,Primeiro movimento diferente de distribuicao,processos_30-07-2026.CSV,1019
0001179-45.2025.5.12.0062,PRIMEIRO_MOVIMENTO_NAO_DISTRIBUICAO,Primeiro movimento diferente de distribuicao,processos_29-07-2026.CSV,107
0001179-54.2025.5.12.0059,PRIMEIRO_MOVIMENTO_NAO_DISTRIBUICAO,Primeiro movimento diferente de distribuicao,processos_28-07-2026.CSV,1422
0001180-41.2026.5.12.0047,PRIMEIRO_MOVIMENTO_NAO_DISTRIBUICAO,Primeiro movimento diferente de distribuicao,processos_10-07-2026.CSV,78
0001183-82.2025.5.12.0062,PRIMEIRO_MOVIMENTO_NAO_DISTRIBUICAO,Primeiro movimento diferente de distribuicao,processos_29-07-2026.CSV,45
0001183-91.2025.5.12.0059,PRIMEIRO_MOVIMENTO_NAO_DISTRIBUICAO,Primeiro movimento diferente de distribuicao,processos_28-07-2026.CSV,1703
0001183-93.2026.5.12.0047,PRIMEIRO_MOVIMENTO_NAO_DISTRIBUICAO,Primeiro movimento diferente de distribuicao,processos_02-07-2026.CSV,158
0001184-84.2026.5.12.0045,PRIMEIRO_MOVIMENTO_NAO_DISTRIBUICAO,Primeiro movimento diferente de distribuicao,processos_01-07-2026.CSV,433
0001185-57.2025.5.12.0028,PRIMEIRO_MOVIMENTO_NAO_DISTRIBUICAO,Primeiro movimento diferente de distribuicao,processos_28-07-2026.CSV,647
0001196-43.2025.5.12.0010,PRIMEIRO_MOVIMENTO_NAO_DISTRIBUICAO,Primeiro movimento diferente de distribuicao,processos_31-07-2026.CSV,1094
0001202-88.2025.5.12.0062,PRIMEIRO_MOVIMENTO_NAO_DISTRIBUICAO,Primeiro movimento diferente de distribuicao,processos_29-07-2026.CSV,1042
0001203-87.2025.5.12.0025,PRIMEIRO_MOVIMENTO_NAO_DISTRIBUICAO,Primeiro movimento diferente de distribuicao,processos_30-07-2026.CSV,877
0001205-54.2026.5.12.0047,PRIMEIRO_MOVIMENTO_NAO_DISTRIBUICAO,Primeiro movimento diferente de distribuicao,processos_02-07-2026.CSV,161
0001209-42.2025.5.12.0010,PRIMEIRO_MOVIMENTO_NAO_DISTRIBUICAO,Primeiro movimento diferente de distribuicao,processos_31-07-2026.CSV,1074
0001209-80.2025.5.12.0062,PRIMEIRO_MOVIMENTO_NAO_DISTRIBUICAO,Primeiro movimento diferente de distribuicao,processos_29-07-2026.CSV,174
0001210-65.2025.5.12.0062,PRIMEIRO_MOVIMENTO_NAO_DISTRIBUICAO,Primeiro movimento diferente de distribuicao,processos_30-07-2026.CSV,419
0001212-35.2025.5.12.0062,PRIMEIRO_MOVIMENTO_NAO_DISTRIBUICAO,Primeiro movimento diferente de distribuicao,processos_30-07-2026.CSV,301
0001213-29.2025.5.12.0059,PRIMEIRO_MOVIMENTO_NAO_DISTRIBUICAO,Primeiro movimento diferente de distribuicao,processos_28-07-2026.CSV,1683
0001215-96.2025.5.12.0059,PRIMEIRO_MOVIMENTO_NAO_DISTRIBUICAO,Primeiro movimento diferente de distribuicao,processos_28-07-2026.CSV,1702
0001216-81.2025.5.12.0059,PRIMEIRO_MOVIMENTO_NAO_DISTRIBUICAO,Primeiro movimento diferente de distribuicao,processos_28-07-2026.CSV,1696
0001217-66.2025.5.12.0059,PRIMEIRO_MOVIMENTO_NAO_DISTRIBUICAO,Primeiro movimento diferente de distribuicao,processos_28-07-2026.CSV,1389
0001220-26.2025.5.12.0025,PRIMEIRO_MOVIMENTO_NAO_DISTRIBUICAO,Primeiro movimento diferente de distribuicao,processos_30-07-2026.CSV,903
0001220-82.2024.5.12.0050,PRIMEIRO_MOVIMENTO_NAO_DISTRIBUICAO,Primeiro movimento diferente de distribuicao,processos_28-07-2026.CSV,1524
0001222-47.2025.5.12.0008,PRIMEIRO_MOVIMENTO_NAO_DISTRIBUICAO,Primeiro movimento diferente de distribuicao,processos_30-07-2026.CSV,73
0001225-34.2025.5.12.0062,PRIMEIRO_MOVIMENTO_NAO_DISTRIBUICAO,Primeiro movimento diferente de distribuicao,processos_29-07-2026.CSV,188
0001229-10.2025.5.12.0050,PRIMEIRO_MOVIMENTO_NAO_DISTRIBUICAO,Primeiro movimento diferente de distribuicao,processos_28-07-2026.CSV,1303
0001229-80.2025.5.12.0059,PRIMEIRO_MOVIMENTO_NAO_DISTRIBUICAO,Primeiro movimento diferente de distribuicao,processos_28-07-2026.CSV,1386
0001232-35.2025.5.12.0059,PRIMEIRO_MOVIMENTO_NAO_DISTRIBUICAO,Primeiro movimento diferente de distribuicao,processos_28-07-2026.CSV,1483
0001234-05.2025.5.12.0059,PRIMEIRO_MOVIMENTO_NAO_DISTRIBUICAO,Primeiro movimento diferente de distribuicao,processos_28-07-2026.CSV,1697
0001235-46.2025.5.12.0008,PRIMEIRO_MOVIMENTO_NAO_DISTRIBUICAO,Primeiro movimento diferente de distribuicao,processos_30-07-2026.CSV,67
0001238-42.2025.5.12.0059,PRIMEIRO_MOVIMENTO_NAO_DISTRIBUICAO,Primeiro movimento diferente de distribuicao,processos_29-07-2026.CSV,442
0001239-29.2026.5.12.0047,PRIMEIRO_MOVIMENTO_NAO_DISTRIBUICAO,Primeiro movimento diferente de distribuicao,processos_06-07-2026.CSV,169
0001243-35.2025.5.12.0004,PRIMEIRO_MOVIMENTO_NAO_DISTRIBUICAO,Primeiro movimento diferente de distribuicao,processos_31-07-2026.CSV,436
0001249-62.2025.5.12.0062,PRIMEIRO_MOVIMENTO_NAO_DISTRIBUICAO,Primeiro movimento diferente de distribuicao,processos_30-07-2026.CSV,694
0001249-71.2025.5.12.0059,PRIMEIRO_MOVIMENTO_NAO_DISTRIBUICAO,Primeiro movimento diferente de distribuicao,processos_28-07-2026.CSV,1426
0001250-47.2025.5.12.0062,PRIMEIRO_MOVIMENTO_NAO_DISTRIBUICAO,Primeiro movimento diferente de distribuicao,processos_30-07-2026.CSV,641
0001250-61.2025.5.12.0025,PRIMEIRO_MOVIMENTO_NAO_DISTRIBUICAO,Primeiro movimento diferente de distribuicao,processos_29-07-2026.CSV,1173
0001252-17.2025.5.12.0062,PRIMEIRO_MOVIMENTO_NAO_DISTRIBUICAO,Primeiro movimento diferente de distribuicao,processos_30-07-2026.CSV,624
0001254-23.2025.5.12.0050,PRIMEIRO_MOVIMENTO_NAO_DISTRIBUICAO,Primeiro movimento diferente de distribuicao,processos_28-07-2026.CSV,1396
0001254-95.2026.5.12.0047,PRIMEIRO_MOVIMENTO_NAO_DISTRIBUICAO,Primeiro movimento diferente de distribuicao,processos_06-07-2026.CSV,171
0001259-09.2025.5.12.0062,PRIMEIRO_MOVIMENTO_NAO_DISTRIBUICAO,Primeiro movimento diferente de distribuicao,processos_29-07-2026.CSV,307
0001261-54.2024.5.12.0016,PRIMEIRO_MOVIMENTO_NAO_DISTRIBUICAO,Primeiro movimento diferente de distribuicao,processos_29-07-2026.CSV,115
0001262-04.2026.5.12.0005,PRIMEIRO_MOVIMENTO_NAO_DISTRIBUICAO,Primeiro movimento diferente de distribuicao,processos_23-07-2026.CSV,349
0001262-61.2025.5.12.0062,PRIMEIRO_MOVIMENTO_NAO_DISTRIBUICAO,Primeiro movimento diferente de distribuicao,processos_30-07-2026.CSV,394
0001266-10.2025.5.12.0059,PRIMEIRO_MOVIMENTO_NAO_DISTRIBUICAO,Primeiro movimento diferente de distribuicao,processos_28-07-2026.CSV,1675
0001266-42.2025.5.12.0016,PRIMEIRO_MOVIMENTO_NAO_DISTRIBUICAO,Primeiro movimento diferente de distribuicao,processos_28-07-2026.CSV,251
0001269-67.2025.5.12.0025,PRIMEIRO_MOVIMENTO_NAO_DISTRIBUICAO,Primeiro movimento diferente de distribuicao,processos_30-07-2026.CSV,956
0001271-23.2025.5.12.0062,PRIMEIRO_MOVIMENTO_NAO_DISTRIBUICAO,Primeiro movimento diferente de distribuicao,processos_29-07-2026.CSV,38
0001272-17.2025.5.12.0059,PRIMEIRO_MOVIMENTO_NAO_DISTRIBUICAO,Primeiro movimento diferente de distribuicao,processos_29-07-2026.CSV,446
0001273-02.2025.5.12.0059,PRIMEIRO_MOVIMENTO_NAO_DISTRIBUICAO,Primeiro movimento diferente de distribuicao,processos_28-07-2026.CSV,1705
0001274-75.2025.5.12.0062,PRIMEIRO_MOVIMENTO_NAO_DISTRIBUICAO,Primeiro movimento diferente de distribuicao,processos_30-07-2026.CSV,706
0001275-60.2025.5.12.0062,PRIMEIRO_MOVIMENTO_NAO_DISTRIBUICAO,Primeiro movimento diferente de distribuicao,processos_29-07-2026.CSV,36
0001275-69.2025.5.12.0059,PRIMEIRO_MOVIMENTO_NAO_DISTRIBUICAO,Primeiro movimento diferente de distribuicao,processos_29-07-2026.CSV,476
0001278-29.2025.5.12.0025,PRIMEIRO_MOVIMENTO_NAO_DISTRIBUICAO,Primeiro movimento diferente de distribuicao,processos_29-07-2026.CSV,1123
0001279-09.2025.5.12.0059,PRIMEIRO_MOVIMENTO_NAO_DISTRIBUICAO,Primeiro movimento diferente de distribuicao,processos_28-07-2026.CSV,1707
0001279-97.2025.5.12.0062,PRIMEIRO_MOVIMENTO_NAO_DISTRIBUICAO,Primeiro movimento diferente de distribuicao,processos_29-07-2026.CSV,47
0001280-82.2025.5.12.0062,PRIMEIRO_MOVIMENTO_NAO_DISTRIBUICAO,Primeiro movimento diferente de distribuicao,processos_30-07-2026.CSV,690
0001282-32.2026.5.12.0025,PRIMEIRO_MOVIMENTO_NAO_DISTRIBUICAO,Primeiro movimento diferente de distribuicao,processos_06-07-2026.CSV,63
0001282-66.2025.5.12.0025,PRIMEIRO_MOVIMENTO_NAO_DISTRIBUICAO,Primeiro movimento diferente de distribuicao,processos_29-07-2026.CSV,790
0001284-15.2025.5.12.0032,PRIMEIRO_MOVIMENTO_NAO_DISTRIBUICAO,Primeiro movimento diferente de distribuicao,processos_29-07-2026.CSV,516
0001284-22.2025.5.12.0062,PRIMEIRO_MOVIMENTO_NAO_DISTRIBUICAO,Primeiro movimento diferente de distribuicao,processos_30-07-2026.CSV,691
0001290-29.2025.5.12.0062,PRIMEIRO_MOVIMENTO_NAO_DISTRIBUICAO,Primeiro movimento diferente de distribuicao,processos_29-07-2026.CSV,198
0001290-38.2025.5.12.0059,PRIMEIRO_MOVIMENTO_NAO_DISTRIBUICAO,Primeiro movimento diferente de distribuicao,processos_29-07-2026.CSV,501
0001292-13.2025.5.12.0025,PRIMEIRO_MOVIMENTO_NAO_DISTRIBUICAO,Primeiro movimento diferente de distribuicao,processos_29-07-2026.CSV,1116
0001293-81.2025.5.12.0062,PRIMEIRO_MOVIMENTO_NAO_DISTRIBUICAO,Primeiro movimento diferente de distribuicao,processos_29-07-2026.CSV,185
0001295-60.2025.5.12.0059,PRIMEIRO_MOVIMENTO_NAO_DISTRIBUICAO,Primeiro movimento diferente de distribuicao,processos_29-07-2026.CSV,450
0001297-21.2025.5.12.0062,PRIMEIRO_MOVIMENTO_NAO_DISTRIBUICAO,Primeiro movimento diferente de distribuicao,processos_29-07-2026.CSV,98
0001301-67.2025.5.12.0059,PRIMEIRO_MOVIMENTO_NAO_DISTRIBUICAO,Primeiro movimento diferente de distribuicao,processos_29-07-2026.CSV,510
0001304-22.2025.5.12.0059,PRIMEIRO_MOVIMENTO_NAO_DISTRIBUICAO,Primeiro movimento diferente de distribuicao,processos_29-07-2026.CSV,533
0001305-16.2025.5.12.0056,PRIMEIRO_MOVIMENTO_NAO_DISTRIBUICAO,Primeiro movimento diferente de distribuicao,processos_29-07-2026.CSV,691
0001309-37.2026.5.12.0050,PRIMEIRO_MOVIMENTO_NAO_DISTRIBUICAO,Primeiro movimento diferente de distribuicao,processos_03-07-2026.CSV,166
0001309-75.2026.5.12.0005,PRIMEIRO_MOVIMENTO_NAO_DISTRIBUICAO,Primeiro movimento diferente de distribuicao,processos_04-07-2026.CSV,12
0001310-20.2025.5.12.0062,PRIMEIRO_MOVIMENTO_NAO_DISTRIBUICAO,Primeiro movimento diferente de distribuicao,processos_30-07-2026.CSV,998
0001310-60.2026.5.12.0005,PRIMEIRO_MOVIMENTO_NAO_DISTRIBUICAO,Primeiro movimento diferente de distribuicao,processos_04-07-2026.CSV,14
0001310-97.2026.5.12.0025,PRIMEIRO_MOVIMENTO_NAO_DISTRIBUICAO,Primeiro movimento diferente de distribuicao,processos_06-07-2026.CSV,313
0001311-14.2025.5.12.0059,PRIMEIRO_MOVIMENTO_NAO_DISTRIBUICAO,Primeiro movimento diferente de distribuicao,processos_29-07-2026.CSV,484
0001315-56.2025.5.12.0025,PRIMEIRO_MOVIMENTO_NAO_DISTRIBUICAO,Primeiro movimento diferente de distribuicao,processos_29-07-2026.CSV,1066
0001316-36.2025.5.12.0059,PRIMEIRO_MOVIMENTO_NAO_DISTRIBUICAO,Primeiro movimento diferente de distribuicao,processos_28-07-2026.CSV,1673
0001317-12.2025.5.12.0062,PRIMEIRO_MOVIMENTO_NAO_DISTRIBUICAO,Primeiro movimento diferente de distribuicao,processos_30-07-2026.CSV,788
0001321-49.2025.5.12.0062,PRIMEIRO_MOVIMENTO_NAO_DISTRIBUICAO,Primeiro movimento diferente de distribuicao,processos_29-07-2026.CSV,100
0001323-19.2025.5.12.0062,PRIMEIRO_MOVIMENTO_NAO_DISTRIBUICAO,Primeiro movimento diferente de distribuicao,processos_29-07-2026.CSV,181
0001324-13.2025.5.12.0059,PRIMEIRO_MOVIMENTO_NAO_DISTRIBUICAO,Primeiro movimento diferente de distribuicao,processos_29-07-2026.CSV,497
0001325-86.2025.5.12.0062,PRIMEIRO_MOVIMENTO_NAO_DISTRIBUICAO,Primeiro movimento diferente de distribuicao,processos_29-07-2026.CSV,215
0001326-60.2026.5.12.0022,PRIMEIRO_MOVIMENTO_NAO_DISTRIBUICAO,Primeiro movimento diferente de distribuicao,processos_02-07-2026.CSV,48
0001326-71.2025.5.12.0062,PRIMEIRO_MOVIMENTO_NAO_DISTRIBUICAO,Primeiro movimento diferente de distribuicao,processos_30-07-2026.CSV,573
0001329-35.2025.5.12.0059,PRIMEIRO_MOVIMENTO_NAO_DISTRIBUICAO,Primeiro movimento diferente de distribuicao,processos_28-07-2026.CSV,1407
0001330-11.2025.5.12.0062,PRIMEIRO_MOVIMENTO_NAO_DISTRIBUICAO,Primeiro movimento diferente de distribuicao,processos_30-07-2026.CSV,289
0001333-63.2025.5.12.0062,PRIMEIRO_MOVIMENTO_NAO_DISTRIBUICAO,Primeiro movimento diferente de distribuicao,processos_29-07-2026.CSV,435
0001337-39.2025.5.12.0050,PRIMEIRO_MOVIMENTO_NAO_DISTRIBUICAO,Primeiro movimento diferente de distribuicao,processos_28-07-2026.CSV,1415
0001341-49.2025.5.12.0059,PRIMEIRO_MOVIMENTO_NAO_DISTRIBUICAO,Primeiro movimento diferente de distribuicao,processos_28-07-2026.CSV,1681
0001342-25.2025.5.12.0062,PRIMEIRO_MOVIMENTO_NAO_DISTRIBUICAO,Primeiro movimento diferente de distribuicao,processos_29-07-2026.CSV,269
0001343-87.2026.5.12.0025,PRIMEIRO_MOVIMENTO_NAO_DISTRIBUICAO,Primeiro movimento diferente de distribuicao,processos_21-07-2026.CSV,47
0001344-92.2025.5.12.0062,PRIMEIRO_MOVIMENTO_NAO_DISTRIBUICAO,Primeiro movimento diferente de distribuicao,processos_29-07-2026.CSV,59
0001345-91.2025.5.12.0025,PRIMEIRO_MOVIMENTO_NAO_DISTRIBUICAO,Primeiro movimento diferente de distribuicao,processos_30-07-2026.CSV,776
0001346-71.2025.5.12.0059,PRIMEIRO_MOVIMENTO_NAO_DISTRIBUICAO,Primeiro movimento diferente de distribuicao,processos_28-07-2026.CSV,1526
0001350-02.2025.5.12.0062,PRIMEIRO_MOVIMENTO_NAO_DISTRIBUICAO,Primeiro movimento diferente de distribuicao,processos_29-07-2026.CSV,219
0001350-26.2025.5.12.0054,PRIMEIRO_MOVIMENTO_NAO_DISTRIBUICAO,Primeiro movimento diferente de distribuicao,processos_28-07-2026.CSV,1671
0001351-84.2025.5.12.0062,PRIMEIRO_MOVIMENTO_NAO_DISTRIBUICAO,Primeiro movimento diferente de distribuicao,processos_28-07-2026.CSV,667
0001357-35.2025.5.12.0016,PRIMEIRO_MOVIMENTO_NAO_DISTRIBUICAO,Primeiro movimento diferente de distribuicao,processos_28-07-2026.CSV,820
0001358-10.2026.5.12.0008,PRIMEIRO_MOVIMENTO_NAO_DISTRIBUICAO,Primeiro movimento diferente de distribuicao,processos_30-07-2026.CSV,259
0001358-44.2025.5.12.0008,PRIMEIRO_MOVIMENTO_NAO_DISTRIBUICAO,Primeiro movimento diferente de distribuicao,processos_30-07-2026.CSV,230
0001362-16.2025.5.12.0062,PRIMEIRO_MOVIMENTO_NAO_DISTRIBUICAO,Primeiro movimento diferente de distribuicao,processos_29-07-2026.CSV,225
0001368-32.2025.5.12.0059,PRIMEIRO_MOVIMENTO_NAO_DISTRIBUICAO,Primeiro movimento diferente de distribuicao,processos_28-07-2026.CSV,1694
0001370-02.2025.5.12.0059,PRIMEIRO_MOVIMENTO_NAO_DISTRIBUICAO,Primeiro movimento diferente de distribuicao,processos_29-07-2026.CSV,529
0001371-84.2025.5.12.0059,PRIMEIRO_MOVIMENTO_NAO_DISTRIBUICAO,Primeiro movimento diferente de distribuicao,processos_29-07-2026.CSV,479
0001379-52.2025.5.12.0062,PRIMEIRO_MOVIMENTO_NAO_DISTRIBUICAO,Primeiro movimento diferente de distribuicao,processos_30-07-2026.CSV,803
0001381-22.2025.5.12.0062,PRIMEIRO_MOVIMENTO_NAO_DISTRIBUICAO,Primeiro movimento diferente de distribuicao,processos_28-07-2026.CSV,431
0001387-38.2025.5.12.0059,PRIMEIRO_MOVIMENTO_NAO_DISTRIBUICAO,Primeiro movimento diferente de distribuicao,processos_29-07-2026.CSV,506
0001391-41.2026.5.12.0059,PRIMEIRO_MOVIMENTO_NAO_DISTRIBUICAO,Primeiro movimento diferente de distribuicao,processos_17-07-2026.CSV,742
0001400-28.2025.5.12.0062,PRIMEIRO_MOVIMENTO_NAO_DISTRIBUICAO,Primeiro movimento diferente de distribuicao,processos_30-07-2026.CSV,417
0001400-59.2026.5.12.0008,PRIMEIRO_MOVIMENTO_NAO_DISTRIBUICAO,Primeiro movimento diferente de distribuicao,processos_09-07-2026.CSV,168
0001405-93.2026.5.12.0004,PRIMEIRO_MOVIMENTO_NAO_DISTRIBUICAO,Primeiro movimento diferente de distribuicao,processos_02-07-2026.CSV,353
0001406-35.2025.5.12.0062,PRIMEIRO_MOVIMENTO_NAO_DISTRIBUICAO,Primeiro movimento diferente de distribuicao,processos_30-07-2026.CSV,636
0001407-20.2025.5.12.0062,PRIMEIRO_MOVIMENTO_NAO_DISTRIBUICAO,Primeiro movimento diferente de distribuicao,processos_30-07-2026.CSV,704
0001412-44.2026.5.12.0050,PRIMEIRO_MOVIMENTO_NAO_DISTRIBUICAO,Primeiro movimento diferente de distribuicao,processos_03-07-2026.CSV,169
0001412-51.2025.5.12.0059,PRIMEIRO_MOVIMENTO_NAO_DISTRIBUICAO,Primeiro movimento diferente de distribuicao,processos_28-07-2026.CSV,1691
0001413-27.2025.5.12.0062,PRIMEIRO_MOVIMENTO_NAO_DISTRIBUICAO,Primeiro movimento diferente de distribuicao,processos_29-07-2026.CSV,427
0001413-29.2026.5.12.0050,PRIMEIRO_MOVIMENTO_NAO_DISTRIBUICAO,Primeiro movimento diferente de distribuicao,processos_03-07-2026.CSV,217
0001414-77.2025.5.12.0008,PRIMEIRO_MOVIMENTO_NAO_DISTRIBUICAO,Primeiro movimento diferente de distribuicao,processos_30-07-2026.CSV,78
0001415-06.2025.5.12.0059,PRIMEIRO_MOVIMENTO_NAO_DISTRIBUICAO,Primeiro movimento diferente de distribuicao,processos_29-07-2026.CSV,584
0001418-58.2025.5.12.0059,PRIMEIRO_MOVIMENTO_NAO_DISTRIBUICAO,Primeiro movimento diferente de distribuicao,processos_29-07-2026.CSV,493
0001420-19.2025.5.12.0062,PRIMEIRO_MOVIMENTO_NAO_DISTRIBUICAO,Primeiro movimento diferente de distribuicao,processos_28-07-2026.CSV,239
0001421-04.2025.5.12.0062,PRIMEIRO_MOVIMENTO_NAO_DISTRIBUICAO,Primeiro movimento diferente de distribuicao,processos_30-07-2026.CSV,709
0001423-85.2025.5.12.0025,PRIMEIRO_MOVIMENTO_NAO_DISTRIBUICAO,Primeiro movimento diferente de distribuicao,processos_30-07-2026.CSV,736
0001424-90.2024.5.12.0062,PRIMEIRO_MOVIMENTO_NAO_DISTRIBUICAO,Primeiro movimento diferente de distribuicao,processos_29-07-2026.CSV,913
0001426-06.2025.5.12.0004,PRIMEIRO_MOVIMENTO_NAO_DISTRIBUICAO,Primeiro movimento diferente de distribuicao,processos_30-07-2026.CSV,595
0001427-20.2025.5.12.0059,PRIMEIRO_MOVIMENTO_NAO_DISTRIBUICAO,Primeiro movimento diferente de distribuicao,processos_29-07-2026.CSV,512
0001429-78.2025.5.12.0062,PRIMEIRO_MOVIMENTO_NAO_DISTRIBUICAO,Primeiro movimento diferente de distribuicao,processos_30-07-2026.CSV,698
0001429-96.2025.5.12.0056,PRIMEIRO_MOVIMENTO_NAO_DISTRIBUICAO,Primeiro movimento diferente de distribuicao,processos_30-07-2026.CSV,962
0001430-65.2026.5.12.0050,PRIMEIRO_MOVIMENTO_NAO_DISTRIBUICAO,Primeiro movimento diferente de distribuicao,processos_01-07-2026.CSV,313
0001430-77.2025.5.12.0025,PRIMEIRO_MOVIMENTO_NAO_DISTRIBUICAO,Primeiro movimento diferente de distribuicao,processos_30-07-2026.CSV,1038
0001431-48.2025.5.12.0062,PRIMEIRO_MOVIMENTO_NAO_DISTRIBUICAO,Primeiro movimento diferente de distribuicao,processos_28-07-2026.CSV,232
0001434-05.2026.5.12.0050,PRIMEIRO_MOVIMENTO_NAO_DISTRIBUICAO,Primeiro movimento diferente de distribuicao,processos_01-07-2026.CSV,147
0001437-20.2026.5.12.0030,PRIMEIRO_MOVIMENTO_NAO_DISTRIBUICAO,Primeiro movimento diferente de distribuicao,processos_09-07-2026.CSV,278
0001438-05.2026.5.12.0030,PRIMEIRO_MOVIMENTO_NAO_DISTRIBUICAO,Primeiro movimento diferente de distribuicao,processos_09-07-2026.CSV,302
0001439-25.2025.5.12.0062,PRIMEIRO_MOVIMENTO_NAO_DISTRIBUICAO,Primeiro movimento diferente de distribuicao,processos_30-07-2026.CSV,336
0001439-34.2025.5.12.0059,PRIMEIRO_MOVIMENTO_NAO_DISTRIBUICAO,Primeiro movimento diferente de distribuicao,processos_29-07-2026.CSV,543
0001441-92.2025.5.12.0062,PRIMEIRO_MOVIMENTO_NAO_DISTRIBUICAO,Primeiro movimento diferente de distribuicao,processos_30-07-2026.CSV,339
0001442-84.2026.5.12.0016,PRIMEIRO_MOVIMENTO_NAO_DISTRIBUICAO,Primeiro movimento diferente de distribuicao,processos_01-07-2026.CSV,117
0001444-55.2017.5.12.0053,PRIMEIRO_MOVIMENTO_NAO_DISTRIBUICAO,Primeiro movimento diferente de distribuicao,processos_01-07-2026.CSV,195
0001450-29.2026.5.12.0059,PRIMEIRO_MOVIMENTO_NAO_DISTRIBUICAO,Primeiro movimento diferente de distribuicao,processos_09-07-2026.CSV,420
0001450-54.2025.5.12.0062,PRIMEIRO_MOVIMENTO_NAO_DISTRIBUICAO,Primeiro movimento diferente de distribuicao,processos_30-07-2026.CSV,671
0001453-09.2025.5.12.0062,PRIMEIRO_MOVIMENTO_NAO_DISTRIBUICAO,Primeiro movimento diferente de distribuicao,processos_30-07-2026.CSV,272
0001463-21.2025.5.12.0008,PRIMEIRO_MOVIMENTO_NAO_DISTRIBUICAO,Primeiro movimento diferente de distribuicao,processos_30-07-2026.CSV,92
0001467-90.2025.5.12.0062,PRIMEIRO_MOVIMENTO_NAO_DISTRIBUICAO,Primeiro movimento diferente de distribuicao,processos_30-07-2026.CSV,814
0001475-66.2025.5.12.0030,PRIMEIRO_MOVIMENTO_NAO_DISTRIBUICAO,Primeiro movimento diferente de distribuicao,processos_28-07-2026.CSV,1176
0001475-81.2025.5.12.0025,PRIMEIRO_MOVIMENTO_NAO_DISTRIBUICAO,Primeiro movimento diferente de distribuicao,processos_30-07-2026.CSV,834
0001478-22.2025.5.12.0062,PRIMEIRO_MOVIMENTO_NAO_DISTRIBUICAO,Primeiro movimento diferente de distribuicao,processos_30-07-2026.CSV,700
0001487-02.2025.5.12.0056,PRIMEIRO_MOVIMENTO_NAO_DISTRIBUICAO,Primeiro movimento diferente de distribuicao,processos_31-07-2026.CSV,198
0001489-51.2025.5.12.0062,PRIMEIRO_MOVIMENTO_NAO_DISTRIBUICAO,Primeiro movimento diferente de distribuicao,processos_29-07-2026.CSV,343
0001492-05.2025.5.12.0030,PRIMEIRO_MOVIMENTO_NAO_DISTRIBUICAO,Primeiro movimento diferente de distribuicao,processos_28-07-2026.CSV,1101
0001494-73.2025.5.12.0062,PRIMEIRO_MOVIMENTO_NAO_DISTRIBUICAO,Primeiro movimento diferente de distribuicao,processos_30-07-2026.CSV,307
0001495-58.2025.5.12.0062,PRIMEIRO_MOVIMENTO_NAO_DISTRIBUICAO,Primeiro movimento diferente de distribuicao,processos_30-07-2026.CSV,311
0001499-95.2025.5.12.0062,PRIMEIRO_MOVIMENTO_NAO_DISTRIBUICAO,Primeiro movimento diferente de distribuicao,processos_29-07-2026.CSV,285
0001500-31.2024.5.12.0025,PRIMEIRO_MOVIMENTO_NAO_DISTRIBUICAO,Primeiro movimento diferente de distribuicao,processos_30-07-2026.CSV,489
0001508-57.2025.5.12.0062,PRIMEIRO_MOVIMENTO_NAO_DISTRIBUICAO,Primeiro movimento diferente de distribuicao,processos_30-07-2026.CSV,919
0001511-17.2025.5.12.0028,PRIMEIRO_MOVIMENTO_NAO_DISTRIBUICAO,Primeiro movimento diferente de distribuicao,processos_28-07-2026.CSV,621
0001511-21.2025.5.12.0059,PRIMEIRO_MOVIMENTO_NAO_DISTRIBUICAO,Primeiro movimento diferente de distribuicao,processos_29-07-2026.CSV,546
0001514-64.2025.5.12.0062,PRIMEIRO_MOVIMENTO_NAO_DISTRIBUICAO,Primeiro movimento diferente de distribuicao,processos_30-07-2026.CSV,1006
0001515-48.2025.5.12.0030,PRIMEIRO_MOVIMENTO_NAO_DISTRIBUICAO,Primeiro movimento diferente de distribuicao,processos_28-07-2026.CSV,1134
0001516-34.2025.5.12.0062,PRIMEIRO_MOVIMENTO_NAO_DISTRIBUICAO,Primeiro movimento diferente de distribuicao,processos_30-07-2026.CSV,933
0001520-71.2025.5.12.0062,PRIMEIRO_MOVIMENTO_NAO_DISTRIBUICAO,Primeiro movimento diferente de distribuicao,processos_29-07-2026.CSV,973
0001523-26.2025.5.12.0062,PRIMEIRO_MOVIMENTO_NAO_DISTRIBUICAO,Primeiro movimento diferente de distribuicao,processos_30-07-2026.CSV,611
0001527-07.2025.5.12.0016,PRIMEIRO_MOVIMENTO_NAO_DISTRIBUICAO,Primeiro movimento diferente de distribuicao,processos_28-07-2026.CSV,960
0001528-28.2026.5.12.0025,PRIMEIRO_MOVIMENTO_NAO_DISTRIBUICAO,Primeiro movimento diferente de distribuicao,processos_06-07-2026.CSV,65
0001528-48.2025.5.12.0062,PRIMEIRO_MOVIMENTO_NAO_DISTRIBUICAO,Primeiro movimento diferente de distribuicao,processos_30-07-2026.CSV,347
0001529-33.2025.5.12.0062,PRIMEIRO_MOVIMENTO_NAO_DISTRIBUICAO,Primeiro movimento diferente de distribuicao,processos_29-07-2026.CSV,74
0001529-42.2025.5.12.0059,PRIMEIRO_MOVIMENTO_NAO_DISTRIBUICAO,Primeiro movimento diferente de distribuicao,processos_28-07-2026.CSV,1456
0001533-48.2024.5.12.0016,PRIMEIRO_MOVIMENTO_NAO_DISTRIBUICAO,Primeiro movimento diferente de distribuicao,processos_28-07-2026.CSV,384
0001533-50.2026.5.12.0025,PRIMEIRO_MOVIMENTO_NAO_DISTRIBUICAO,Primeiro movimento diferente de distribuicao,processos_02-07-2026.CSV,30
0001536-05.2026.5.12.0025,PRIMEIRO_MOVIMENTO_NAO_DISTRIBUICAO,Primeiro movimento diferente de distribuicao,processos_02-07-2026.CSV,31
0001537-87.2026.5.12.0025,PRIMEIRO_MOVIMENTO_NAO_DISTRIBUICAO,Primeiro movimento diferente de distribuicao,processos_02-07-2026.CSV,33
0001538-92.2025.5.12.0062,PRIMEIRO_MOVIMENTO_NAO_DISTRIBUICAO,Primeiro movimento diferente de distribuicao,processos_28-07-2026.CSV,664
0001540-71.2025.5.12.0059,PRIMEIRO_MOVIMENTO_NAO_DISTRIBUICAO,Primeiro movimento diferente de distribuicao,processos_29-07-2026.CSV,485
0001545-28.2025.5.12.0016,PRIMEIRO_MOVIMENTO_NAO_DISTRIBUICAO,Primeiro movimento diferente de distribuicao,processos_29-07-2026.CSV,221
0001549-24.2025.5.12.0062,PRIMEIRO_MOVIMENTO_NAO_DISTRIBUICAO,Primeiro movimento diferente de distribuicao,processos_29-07-2026.CSV,432
0001550-27.2025.5.12.0056,PRIMEIRO_MOVIMENTO_NAO_DISTRIBUICAO,Primeiro movimento diferente de distribuicao,processos_31-07-2026.CSV,649
0001556-47.2026.5.12.0008,PRIMEIRO_MOVIMENTO_NAO_DISTRIBUICAO,Primeiro movimento diferente de distribuicao,processos_28-07-2026.CSV,963
0001558-27.2025.5.12.0016,PRIMEIRO_MOVIMENTO_NAO_DISTRIBUICAO,Primeiro movimento diferente de distribuicao,processos_28-07-2026.CSV,512
0001558-97.2024.5.12.0004,PRIMEIRO_MOVIMENTO_NAO_DISTRIBUICAO,Primeiro movimento diferente de distribuicao,processos_29-07-2026.CSV,1215
0001572-76.2025.5.12.0059,PRIMEIRO_MOVIMENTO_NAO_DISTRIBUICAO,Primeiro movimento diferente de distribuicao,processos_29-07-2026.CSV,487
0001573-32.2025.5.12.0004,PRIMEIRO_MOVIMENTO_NAO_DISTRIBUICAO,Primeiro movimento diferente de distribuicao,processos_29-07-2026.CSV,1264
0001580-78.2024.5.12.0062,PRIMEIRO_MOVIMENTO_NAO_DISTRIBUICAO,Primeiro movimento diferente de distribuicao,processos_30-07-2026.CSV,376
0001581-38.2025.5.12.0059,PRIMEIRO_MOVIMENTO_NAO_DISTRIBUICAO,Primeiro movimento diferente de distribuicao,processos_29-07-2026.CSV,447
0001582-28.2025.5.12.0025,PRIMEIRO_MOVIMENTO_NAO_DISTRIBUICAO,Primeiro movimento diferente de distribuicao,processos_30-07-2026.CSV,941
0001587-54.2025.5.12.0056,PRIMEIRO_MOVIMENTO_NAO_DISTRIBUICAO,Primeiro movimento diferente de distribuicao,processos_31-07-2026.CSV,147
0001593-42.2025.5.12.0030,PRIMEIRO_MOVIMENTO_NAO_DISTRIBUICAO,Primeiro movimento diferente de distribuicao,processos_28-07-2026.CSV,1104
0001595-13.2025.5.12.0062,PRIMEIRO_MOVIMENTO_NAO_DISTRIBUICAO,Primeiro movimento diferente de distribuicao,processos_30-07-2026.CSV,915
0001596-95.2025.5.12.0062,PRIMEIRO_MOVIMENTO_NAO_DISTRIBUICAO,Primeiro movimento diferente de distribuicao,processos_30-07-2026.CSV,809
0001598-65.2025.5.12.0062,PRIMEIRO_MOVIMENTO_NAO_DISTRIBUICAO,Primeiro movimento diferente de distribuicao,processos_30-07-2026.CSV,796
0001605-71.2025.5.12.0025,PRIMEIRO_MOVIMENTO_NAO_DISTRIBUICAO,Primeiro movimento diferente de distribuicao,processos_29-07-2026.CSV,522
0001608-12.2025.5.12.0062,PRIMEIRO_MOVIMENTO_NAO_DISTRIBUICAO,Primeiro movimento diferente de distribuicao,processos_29-07-2026.CSV,470
0001610-84.2025.5.12.0028,PRIMEIRO_MOVIMENTO_NAO_DISTRIBUICAO,Primeiro movimento diferente de distribuicao,processos_30-07-2026.CSV,31
0001614-19.2025.5.12.0062,PRIMEIRO_MOVIMENTO_NAO_DISTRIBUICAO,Primeiro movimento diferente de distribuicao,processos_30-07-2026.CSV,806
0001615-22.2025.5.12.0056,PRIMEIRO_MOVIMENTO_NAO_DISTRIBUICAO,Primeiro movimento diferente de distribuicao,processos_30-07-2026.CSV,1176
0001616-86.2025.5.12.0062,PRIMEIRO_MOVIMENTO_NAO_DISTRIBUICAO,Primeiro movimento diferente de distribuicao,processos_30-07-2026.CSV,629
0001617-76.2025.5.12.0028,PRIMEIRO_MOVIMENTO_NAO_DISTRIBUICAO,Primeiro movimento diferente de distribuicao,processos_28-07-2026.CSV,530
0001621-11.2025.5.12.0062,PRIMEIRO_MOVIMENTO_NAO_DISTRIBUICAO,Primeiro movimento diferente de distribuicao,processos_29-07-2026.CSV,255
0001621-52.2025.5.12.0016,PRIMEIRO_MOVIMENTO_NAO_DISTRIBUICAO,Primeiro movimento diferente de distribuicao,processos_28-07-2026.CSV,189
0001624-62.2025.5.12.0030,PRIMEIRO_MOVIMENTO_NAO_DISTRIBUICAO,Primeiro movimento diferente de distribuicao,processos_28-07-2026.CSV,1119
0001624-63.2025.5.12.0062,PRIMEIRO_MOVIMENTO_NAO_DISTRIBUICAO,Primeiro movimento diferente de distribuicao,processos_30-07-2026.CSV,355
0001626-47.2025.5.12.0025,PRIMEIRO_MOVIMENTO_NAO_DISTRIBUICAO,Primeiro movimento diferente de distribuicao,processos_29-07-2026.CSV,1176
0001627-18.2025.5.12.0062,PRIMEIRO_MOVIMENTO_NAO_DISTRIBUICAO,Primeiro movimento diferente de distribuicao,processos_30-07-2026.CSV,276
0001627-27.2025.5.12.0059,PRIMEIRO_MOVIMENTO_NAO_DISTRIBUICAO,Primeiro movimento diferente de distribuicao,processos_29-07-2026.CSV,502
0001628-17.2025.5.12.0025,PRIMEIRO_MOVIMENTO_NAO_DISTRIBUICAO,Primeiro movimento diferente de distribuicao,processos_30-07-2026.CSV,1101
0001632-40.2025.5.12.0062,PRIMEIRO_MOVIMENTO_NAO_DISTRIBUICAO,Primeiro movimento diferente de distribuicao,processos_28-07-2026.CSV,687
0001636-77.2025.5.12.0062,PRIMEIRO_MOVIMENTO_NAO_DISTRIBUICAO,Primeiro movimento diferente de distribuicao,processos_30-07-2026.CSV,298
0001641-02.2025.5.12.0062,PRIMEIRO_MOVIMENTO_NAO_DISTRIBUICAO,Primeiro movimento diferente de distribuicao,processos_30-07-2026.CSV,1014
0001651-45.2025.5.12.0030,PRIMEIRO_MOVIMENTO_NAO_DISTRIBUICAO,Primeiro movimento diferente de distribuicao,processos_28-07-2026.CSV,640
0001653-16.2025.5.12.0062,PRIMEIRO_MOVIMENTO_NAO_DISTRIBUICAO,Primeiro movimento diferente de distribuicao,processos_30-07-2026.CSV,792
0001653-57.2025.5.12.0016,PRIMEIRO_MOVIMENTO_NAO_DISTRIBUICAO,Primeiro movimento diferente de distribuicao,processos_28-07-2026.CSV,174
0001654-10.2025.5.12.0059,PRIMEIRO_MOVIMENTO_NAO_DISTRIBUICAO,Primeiro movimento diferente de distribuicao,processos_29-07-2026.CSV,551
0001657-62.2025.5.12.0059,PRIMEIRO_MOVIMENTO_NAO_DISTRIBUICAO,Primeiro movimento diferente de distribuicao,processos_29-07-2026.CSV,539
0001660-44.2025.5.12.0050,PRIMEIRO_MOVIMENTO_NAO_DISTRIBUICAO,Primeiro movimento diferente de distribuicao,processos_28-07-2026.CSV,1566
0001663-60.2025.5.12.0062,PRIMEIRO_MOVIMENTO_NAO_DISTRIBUICAO,Primeiro movimento diferente de distribuicao,processos_29-07-2026.CSV,40
0001667-41.2025.5.12.0016,PRIMEIRO_MOVIMENTO_NAO_DISTRIBUICAO,Primeiro movimento diferente de distribuicao,processos_28-07-2026.CSV,593
0001669-67.2025.5.12.0062,PRIMEIRO_MOVIMENTO_NAO_DISTRIBUICAO,Primeiro movimento diferente de distribuicao,processos_30-07-2026.CSV,1034
0001671-37.2025.5.12.0062,PRIMEIRO_MOVIMENTO_NAO_DISTRIBUICAO,Primeiro movimento diferente de distribuicao,processos_29-07-2026.CSV,79
0001675-74.2025.5.12.0062,PRIMEIRO_MOVIMENTO_NAO_DISTRIBUICAO,Primeiro movimento diferente de distribuicao,processos_30-07-2026.CSV,801
0001676-64.2025.5.12.0028,PRIMEIRO_MOVIMENTO_NAO_DISTRIBUICAO,Primeiro movimento diferente de distribuicao,processos_28-07-2026.CSV,629
0001678-43.2025.5.12.0025,PRIMEIRO_MOVIMENTO_NAO_DISTRIBUICAO,Primeiro movimento diferente de distribuicao,processos_30-07-2026.CSV,437
0001680-42.2024.5.12.0059,PRIMEIRO_MOVIMENTO_NAO_DISTRIBUICAO,Primeiro movimento diferente de distribuicao,processos_28-07-2026.CSV,1570
0001680-96.2025.5.12.0062,PRIMEIRO_MOVIMENTO_NAO_DISTRIBUICAO,Primeiro movimento diferente de distribuicao,processos_29-07-2026.CSV,474
0001681-81.2025.5.12.0062,PRIMEIRO_MOVIMENTO_NAO_DISTRIBUICAO,Primeiro movimento diferente de distribuicao,processos_29-07-2026.CSV,451
0001687-88.2025.5.12.0062,PRIMEIRO_MOVIMENTO_NAO_DISTRIBUICAO,Primeiro movimento diferente de distribuicao,processos_30-07-2026.CSV,999
0001691-33.2025.5.12.0028,PRIMEIRO_MOVIMENTO_NAO_DISTRIBUICAO,Primeiro movimento diferente de distribuicao,processos_28-07-2026.CSV,553
0001693-95.2025.5.12.0062,PRIMEIRO_MOVIMENTO_NAO_DISTRIBUICAO,Primeiro movimento diferente de distribuicao,processos_29-07-2026.CSV,428
0001696-50.2025.5.12.0062,PRIMEIRO_MOVIMENTO_NAO_DISTRIBUICAO,Primeiro movimento diferente de distribuicao,processos_30-07-2026.CSV,381
0001696-59.2025.5.12.0059,PRIMEIRO_MOVIMENTO_NAO_DISTRIBUICAO,Primeiro movimento diferente de distribuicao,processos_28-07-2026.CSV,1710
0001697-49.2025.5.12.0025,PRIMEIRO_MOVIMENTO_NAO_DISTRIBUICAO,Primeiro movimento diferente de distribuicao,processos_29-07-2026.CSV,729
0001698-56.2025.5.12.0050,PRIMEIRO_MOVIMENTO_NAO_DISTRIBUICAO,Primeiro movimento diferente de distribuicao,processos_28-07-2026.CSV,1159
0001699-05.2025.5.12.0062,PRIMEIRO_MOVIMENTO_NAO_DISTRIBUICAO,Primeiro movimento diferente de distribuicao,processos_29-07-2026.CSV,394
0001701-72.2025.5.12.0062,PRIMEIRO_MOVIMENTO_NAO_DISTRIBUICAO,Primeiro movimento diferente de distribuicao,processos_29-07-2026.CSV,783
0001702-57.2025.5.12.0062,PRIMEIRO_MOVIMENTO_NAO_DISTRIBUICAO,Primeiro movimento diferente de distribuicao,processos_29-07-2026.CSV,389
0001703-42.2025.5.12.0062,PRIMEIRO_MOVIMENTO_NAO_DISTRIBUICAO,Primeiro movimento diferente de distribuicao,processos_30-07-2026.CSV,817
0001704-27.2025.5.12.0062,PRIMEIRO_MOVIMENTO_NAO_DISTRIBUICAO,Primeiro movimento diferente de distribuicao,processos_29-07-2026.CSV,1055
0001706-06.2025.5.12.0059,PRIMEIRO_MOVIMENTO_NAO_DISTRIBUICAO,Primeiro movimento diferente de distribuicao,processos_29-07-2026.CSV,519
0001716-41.2025.5.12.0062,PRIMEIRO_MOVIMENTO_NAO_DISTRIBUICAO,Primeiro movimento diferente de distribuicao,processos_29-07-2026.CSV,293
0001718-21.2026.5.12.0015,ULTIMO_MOVIMENTO_EM_TRIAGEM,Ultimo movimento do processo ainda em unidade de triagem,processos_14-07-2026.CSV,155
0001720-78.2025.5.12.0062,PRIMEIRO_MOVIMENTO_NAO_DISTRIBUICAO,Primeiro movimento diferente de distribuicao,processos_29-07-2026.CSV,298
0001721-63.2025.5.12.0062,PRIMEIRO_MOVIMENTO_NAO_DISTRIBUICAO,Primeiro movimento diferente de distribuicao,processos_29-07-2026.CSV,296
0001722-48.2025.5.12.0062,PRIMEIRO_MOVIMENTO_NAO_DISTRIBUICAO,Primeiro movimento diferente de distribuicao,processos_29-07-2026.CSV,300
0001723-33.2025.5.12.0062,PRIMEIRO_MOVIMENTO_NAO_DISTRIBUICAO,Primeiro movimento diferente de distribuicao,processos_29-07-2026.CSV,316
0001724-59.2025.5.12.0016,PRIMEIRO_MOVIMENTO_NAO_DISTRIBUICAO,Primeiro movimento diferente de distribuicao,processos_28-07-2026.CSV,245
0001725-03.2025.5.12.0062,PRIMEIRO_MOVIMENTO_NAO_DISTRIBUICAO,Primeiro movimento diferente de distribuicao,processos_29-07-2026.CSV,319
0001726-85.2025.5.12.0062,PRIMEIRO_MOVIMENTO_NAO_DISTRIBUICAO,Primeiro movimento diferente de distribuicao,processos_29-07-2026.CSV,309
0001727-36.2026.5.12.0062,PRIMEIRO_MOVIMENTO_NAO_DISTRIBUICAO,Primeiro movimento diferente de distribuicao,processos_27-07-2026.CSV,113
0001734-42.2025.5.12.0004,PRIMEIRO_MOVIMENTO_NAO_DISTRIBUICAO,Primeiro movimento diferente de distribuicao,processos_30-07-2026.CSV,642
0001734-76.2024.5.12.0004,PRIMEIRO_MOVIMENTO_NAO_DISTRIBUICAO,Primeiro movimento diferente de distribuicao,processos_30-07-2026.CSV,543
0001742-53.2025.5.12.0025,PRIMEIRO_MOVIMENTO_NAO_DISTRIBUICAO,Primeiro movimento diferente de distribuicao,processos_29-07-2026.CSV,724
0001745-30.2025.5.12.0050,PRIMEIRO_MOVIMENTO_NAO_DISTRIBUICAO,Primeiro movimento diferente de distribuicao,processos_28-07-2026.CSV,1490
0001745-91.2025.5.12.0062,PRIMEIRO_MOVIMENTO_NAO_DISTRIBUICAO,Primeiro movimento diferente de distribuicao,processos_29-07-2026.CSV,208
0001747-60.2025.5.12.0030,PRIMEIRO_MOVIMENTO_NAO_DISTRIBUICAO,Primeiro movimento diferente de distribuicao,processos_28-07-2026.CSV,712
0001747-75.2025.5.12.0025,PRIMEIRO_MOVIMENTO_NAO_DISTRIBUICAO,Primeiro movimento diferente de distribuicao,processos_29-07-2026.CSV,756
0001748-46.2025.5.12.0062,PRIMEIRO_MOVIMENTO_NAO_DISTRIBUICAO,Primeiro movimento diferente de distribuicao,processos_30-07-2026.CSV,321
0001750-34.2025.5.12.0056,PRIMEIRO_MOVIMENTO_NAO_DISTRIBUICAO,Primeiro movimento diferente de distribuicao,processos_30-07-2026.CSV,1013
0001751-98.2025.5.12.0062,PRIMEIRO_MOVIMENTO_NAO_DISTRIBUICAO,Primeiro movimento diferente de distribuicao,processos_29-07-2026.CSV,76
0001755-72.2024.5.12.0062,PRIMEIRO_MOVIMENTO_NAO_DISTRIBUICAO,Primeiro movimento diferente de distribuicao,processos_30-07-2026.CSV,664
0001761-54.2025.5.12.0059,PRIMEIRO_MOVIMENTO_NAO_DISTRIBUICAO,Primeiro movimento diferente de distribuicao,processos_28-07-2026.CSV,1537
0001761-59.2025.5.12.0025,PRIMEIRO_MOVIMENTO_NAO_DISTRIBUICAO,Primeiro movimento diferente de distribuicao,processos_30-07-2026.CSV,1276
0001761-63.2025.5.12.0056,PRIMEIRO_MOVIMENTO_NAO_DISTRIBUICAO,Primeiro movimento diferente de distribuicao,processos_29-07-2026.CSV,727
0001762-30.2025.5.12.0062,PRIMEIRO_MOVIMENTO_NAO_DISTRIBUICAO,Primeiro movimento diferente de distribuicao,processos_30-07-2026.CSV,634
0001769-63.2025.5.12.0016,PRIMEIRO_MOVIMENTO_NAO_DISTRIBUICAO,Primeiro movimento diferente de distribuicao,processos_28-07-2026.CSV,253
0001779-10.2025.5.12.0016,PRIMEIRO_MOVIMENTO_NAO_DISTRIBUICAO,Primeiro movimento diferente de distribuicao,processos_28-07-2026.CSV,1014
0001786-72.2025.5.12.0025,PRIMEIRO_MOVIMENTO_NAO_DISTRIBUICAO,Primeiro movimento diferente de distribuicao,processos_29-07-2026.CSV,904
0001788-61.2024.5.12.0030,PRIMEIRO_MOVIMENTO_NAO_DISTRIBUICAO,Primeiro movimento diferente de distribuicao,processos_28-07-2026.CSV,809
0001789-31.2025.5.12.0056,PRIMEIRO_MOVIMENTO_NAO_DISTRIBUICAO,Primeiro movimento diferente de distribuicao,processos_31-07-2026.CSV,212
0001789-78.2025.5.12.0008,PRIMEIRO_MOVIMENTO_NAO_DISTRIBUICAO,Primeiro movimento diferente de distribuicao,processos_30-07-2026.CSV,69
0001792-65.2025.5.12.0062,PRIMEIRO_MOVIMENTO_NAO_DISTRIBUICAO,Primeiro movimento diferente de distribuicao,processos_29-07-2026.CSV,43
0001794-35.2025.5.12.0062,PRIMEIRO_MOVIMENTO_NAO_DISTRIBUICAO,Primeiro movimento diferente de distribuicao,processos_29-07-2026.CSV,103
0001799-66.2025.5.12.0059,PRIMEIRO_MOVIMENTO_NAO_DISTRIBUICAO,Primeiro movimento diferente de distribuicao,processos_28-07-2026.CSV,1377
0001801-36.2025.5.12.0059,PRIMEIRO_MOVIMENTO_NAO_DISTRIBUICAO,Primeiro movimento diferente de distribuicao,processos_28-07-2026.CSV,1367
0001803-94.2025.5.12.0062,PRIMEIRO_MOVIMENTO_NAO_DISTRIBUICAO,Primeiro movimento diferente de distribuicao,processos_29-07-2026.CSV,68
0001805-64.2025.5.12.0062,PRIMEIRO_MOVIMENTO_NAO_DISTRIBUICAO,Primeiro movimento diferente de distribuicao,processos_29-07-2026.CSV,69
0001807-34.2025.5.12.0062,PRIMEIRO_MOVIMENTO_NAO_DISTRIBUICAO,Primeiro movimento diferente de distribuicao,processos_29-07-2026.CSV,112
0001815-16.2025.5.12.0028,PRIMEIRO_MOVIMENTO_NAO_DISTRIBUICAO,Primeiro movimento diferente de distribuicao,processos_28-07-2026.CSV,592
0001819-66.2025.5.12.0056,PRIMEIRO_MOVIMENTO_NAO_DISTRIBUICAO,Primeiro movimento diferente de distribuicao,processos_29-07-2026.CSV,652
0001824-84.2025.5.12.0025,PRIMEIRO_MOVIMENTO_NAO_DISTRIBUICAO,Primeiro movimento diferente de distribuicao,processos_29-07-2026.CSV,703
0001825-35.2025.5.12.0004,PRIMEIRO_MOVIMENTO_NAO_DISTRIBUICAO,Primeiro movimento diferente de distribuicao,processos_29-07-2026.CSV,1256
0001825-55.2025.5.12.0062,PRIMEIRO_MOVIMENTO_NAO_DISTRIBUICAO,Primeiro movimento diferente de distribuicao,processos_30-07-2026.CSV,290
0001828-09.2025.5.12.0030,PRIMEIRO_MOVIMENTO_NAO_DISTRIBUICAO,Primeiro movimento diferente de distribuicao,processos_28-07-2026.CSV,1269
0001831-62.2025.5.12.0062,PRIMEIRO_MOVIMENTO_NAO_DISTRIBUICAO,Primeiro movimento diferente de distribuicao,processos_30-07-2026.CSV,335
0001832-65.2025.5.12.0056,PRIMEIRO_MOVIMENTO_NAO_DISTRIBUICAO,Primeiro movimento diferente de distribuicao,processos_28-07-2026.CSV,855
0001834-31.2025.5.12.0025,PRIMEIRO_MOVIMENTO_NAO_DISTRIBUICAO,Primeiro movimento diferente de distribuicao,processos_29-07-2026.CSV,924
0001837-83.2025.5.12.0025,PRIMEIRO_MOVIMENTO_NAO_DISTRIBUICAO,Primeiro movimento diferente de distribuicao,processos_30-07-2026.CSV,1083
0001838-54.2025.5.12.0062,PRIMEIRO_MOVIMENTO_NAO_DISTRIBUICAO,Primeiro movimento diferente de distribuicao,processos_29-07-2026.CSV,334
0001841-09.2025.5.12.0062,PRIMEIRO_MOVIMENTO_NAO_DISTRIBUICAO,Primeiro movimento diferente de distribuicao,processos_30-07-2026.CSV,995
0001842-71.2025.5.12.0004,PRIMEIRO_MOVIMENTO_NAO_DISTRIBUICAO,Primeiro movimento diferente de distribuicao,processos_30-07-2026.CSV,659
0001844-76.2025.5.12.0057,PRIMEIRO_MOVIMENTO_NAO_DISTRIBUICAO,Primeiro movimento diferente de distribuicao,processos_30-07-2026.CSV,486
0001846-31.2025.5.12.0062,PRIMEIRO_MOVIMENTO_NAO_DISTRIBUICAO,Primeiro movimento diferente de distribuicao,processos_30-07-2026.CSV,325
0001847-16.2025.5.12.0062,PRIMEIRO_MOVIMENTO_NAO_DISTRIBUICAO,Primeiro movimento diferente de distribuicao,processos_29-07-2026.CSV,228
0001847-34.2025.5.12.0056,PRIMEIRO_MOVIMENTO_NAO_DISTRIBUICAO,Primeiro movimento diferente de distribuicao,processos_28-07-2026.CSV,1013
0001851-21.2025.5.12.0008,PRIMEIRO_MOVIMENTO_NAO_DISTRIBUICAO,Primeiro movimento diferente de distribuicao,processos_30-07-2026.CSV,103
0001853-23.2025.5.12.0062,PRIMEIRO_MOVIMENTO_NAO_DISTRIBUICAO,Primeiro movimento diferente de distribuicao,processos_28-07-2026.CSV,661
0001854-22.2025.5.12.0025,PRIMEIRO_MOVIMENTO_NAO_DISTRIBUICAO,Primeiro movimento diferente de distribuicao,processos_29-07-2026.CSV,808
0001859-29.2025.5.12.0030,PRIMEIRO_MOVIMENTO_NAO_DISTRIBUICAO,Primeiro movimento diferente de distribuicao,processos_28-07-2026.CSV,1186
0001863-67.2025.5.12.0062,PRIMEIRO_MOVIMENTO_NAO_DISTRIBUICAO,Primeiro movimento diferente de distribuicao,processos_29-07-2026.CSV,91
0001870-73.2025.5.12.0025,PRIMEIRO_MOVIMENTO_NAO_DISTRIBUICAO,Primeiro movimento diferente de distribuicao,processos_30-07-2026.CSV,1144
0001872-34.2025.5.12.0028,PRIMEIRO_MOVIMENTO_NAO_DISTRIBUICAO,Primeiro movimento diferente de distribuicao,processos_28-07-2026.CSV,595
0001873-14.2025.5.12.0062,PRIMEIRO_MOVIMENTO_NAO_DISTRIBUICAO,Primeiro movimento diferente de distribuicao,processos_30-07-2026.CSV,268
0001873-28.2025.5.12.0025,PRIMEIRO_MOVIMENTO_NAO_DISTRIBUICAO,Primeiro movimento diferente de distribuicao,processos_29-07-2026.CSV,823
0001876-46.2025.5.12.0004,PRIMEIRO_MOVIMENTO_NAO_DISTRIBUICAO,Primeiro movimento diferente de distribuicao,processos_30-07-2026.CSV,656
0001877-94.2024.5.12.0059,PRIMEIRO_MOVIMENTO_NAO_DISTRIBUICAO,Primeiro movimento diferente de distribuicao,processos_28-07-2026.CSV,1549
0001880-83.2025.5.12.0004,PRIMEIRO_MOVIMENTO_NAO_DISTRIBUICAO,Primeiro movimento diferente de distribuicao,processos_30-07-2026.CSV,673
0001881-09.2025.5.12.0056,PRIMEIRO_MOVIMENTO_NAO_DISTRIBUICAO,Primeiro movimento diferente de distribuicao,processos_29-07-2026.CSV,932
0001881-87.2025.5.12.0030,PRIMEIRO_MOVIMENTO_NAO_DISTRIBUICAO,Primeiro movimento diferente de distribuicao,processos_28-07-2026.CSV,1121
0001888-48.2025.5.12.0008,PRIMEIRO_MOVIMENTO_NAO_DISTRIBUICAO,Primeiro movimento diferente de distribuicao,processos_30-07-2026.CSV,95
0001888-80.2025.5.12.0062,PRIMEIRO_MOVIMENTO_NAO_DISTRIBUICAO,Primeiro movimento diferente de distribuicao,processos_29-07-2026.CSV,244
0001889-65.2025.5.12.0062,PRIMEIRO_MOVIMENTO_NAO_DISTRIBUICAO,Primeiro movimento diferente de distribuicao,processos_30-07-2026.CSV,285
0001889-83.2025.5.12.0056,PRIMEIRO_MOVIMENTO_NAO_DISTRIBUICAO,Primeiro movimento diferente de distribuicao,processos_29-07-2026.CSV,868
0001895-72.2025.5.12.0062,PRIMEIRO_MOVIMENTO_NAO_DISTRIBUICAO,Primeiro movimento diferente de distribuicao,processos_29-07-2026.CSV,78
0001895-86.2025.5.12.0025,PRIMEIRO_MOVIMENTO_NAO_DISTRIBUICAO,Primeiro movimento diferente de distribuicao,processos_30-07-2026.CSV,769
0001897-42.2025.5.12.0062,PRIMEIRO_MOVIMENTO_NAO_DISTRIBUICAO,Primeiro movimento diferente de distribuicao,processos_30-07-2026.CSV,266
0001900-94.2025.5.12.0062,PRIMEIRO_MOVIMENTO_NAO_DISTRIBUICAO,Primeiro movimento diferente de distribuicao,processos_29-07-2026.CSV,286
0001904-34.2025.5.12.0062,PRIMEIRO_MOVIMENTO_NAO_DISTRIBUICAO,Primeiro movimento diferente de distribuicao,processos_29-07-2026.CSV,24
0001906-03.2025.5.12.0030,PRIMEIRO_MOVIMENTO_NAO_DISTRIBUICAO,Primeiro movimento diferente de distribuicao,processos_28-07-2026.CSV,1137
0001907-86.2025.5.12.0062,PRIMEIRO_MOVIMENTO_NAO_DISTRIBUICAO,Primeiro movimento diferente de distribuicao,processos_29-07-2026.CSV,341
0001909-74.2025.5.12.0056,PRIMEIRO_MOVIMENTO_NAO_DISTRIBUICAO,Primeiro movimento diferente de distribuicao,processos_29-07-2026.CSV,661
0001911-44.2025.5.12.0056,PRIMEIRO_MOVIMENTO_NAO_DISTRIBUICAO,Primeiro movimento diferente de distribuicao,processos_29-07-2026.CSV,958
0001912-25.2025.5.12.0025,PRIMEIRO_MOVIMENTO_NAO_DISTRIBUICAO,Primeiro movimento diferente de distribuicao,processos_30-07-2026.CSV,1030
0001912-45.2024.5.12.0062,PRIMEIRO_MOVIMENTO_NAO_DISTRIBUICAO,Primeiro movimento diferente de distribuicao,processos_29-07-2026.CSV,793
0001913-05.2025.5.12.0059,PRIMEIRO_MOVIMENTO_NAO_DISTRIBUICAO,Primeiro movimento diferente de distribuicao,processos_29-07-2026.CSV,542
0001913-44.2024.5.12.0025,PRIMEIRO_MOVIMENTO_NAO_DISTRIBUICAO,Primeiro movimento diferente de distribuicao,processos_30-07-2026.CSV,1333
0001913-73.2025.5.12.0004,PRIMEIRO_MOVIMENTO_NAO_DISTRIBUICAO,Primeiro movimento diferente de distribuicao,processos_29-07-2026.CSV,1200
0001916-48.2025.5.12.0062,PRIMEIRO_MOVIMENTO_NAO_DISTRIBUICAO,Primeiro movimento diferente de distribuicao,processos_30-07-2026.CSV,648
0001917-74.2025.5.12.0016,PRIMEIRO_MOVIMENTO_NAO_DISTRIBUICAO,Primeiro movimento diferente de distribuicao,processos_28-07-2026.CSV,369
0001922-54.2025.5.12.0030,PRIMEIRO_MOVIMENTO_NAO_DISTRIBUICAO,Primeiro movimento diferente de distribuicao,processos_28-07-2026.CSV,1257
0001924-39.2025.5.12.0025,PRIMEIRO_MOVIMENTO_NAO_DISTRIBUICAO,Primeiro movimento diferente de distribuicao,processos_29-07-2026.CSV,1124
0001927-24.2025.5.12.0015,PRIMEIRO_MOVIMENTO_NAO_DISTRIBUICAO,Primeiro movimento diferente de distribuicao,processos_31-07-2026.CSV,248
0001928-62.2025.5.12.0062,PRIMEIRO_MOVIMENTO_NAO_DISTRIBUICAO,Primeiro movimento diferente de distribuicao,processos_30-07-2026.CSV,304
0001931-94.2025.5.12.0004,PRIMEIRO_MOVIMENTO_NAO_DISTRIBUICAO,Primeiro movimento diferente de distribuicao,processos_29-07-2026.CSV,1250
0001933-98.2025.5.12.0025,PRIMEIRO_MOVIMENTO_NAO_DISTRIBUICAO,Primeiro movimento diferente de distribuicao,processos_29-07-2026.CSV,827
0001935-68.2025.5.12.0025,PRIMEIRO_MOVIMENTO_NAO_DISTRIBUICAO,Primeiro movimento diferente de distribuicao,processos_30-07-2026.CSV,509
0001939-12.2025.5.12.0056,PRIMEIRO_MOVIMENTO_NAO_DISTRIBUICAO,Primeiro movimento diferente de distribuicao,processos_29-07-2026.CSV,859
0001941-60.2025.5.12.0030,PRIMEIRO_MOVIMENTO_NAO_DISTRIBUICAO,Primeiro movimento diferente de distribuicao,processos_28-07-2026.CSV,1115
0001943-49.2025.5.12.0056,PRIMEIRO_MOVIMENTO_NAO_DISTRIBUICAO,Primeiro movimento diferente de distribuicao,processos_28-07-2026.CSV,899
0001944-86.2024.5.12.0050,PRIMEIRO_MOVIMENTO_NAO_DISTRIBUICAO,Primeiro movimento diferente de distribuicao,processos_28-07-2026.CSV,1581
0001945-19.2025.5.12.0056,PRIMEIRO_MOVIMENTO_NAO_DISTRIBUICAO,Primeiro movimento diferente de distribuicao,processos_30-07-2026.CSV,1084
0001946-63.2025.5.12.0004,PRIMEIRO_MOVIMENTO_NAO_DISTRIBUICAO,Primeiro movimento diferente de distribuicao,processos_29-07-2026.CSV,1219
0001947-86.2025.5.12.0056,PRIMEIRO_MOVIMENTO_NAO_DISTRIBUICAO,Primeiro movimento diferente de distribuicao,processos_29-07-2026.CSV,719
0001948-71.2025.5.12.0056,PRIMEIRO_MOVIMENTO_NAO_DISTRIBUICAO,Primeiro movimento diferente de distribuicao,processos_29-07-2026.CSV,666
0001949-56.2025.5.12.0056,PRIMEIRO_MOVIMENTO_NAO_DISTRIBUICAO,Primeiro movimento diferente de distribuicao,processos_29-07-2026.CSV,992
0001949-86.2024.5.12.0025,PRIMEIRO_MOVIMENTO_NAO_DISTRIBUICAO,Primeiro movimento diferente de distribuicao,processos_29-07-2026.CSV,1149
0001950-23.2025.5.12.0062,PRIMEIRO_MOVIMENTO_NAO_DISTRIBUICAO,Primeiro movimento diferente de distribuicao,processos_30-07-2026.CSV,377
0001951-08.2025.5.12.0062,PRIMEIRO_MOVIMENTO_NAO_DISTRIBUICAO,Primeiro movimento diferente de distribuicao,processos_29-07-2026.CSV,33
0001954-78.2025.5.12.0056,PRIMEIRO_MOVIMENTO_NAO_DISTRIBUICAO,Primeiro movimento diferente de distribuicao,processos_29-07-2026.CSV,878
0001956-29.2025.5.12.0030,PRIMEIRO_MOVIMENTO_NAO_DISTRIBUICAO,Primeiro movimento diferente de distribuicao,processos_28-07-2026.CSV,1061
0001956-30.2025.5.12.0062,PRIMEIRO_MOVIMENTO_NAO_DISTRIBUICAO,Primeiro movimento diferente de distribuicao,processos_30-07-2026.CSV,945
0001957-15.2025.5.12.0062,PRIMEIRO_MOVIMENTO_NAO_DISTRIBUICAO,Primeiro movimento diferente de distribuicao,processos_30-07-2026.CSV,318
0001957-63.2024.5.12.0025,PRIMEIRO_MOVIMENTO_NAO_DISTRIBUICAO,Primeiro movimento diferente de distribuicao,processos_29-07-2026.CSV,1071
0001958-97.2025.5.12.0062,PRIMEIRO_MOVIMENTO_NAO_DISTRIBUICAO,Primeiro movimento diferente de distribuicao,processos_30-07-2026.CSV,270
0001959-03.2025.5.12.0056,PRIMEIRO_MOVIMENTO_NAO_DISTRIBUICAO,Primeiro movimento diferente de distribuicao,processos_29-07-2026.CSV,853
0001960-06.2025.5.12.0050,PRIMEIRO_MOVIMENTO_NAO_DISTRIBUICAO,Primeiro movimento diferente de distribuicao,processos_28-07-2026.CSV,1281
0001963-22.2025.5.12.0062,PRIMEIRO_MOVIMENTO_NAO_DISTRIBUICAO,Primeiro movimento diferente de distribuicao,processos_30-07-2026.CSV,364
0001965-57.2025.5.12.0008,PRIMEIRO_MOVIMENTO_NAO_DISTRIBUICAO,Primeiro movimento diferente de distribuicao,processos_30-07-2026.CSV,98
0001965-89.2025.5.12.0062,PRIMEIRO_MOVIMENTO_NAO_DISTRIBUICAO,Primeiro movimento diferente de distribuicao,processos_28-07-2026.CSV,165
0001967-74.2025.5.12.0057,PRIMEIRO_MOVIMENTO_NAO_DISTRIBUICAO,Primeiro movimento diferente de distribuicao,processos_30-07-2026.CSV,1151
0001969-70.2025.5.12.0016,PRIMEIRO_MOVIMENTO_NAO_DISTRIBUICAO,Primeiro movimento diferente de distribuicao,processos_28-07-2026.CSV,196
0001970-14.2025.5.12.0062,PRIMEIRO_MOVIMENTO_NAO_DISTRIBUICAO,Primeiro movimento diferente de distribuicao,processos_29-07-2026.CSV,786
0001972-81.2025.5.12.0062,PRIMEIRO_MOVIMENTO_NAO_DISTRIBUICAO,Primeiro movimento diferente de distribuicao,processos_30-07-2026.CSV,535
0001973-66.2025.5.12.0062,PRIMEIRO_MOVIMENTO_NAO_DISTRIBUICAO,Primeiro movimento diferente de distribuicao,processos_29-07-2026.CSV,1058
0001977-24.2025.5.12.0056,PRIMEIRO_MOVIMENTO_NAO_DISTRIBUICAO,Primeiro movimento diferente de distribuicao,processos_29-07-2026.CSV,1000
0001979-73.2025.5.12.0062,PRIMEIRO_MOVIMENTO_NAO_DISTRIBUICAO,Primeiro movimento diferente de distribuicao,processos_29-07-2026.CSV,467
0001981-61.2025.5.12.0056,PRIMEIRO_MOVIMENTO_NAO_DISTRIBUICAO,Primeiro movimento diferente de distribuicao,processos_31-07-2026.CSV,483
0001982-28.2025.5.12.0062,PRIMEIRO_MOVIMENTO_NAO_DISTRIBUICAO,Primeiro movimento diferente de distribuicao,processos_29-07-2026.CSV,949
0001983-13.2025.5.12.0062,PRIMEIRO_MOVIMENTO_NAO_DISTRIBUICAO,Primeiro movimento diferente de distribuicao,processos_28-07-2026.CSV,282
0001983-27.2025.5.12.0025,PRIMEIRO_MOVIMENTO_NAO_DISTRIBUICAO,Primeiro movimento diferente de distribuicao,processos_30-07-2026.CSV,476
0001984-12.2025.5.12.0025,PRIMEIRO_MOVIMENTO_NAO_DISTRIBUICAO,Primeiro movimento diferente de distribuicao,processos_30-07-2026.CSV,482
0001984-95.2025.5.12.0062,PRIMEIRO_MOVIMENTO_NAO_DISTRIBUICAO,Primeiro movimento diferente de distribuicao,processos_29-07-2026.CSV,261
0001985-79.2025.5.12.0030,PRIMEIRO_MOVIMENTO_NAO_DISTRIBUICAO,Primeiro movimento diferente de distribuicao,processos_28-07-2026.CSV,1124
0001985-80.2025.5.12.0062,PRIMEIRO_MOVIMENTO_NAO_DISTRIBUICAO,Primeiro movimento diferente de distribuicao,processos_29-07-2026.CSV,31
0001988-53.2025.5.12.0056,PRIMEIRO_MOVIMENTO_NAO_DISTRIBUICAO,Primeiro movimento diferente de distribuicao,processos_29-07-2026.CSV,669
0001991-96.2025.5.12.0059,PRIMEIRO_MOVIMENTO_NAO_DISTRIBUICAO,Primeiro movimento diferente de distribuicao,processos_28-07-2026.CSV,1504
0001992-28.2025.5.12.0012,PRIMEIRO_MOVIMENTO_NAO_DISTRIBUICAO,Primeiro movimento diferente de distribuicao,processos_30-07-2026.CSV,151
0001997-94.2025.5.12.0062,PRIMEIRO_MOVIMENTO_NAO_DISTRIBUICAO,Primeiro movimento diferente de distribuicao,processos_30-07-2026.CSV,685
0002001-52.2025.5.12.0056,PRIMEIRO_MOVIMENTO_NAO_DISTRIBUICAO,Primeiro movimento diferente de distribuicao,processos_30-07-2026.CSV,1128
0002003-04.2025.5.12.0062,PRIMEIRO_MOVIMENTO_NAO_DISTRIBUICAO,Primeiro movimento diferente de distribuicao,processos_30-07-2026.CSV,395
0002004-07.2025.5.12.0056,PRIMEIRO_MOVIMENTO_NAO_DISTRIBUICAO,Primeiro movimento diferente de distribuicao,processos_30-07-2026.CSV,1210
0002005-71.2025.5.12.0062,PRIMEIRO_MOVIMENTO_NAO_DISTRIBUICAO,Primeiro movimento diferente de distribuicao,processos_30-07-2026.CSV,952
0002006-56.2025.5.12.0062,PRIMEIRO_MOVIMENTO_NAO_DISTRIBUICAO,Primeiro movimento diferente de distribuicao,processos_29-07-2026.CSV,804
0002006-74.2025.5.12.0056,PRIMEIRO_MOVIMENTO_NAO_DISTRIBUICAO,Primeiro movimento diferente de distribuicao,processos_29-07-2026.CSV,769
0002009-11.2025.5.12.0062,PRIMEIRO_MOVIMENTO_NAO_DISTRIBUICAO,Primeiro movimento diferente de distribuicao,processos_29-07-2026.CSV,321
0002009-16.2025.5.12.0028,PRIMEIRO_MOVIMENTO_NAO_DISTRIBUICAO,Primeiro movimento diferente de distribuicao,processos_28-07-2026.CSV,483
0002011-78.2025.5.12.0062,PRIMEIRO_MOVIMENTO_NAO_DISTRIBUICAO,Primeiro movimento diferente de distribuicao,processos_28-07-2026.CSV,293
0002013-48.2025.5.12.0062,PRIMEIRO_MOVIMENTO_NAO_DISTRIBUICAO,Primeiro movimento diferente de distribuicao,processos_30-07-2026.CSV,687
0002014-13.2025.5.12.0004,PRIMEIRO_MOVIMENTO_NAO_DISTRIBUICAO,Primeiro movimento diferente de distribuicao,processos_30-07-2026.CSV,566
0002015-36.2025.5.12.0056,PRIMEIRO_MOVIMENTO_NAO_DISTRIBUICAO,Primeiro movimento diferente de distribuicao,processos_30-07-2026.CSV,1097
0002016-21.2025.5.12.0056,PRIMEIRO_MOVIMENTO_NAO_DISTRIBUICAO,Primeiro movimento diferente de distribuicao,processos_29-07-2026.CSV,1086
0002018-75.2025.5.12.0028,PRIMEIRO_MOVIMENTO_NAO_DISTRIBUICAO,Primeiro movimento diferente de distribuicao,processos_28-07-2026.CSV,528
0002019-55.2025.5.12.0062,PRIMEIRO_MOVIMENTO_NAO_DISTRIBUICAO,Primeiro movimento diferente de distribuicao,processos_28-07-2026.CSV,681
0002019-73.2025.5.12.0056,PRIMEIRO_MOVIMENTO_NAO_DISTRIBUICAO,Primeiro movimento diferente de distribuicao,processos_28-07-2026.CSV,925
0002020-40.2025.5.12.0062,PRIMEIRO_MOVIMENTO_NAO_DISTRIBUICAO,Primeiro movimento diferente de distribuicao,processos_29-07-2026.CSV,951
0002021-39.2025.5.12.0025,PRIMEIRO_MOVIMENTO_NAO_DISTRIBUICAO,Primeiro movimento diferente de distribuicao,processos_30-07-2026.CSV,1049
0002022-10.2025.5.12.0062,PRIMEIRO_MOVIMENTO_NAO_DISTRIBUICAO,Primeiro movimento diferente de distribuicao,processos_28-07-2026.CSV,291
0002022-28.2025.5.12.0056,PRIMEIRO_MOVIMENTO_NAO_DISTRIBUICAO,Primeiro movimento diferente de distribuicao,processos_30-07-2026.CSV,1239
0002023-92.2025.5.12.0062,PRIMEIRO_MOVIMENTO_NAO_DISTRIBUICAO,Primeiro movimento diferente de distribuicao,processos_30-07-2026.CSV,406
0002024-95.2025.5.12.0056,PRIMEIRO_MOVIMENTO_NAO_DISTRIBUICAO,Primeiro movimento diferente de distribuicao,processos_29-07-2026.CSV,1109
0002025-62.2025.5.12.0062,PRIMEIRO_MOVIMENTO_NAO_DISTRIBUICAO,Primeiro movimento diferente de distribuicao,processos_29-07-2026.CSV,266
0002025-80.2025.5.12.0056,PRIMEIRO_MOVIMENTO_NAO_DISTRIBUICAO,Primeiro movimento diferente de distribuicao,processos_31-07-2026.CSV,472
0002026-65.2025.5.12.0056,PRIMEIRO_MOVIMENTO_NAO_DISTRIBUICAO,Primeiro movimento diferente de distribuicao,processos_29-07-2026.CSV,1189
0002029-20.2025.5.12.0056,PRIMEIRO_MOVIMENTO_NAO_DISTRIBUICAO,Primeiro movimento diferente de distribuicao,processos_29-07-2026.CSV,873
0002030-05.2025.5.12.0056,PRIMEIRO_MOVIMENTO_NAO_DISTRIBUICAO,Primeiro movimento diferente de distribuicao,processos_29-07-2026.CSV,1167
0002031-68.2025.5.12.0030,PRIMEIRO_MOVIMENTO_NAO_DISTRIBUICAO,Primeiro movimento diferente de distribuicao,processos_28-07-2026.CSV,1029
0002032-68.2025.5.12.0025,PRIMEIRO_MOVIMENTO_NAO_DISTRIBUICAO,Primeiro movimento diferente de distribuicao,processos_29-07-2026.CSV,888
0002033-39.2025.5.12.0062,PRIMEIRO_MOVIMENTO_NAO_DISTRIBUICAO,Primeiro movimento diferente de distribuicao,processos_30-07-2026.CSV,281
0002034-38.2025.5.12.0025,PRIMEIRO_MOVIMENTO_NAO_DISTRIBUICAO,Primeiro movimento diferente de distribuicao,processos_30-07-2026.CSV,1110
0002035-09.2025.5.12.0062,PRIMEIRO_MOVIMENTO_NAO_DISTRIBUICAO,Primeiro movimento diferente de distribuicao,processos_29-07-2026.CSV,395
0002038-61.2025.5.12.0062,PRIMEIRO_MOVIMENTO_NAO_DISTRIBUICAO,Primeiro movimento diferente de distribuicao,processos_30-07-2026.CSV,821
0002039-46.2025.5.12.0062,PRIMEIRO_MOVIMENTO_NAO_DISTRIBUICAO,Primeiro movimento diferente de distribuicao,processos_30-07-2026.CSV,696
0002039-87.2025.5.12.0016,PRIMEIRO_MOVIMENTO_NAO_DISTRIBUICAO,Primeiro movimento diferente de distribuicao,processos_28-07-2026.CSV,846
0002041-57.2025.5.12.0016,PRIMEIRO_MOVIMENTO_NAO_DISTRIBUICAO,Primeiro movimento diferente de distribuicao,processos_29-07-2026.CSV,237
0002044-48.2025.5.12.0004,PRIMEIRO_MOVIMENTO_NAO_DISTRIBUICAO,Primeiro movimento diferente de distribuicao,processos_30-07-2026.CSV,552
0002044-82.2025.5.12.0025,PRIMEIRO_MOVIMENTO_NAO_DISTRIBUICAO,Primeiro movimento diferente de distribuicao,processos_30-07-2026.CSV,895
0002045-71.2025.5.12.0056,PRIMEIRO_MOVIMENTO_NAO_DISTRIBUICAO,Primeiro movimento diferente de distribuicao,processos_30-07-2026.CSV,19
0002048-08.2025.5.12.0062,PRIMEIRO_MOVIMENTO_NAO_DISTRIBUICAO,Primeiro movimento diferente de distribuicao,processos_29-07-2026.CSV,253
0002049-70.2025.5.12.0004,PRIMEIRO_MOVIMENTO_NAO_DISTRIBUICAO,Primeiro movimento diferente de distribuicao,processos_30-07-2026.CSV,578
0002053-29.2025.5.12.0030,PRIMEIRO_MOVIMENTO_NAO_DISTRIBUICAO,Primeiro movimento diferente de distribuicao,processos_28-07-2026.CSV,280
0002053-39.2025.5.12.0059,PRIMEIRO_MOVIMENTO_NAO_DISTRIBUICAO,Primeiro movimento diferente de distribuicao,processos_15-07-2026.CSV,155
0002054-15.2025.5.12.0062,PRIMEIRO_MOVIMENTO_NAO_DISTRIBUICAO,Primeiro movimento diferente de distribuicao,processos_28-07-2026.CSV,288
0002054-33.2025.5.12.0056,PRIMEIRO_MOVIMENTO_NAO_DISTRIBUICAO,Primeiro movimento diferente de distribuicao,processos_29-07-2026.CSV,895
0002056-03.2025.5.12.0056,PRIMEIRO_MOVIMENTO_NAO_DISTRIBUICAO,Primeiro movimento diferente de distribuicao,processos_31-07-2026.CSV,560
0002057-67.2025.5.12.0062,PRIMEIRO_MOVIMENTO_NAO_DISTRIBUICAO,Primeiro movimento diferente de distribuicao,processos_30-07-2026.CSV,966
0002058-70.2025.5.12.0056,PRIMEIRO_MOVIMENTO_NAO_DISTRIBUICAO,Primeiro movimento diferente de distribuicao,processos_29-07-2026.CSV,758
0002061-25.2025.5.12.0056,PRIMEIRO_MOVIMENTO_NAO_DISTRIBUICAO,Primeiro movimento diferente de distribuicao,processos_29-07-2026.CSV,711
0002061-43.2025.5.12.0050,PRIMEIRO_MOVIMENTO_NAO_DISTRIBUICAO,Primeiro movimento diferente de distribuicao,processos_28-07-2026.CSV,1345
0002062-10.2025.5.12.0056,PRIMEIRO_MOVIMENTO_NAO_DISTRIBUICAO,Primeiro movimento diferente de distribuicao,processos_29-07-2026.CSV,1118
0002062-89.2025.5.12.0062,PRIMEIRO_MOVIMENTO_NAO_DISTRIBUICAO,Primeiro movimento diferente de distribuicao,processos_30-07-2026.CSV,383
0002063-13.2025.5.12.0050,PRIMEIRO_MOVIMENTO_NAO_DISTRIBUICAO,Primeiro movimento diferente de distribuicao,processos_28-07-2026.CSV,1405
0002064-59.2025.5.12.0062,PRIMEIRO_MOVIMENTO_NAO_DISTRIBUICAO,Primeiro movimento diferente de distribuicao,processos_29-07-2026.CSV,915
0002065-49.2025.5.12.0028,PRIMEIRO_MOVIMENTO_NAO_DISTRIBUICAO,Primeiro movimento diferente de distribuicao,processos_28-07-2026.CSV,501
0002065-62.2025.5.12.0056,PRIMEIRO_MOVIMENTO_NAO_DISTRIBUICAO,Primeiro movimento diferente de distribuicao,processos_29-07-2026.CSV,737
0002067-14.2025.5.12.0062,PRIMEIRO_MOVIMENTO_NAO_DISTRIBUICAO,Primeiro movimento diferente de distribuicao,processos_28-07-2026.CSV,285
0002067-91.2025.5.12.0004,PRIMEIRO_MOVIMENTO_NAO_DISTRIBUICAO,Primeiro movimento diferente de distribuicao,processos_30-07-2026.CSV,563
0002070-66.2025.5.12.0062,PRIMEIRO_MOVIMENTO_NAO_DISTRIBUICAO,Primeiro movimento diferente de distribuicao,processos_30-07-2026.CSV,327
0002070-84.2025.5.12.0056,PRIMEIRO_MOVIMENTO_NAO_DISTRIBUICAO,Primeiro movimento diferente de distribuicao,processos_30-07-2026.CSV,887
0002071-51.2025.5.12.0062,PRIMEIRO_MOVIMENTO_NAO_DISTRIBUICAO,Primeiro movimento diferente de distribuicao,processos_30-07-2026.CSV,397
0002074-06.2025.5.12.0062,PRIMEIRO_MOVIMENTO_NAO_DISTRIBUICAO,Primeiro movimento diferente de distribuicao,processos_29-07-2026.CSV,289
0002075-09.2025.5.12.0056,PRIMEIRO_MOVIMENTO_NAO_DISTRIBUICAO,Primeiro movimento diferente de distribuicao,processos_29-07-2026.CSV,981
0002077-76.2025.5.12.0056,PRIMEIRO_MOVIMENTO_NAO_DISTRIBUICAO,Primeiro movimento diferente de distribuicao,processos_31-07-2026.CSV,203
0002079-46.2025.5.12.0056,PRIMEIRO_MOVIMENTO_NAO_DISTRIBUICAO,Primeiro movimento diferente de distribuicao,processos_30-07-2026.CSV,993
0002080-54.2025.5.12.0016,PRIMEIRO_MOVIMENTO_NAO_DISTRIBUICAO,Primeiro movimento diferente de distribuicao,processos_29-07-2026.CSV,118
0002081-95.2025.5.12.0062,PRIMEIRO_MOVIMENTO_NAO_DISTRIBUICAO,Primeiro movimento diferente de distribuicao,processos_29-07-2026.CSV,249
0002084-50.2025.5.12.0062,PRIMEIRO_MOVIMENTO_NAO_DISTRIBUICAO,Primeiro movimento diferente de distribuicao,processos_29-07-2026.CSV,1048
0002085-76.2025.5.12.0016,PRIMEIRO_MOVIMENTO_NAO_DISTRIBUICAO,Primeiro movimento diferente de distribuicao,processos_28-07-2026.CSV,838
0002086-38.2025.5.12.0056,PRIMEIRO_MOVIMENTO_NAO_DISTRIBUICAO,Primeiro movimento diferente de distribuicao,processos_31-07-2026.CSV,617
0002087-05.2025.5.12.0062,PRIMEIRO_MOVIMENTO_NAO_DISTRIBUICAO,Primeiro movimento diferente de distribuicao,processos_29-07-2026.CSV,167
0002088-08.2025.5.12.0056,PRIMEIRO_MOVIMENTO_NAO_DISTRIBUICAO,Primeiro movimento diferente de distribuicao,processos_31-07-2026.CSV,691
0002089-90.2025.5.12.0056,PRIMEIRO_MOVIMENTO_NAO_DISTRIBUICAO,Primeiro movimento diferente de distribuicao,processos_31-07-2026.CSV,505
0002090-71.2025.5.12.0025,PRIMEIRO_MOVIMENTO_NAO_DISTRIBUICAO,Primeiro movimento diferente de distribuicao,processos_30-07-2026.CSV,446
0002093-30.2025.5.12.0056,PRIMEIRO_MOVIMENTO_NAO_DISTRIBUICAO,Primeiro movimento diferente de distribuicao,processos_30-07-2026.CSV,1558
0002094-15.2025.5.12.0056,PRIMEIRO_MOVIMENTO_NAO_DISTRIBUICAO,Primeiro movimento diferente de distribuicao,processos_29-07-2026.CSV,257
0002094-33.2025.5.12.0050,PRIMEIRO_MOVIMENTO_NAO_DISTRIBUICAO,Primeiro movimento diferente de distribuicao,processos_28-07-2026.CSV,1130
0002098-52.2025.5.12.0056,PRIMEIRO_MOVIMENTO_NAO_DISTRIBUICAO,Primeiro movimento diferente de distribuicao,processos_29-07-2026.CSV,364
0002099-19.2025.5.12.0062,PRIMEIRO_MOVIMENTO_NAO_DISTRIBUICAO,Primeiro movimento diferente de distribuicao,processos_30-07-2026.CSV,713
0002100-03.2025.5.12.0030,PRIMEIRO_MOVIMENTO_NAO_DISTRIBUICAO,Primeiro movimento diferente de distribuicao,processos_28-07-2026.CSV,748
0002101-07.2025.5.12.0056,PRIMEIRO_MOVIMENTO_NAO_DISTRIBUICAO,Primeiro movimento diferente de distribuicao,processos_30-07-2026.CSV,1111
0002105-26.2025.5.12.0062,PRIMEIRO_MOVIMENTO_NAO_DISTRIBUICAO,Primeiro movimento diferente de distribuicao,processos_30-07-2026.CSV,644
0002106-29.2025.5.12.0056,PRIMEIRO_MOVIMENTO_NAO_DISTRIBUICAO,Primeiro movimento diferente de distribuicao,processos_31-07-2026.CSV,627
0002106-52.2025.5.12.0016,PRIMEIRO_MOVIMENTO_NAO_DISTRIBUICAO,Primeiro movimento diferente de distribuicao,processos_28-07-2026.CSV,1023
0002108-96.2025.5.12.0056,PRIMEIRO_MOVIMENTO_NAO_DISTRIBUICAO,Primeiro movimento diferente de distribuicao,processos_31-07-2026.CSV,584
0002109-81.2025.5.12.0056,PRIMEIRO_MOVIMENTO_NAO_DISTRIBUICAO,Primeiro movimento diferente de distribuicao,processos_31-07-2026.CSV,204
0002110-48.2025.5.12.0062,PRIMEIRO_MOVIMENTO_NAO_DISTRIBUICAO,Primeiro movimento diferente de distribuicao,processos_29-07-2026.CSV,431
0002110-66.2025.5.12.0056,PRIMEIRO_MOVIMENTO_NAO_DISTRIBUICAO,Primeiro movimento diferente de distribuicao,processos_30-07-2026.CSV,1147
0002112-32.2025.5.12.0025,PRIMEIRO_MOVIMENTO_NAO_DISTRIBUICAO,Primeiro movimento diferente de distribuicao,processos_29-07-2026.CSV,714
0002113-08.2025.5.12.0028,PRIMEIRO_MOVIMENTO_NAO_DISTRIBUICAO,Primeiro movimento diferente de distribuicao,processos_28-07-2026.CSV,481
0002113-17.2025.5.12.0025,PRIMEIRO_MOVIMENTO_NAO_DISTRIBUICAO,Primeiro movimento diferente de distribuicao,processos_29-07-2026.CSV,1079
0002114-02.2025.5.12.0025,PRIMEIRO_MOVIMENTO_NAO_DISTRIBUICAO,Primeiro movimento diferente de distribuicao,processos_29-07-2026.CSV,707
0002114-90.2025.5.12.0028,PRIMEIRO_MOVIMENTO_NAO_DISTRIBUICAO,Primeiro movimento diferente de distribuicao,processos_28-07-2026.CSV,467
0002115-70.2025.5.12.0062,PRIMEIRO_MOVIMENTO_NAO_DISTRIBUICAO,Primeiro movimento diferente de distribuicao,processos_30-07-2026.CSV,411
0002116-69.2025.5.12.0025,PRIMEIRO_MOVIMENTO_NAO_DISTRIBUICAO,Primeiro movimento diferente de distribuicao,processos_30-07-2026.CSV,1036
0002117-58.2025.5.12.0056,PRIMEIRO_MOVIMENTO_NAO_DISTRIBUICAO,Primeiro movimento diferente de distribuicao,processos_30-07-2026.CSV,943
0002118-25.2025.5.12.0062,PRIMEIRO_MOVIMENTO_NAO_DISTRIBUICAO,Primeiro movimento diferente de distribuicao,processos_30-07-2026.CSV,400
0002122-42.2025.5.12.0004,PRIMEIRO_MOVIMENTO_NAO_DISTRIBUICAO,Primeiro movimento diferente de distribuicao,processos_30-07-2026.CSV,555
0002124-12.2025.5.12.0004,PRIMEIRO_MOVIMENTO_NAO_DISTRIBUICAO,Primeiro movimento diferente de distribuicao,processos_30-07-2026.CSV,615
0002125-16.2025.5.12.0030,PRIMEIRO_MOVIMENTO_NAO_DISTRIBUICAO,Primeiro movimento diferente de distribuicao,processos_28-07-2026.CSV,1140
0002127-23.2025.5.12.0050,PRIMEIRO_MOVIMENTO_NAO_DISTRIBUICAO,Primeiro movimento diferente de distribuicao,processos_28-07-2026.CSV,1382
0002127-98.2025.5.12.0025,PRIMEIRO_MOVIMENTO_NAO_DISTRIBUICAO,Primeiro movimento diferente de distribuicao,processos_30-07-2026.CSV,805
0002131-24.2025.5.12.0062,PRIMEIRO_MOVIMENTO_NAO_DISTRIBUICAO,Primeiro movimento diferente de distribuicao,processos_30-07-2026.CSV,925
0002131-42.2025.5.12.0056,PRIMEIRO_MOVIMENTO_NAO_DISTRIBUICAO,Primeiro movimento diferente de distribuicao,processos_31-07-2026.CSV,182
0002134-94.2025.5.12.0056,PRIMEIRO_MOVIMENTO_NAO_DISTRIBUICAO,Primeiro movimento diferente de distribuicao,processos_29-07-2026.CSV,683
0002135-75.2025.5.12.0025,PRIMEIRO_MOVIMENTO_NAO_DISTRIBUICAO,Primeiro movimento diferente de distribuicao,processos_29-07-2026.CSV,682
0002137-72.2025.5.12.0016,PRIMEIRO_MOVIMENTO_NAO_DISTRIBUICAO,Primeiro movimento diferente de distribuicao,processos_28-07-2026.CSV,549
0002138-34.2025.5.12.0056,PRIMEIRO_MOVIMENTO_NAO_DISTRIBUICAO,Primeiro movimento diferente de distribuicao,processos_30-07-2026.CSV,1205
0002138-52.2025.5.12.0050,PRIMEIRO_MOVIMENTO_NAO_DISTRIBUICAO,Primeiro movimento diferente de distribuicao,processos_28-07-2026.CSV,1310
0002141-73.2025.5.12.0028,PRIMEIRO_MOVIMENTO_NAO_DISTRIBUICAO,Primeiro movimento diferente de distribuicao,processos_28-07-2026.CSV,570
0002142-71.2025.5.12.0056,PRIMEIRO_MOVIMENTO_NAO_DISTRIBUICAO,Primeiro movimento diferente de distribuicao,processos_31-07-2026.CSV,700
0002145-08.2025.5.12.0062,PRIMEIRO_MOVIMENTO_NAO_DISTRIBUICAO,Primeiro movimento diferente de distribuicao,processos_30-07-2026.CSV,707
0002153-03.2025.5.12.0056,PRIMEIRO_MOVIMENTO_NAO_DISTRIBUICAO,Primeiro movimento diferente de distribuicao,processos_31-07-2026.CSV,167
0002153-82.2025.5.12.0062,PRIMEIRO_MOVIMENTO_NAO_DISTRIBUICAO,Primeiro movimento diferente de distribuicao,processos_29-07-2026.CSV,422
0002154-04.2024.5.12.0062,PRIMEIRO_MOVIMENTO_NAO_DISTRIBUICAO,Primeiro movimento diferente de distribuicao,processos_29-07-2026.CSV,849
0002155-57.2025.5.12.0028,PRIMEIRO_MOVIMENTO_NAO_DISTRIBUICAO,Primeiro movimento diferente de distribuicao,processos_28-07-2026.CSV,607
0002155-70.2025.5.12.0056,PRIMEIRO_MOVIMENTO_NAO_DISTRIBUICAO,Primeiro movimento diferente de distribuicao,processos_28-07-2026.CSV,1224
0002158-07.2025.5.12.0062,PRIMEIRO_MOVIMENTO_NAO_DISTRIBUICAO,Primeiro movimento diferente de distribuicao,processos_30-07-2026.CSV,1018
0002159-10.2025.5.12.0056,PRIMEIRO_MOVIMENTO_NAO_DISTRIBUICAO,Primeiro movimento diferente de distribuicao,processos_30-07-2026.CSV,1088
0002160-74.2025.5.12.0062,PRIMEIRO_MOVIMENTO_NAO_DISTRIBUICAO,Primeiro movimento diferente de distribuicao,processos_29-07-2026.CSV,41
0002161-59.2025.5.12.0062,PRIMEIRO_MOVIMENTO_NAO_DISTRIBUICAO,Primeiro movimento diferente de distribuicao,processos_29-07-2026.CSV,305
0002162-62.2025.5.12.0056,PRIMEIRO_MOVIMENTO_NAO_DISTRIBUICAO,Primeiro movimento diferente de distribuicao,processos_29-07-2026.CSV,811
0002164-28.2025.5.12.0025,PRIMEIRO_MOVIMENTO_NAO_DISTRIBUICAO,Primeiro movimento diferente de distribuicao,processos_30-07-2026.CSV,1068
0002166-02.2025.5.12.0056,PRIMEIRO_MOVIMENTO_NAO_DISTRIBUICAO,Primeiro movimento diferente de distribuicao,processos_30-07-2026.CSV,870
0002167-66.2025.5.12.0062,PRIMEIRO_MOVIMENTO_NAO_DISTRIBUICAO,Primeiro movimento diferente de distribuicao,processos_30-07-2026.CSV,991
0002168-51.2025.5.12.0062,PRIMEIRO_MOVIMENTO_NAO_DISTRIBUICAO,Primeiro movimento diferente de distribuicao,processos_30-07-2026.CSV,928
0002168-92.2025.5.12.0016,PRIMEIRO_MOVIMENTO_NAO_DISTRIBUICAO,Primeiro movimento diferente de distribuicao,processos_28-07-2026.CSV,250
0002170-57.2025.5.12.0050,PRIMEIRO_MOVIMENTO_NAO_DISTRIBUICAO,Primeiro movimento diferente de distribuicao,processos_28-07-2026.CSV,1374
0002176-28.2025.5.12.0062,PRIMEIRO_MOVIMENTO_NAO_DISTRIBUICAO,Primeiro movimento diferente de distribuicao,processos_30-07-2026.CSV,719
0002176-46.2025.5.12.0056,PRIMEIRO_MOVIMENTO_NAO_DISTRIBUICAO,Primeiro movimento diferente de distribuicao,processos_30-07-2026.CSV,1291
0002177-13.2025.5.12.0062,PRIMEIRO_MOVIMENTO_NAO_DISTRIBUICAO,Primeiro movimento diferente de distribuicao,processos_29-07-2026.CSV,398
0002178-12.2025.5.12.0025,PRIMEIRO_MOVIMENTO_NAO_DISTRIBUICAO,Primeiro movimento diferente de distribuicao,processos_30-07-2026.CSV,924
0002179-94.2025.5.12.0025,PRIMEIRO_MOVIMENTO_NAO_DISTRIBUICAO,Primeiro movimento diferente de distribuicao,processos_30-07-2026.CSV,828
0002180-64.2025.5.12.0030,PRIMEIRO_MOVIMENTO_NAO_DISTRIBUICAO,Primeiro movimento diferente de distribuicao,processos_28-07-2026.CSV,1040
0002181-64.2025.5.12.0025,PRIMEIRO_MOVIMENTO_NAO_DISTRIBUICAO,Primeiro movimento diferente de distribuicao,processos_29-07-2026.CSV,701
0002182-49.2025.5.12.0025,PRIMEIRO_MOVIMENTO_NAO_DISTRIBUICAO,Primeiro movimento diferente de distribuicao,processos_30-07-2026.CSV,1076
0002185-67.2025.5.12.0004,PRIMEIRO_MOVIMENTO_NAO_DISTRIBUICAO,Primeiro movimento diferente de distribuicao,processos_29-07-2026.CSV,1240
0002187-98.2025.5.12.0016,PRIMEIRO_MOVIMENTO_NAO_DISTRIBUICAO,Primeiro movimento diferente de distribuicao,processos_28-07-2026.CSV,823
0002189-41.2025.5.12.0025,PRIMEIRO_MOVIMENTO_NAO_DISTRIBUICAO,Primeiro movimento diferente de distribuicao,processos_29-07-2026.CSV,649
0002191-15.2025.5.12.0056,PRIMEIRO_MOVIMENTO_NAO_DISTRIBUICAO,Primeiro movimento diferente de distribuicao,processos_30-07-2026.CSV,1114
0002191-94.2025.5.12.0062,PRIMEIRO_MOVIMENTO_NAO_DISTRIBUICAO,Primeiro movimento diferente de distribuicao,processos_29-07-2026.CSV,461
0002192-59.2025.5.12.0004,PRIMEIRO_MOVIMENTO_NAO_DISTRIBUICAO,Primeiro movimento diferente de distribuicao,processos_29-07-2026.CSV,1236
0002193-63.2025.5.12.0030,PRIMEIRO_MOVIMENTO_NAO_DISTRIBUICAO,Primeiro movimento diferente de distribuicao,processos_28-07-2026.CSV,1181
0002193-69.2025.5.12.0028,PRIMEIRO_MOVIMENTO_NAO_DISTRIBUICAO,Primeiro movimento diferente de distribuicao,processos_28-07-2026.CSV,565
0002194-90.2025.5.12.0016,PRIMEIRO_MOVIMENTO_NAO_DISTRIBUICAO,Primeiro movimento diferente de distribuicao,processos_28-07-2026.CSV,903
0002195-34.2025.5.12.0062,PRIMEIRO_MOVIMENTO_NAO_DISTRIBUICAO,Primeiro movimento diferente de distribuicao,processos_29-07-2026.CSV,465
0002195-52.2025.5.12.0056,PRIMEIRO_MOVIMENTO_NAO_DISTRIBUICAO,Primeiro movimento diferente de distribuicao,processos_30-07-2026.CSV,1090
0002196-33.2025.5.12.0025,PRIMEIRO_MOVIMENTO_NAO_DISTRIBUICAO,Primeiro movimento diferente de distribuicao,processos_30-07-2026.CSV,1269
0002197-22.2025.5.12.0056,PRIMEIRO_MOVIMENTO_NAO_DISTRIBUICAO,Primeiro movimento diferente de distribuicao,processos_30-07-2026.CSV,1553
0002197-45.2025.5.12.0016,PRIMEIRO_MOVIMENTO_NAO_DISTRIBUICAO,Primeiro movimento diferente de distribuicao,processos_28-07-2026.CSV,1168
0002198-91.2025.5.12.0028,PRIMEIRO_MOVIMENTO_NAO_DISTRIBUICAO,Primeiro movimento diferente de distribuicao,processos_28-07-2026.CSV,638
0002199-85.2025.5.12.0025,PRIMEIRO_MOVIMENTO_NAO_DISTRIBUICAO,Primeiro movimento diferente de distribuicao,processos_30-07-2026.CSV,463
0002200-74.2025.5.12.0056,PRIMEIRO_MOVIMENTO_NAO_DISTRIBUICAO,Primeiro movimento diferente de distribuicao,processos_31-07-2026.CSV,671
0002201-40.2025.5.12.0030,PRIMEIRO_MOVIMENTO_NAO_DISTRIBUICAO,Primeiro movimento diferente de distribuicao,processos_28-07-2026.CSV,1273
0002202-44.2025.5.12.0056,PRIMEIRO_MOVIMENTO_NAO_DISTRIBUICAO,Primeiro movimento diferente de distribuicao,processos_30-07-2026.CSV,1214
0002203-29.2025.5.12.0056,PRIMEIRO_MOVIMENTO_NAO_DISTRIBUICAO,Primeiro movimento diferente de distribuicao,processos_30-07-2026.CSV,1247
0002204-32.2025.5.12.0050,PRIMEIRO_MOVIMENTO_NAO_DISTRIBUICAO,Primeiro movimento diferente de distribuicao,processos_28-07-2026.CSV,1330
0002205-92.2025.5.12.0025,PRIMEIRO_MOVIMENTO_NAO_DISTRIBUICAO,Primeiro movimento diferente de distribuicao,processos_30-07-2026.CSV,1091
0002211-85.2025.5.12.0062,PRIMEIRO_MOVIMENTO_NAO_DISTRIBUICAO,Primeiro movimento diferente de distribuicao,processos_29-07-2026.CSV,806
0002212-88.2025.5.12.0056,PRIMEIRO_MOVIMENTO_NAO_DISTRIBUICAO,Primeiro movimento diferente de distribuicao,processos_29-07-2026.CSV,680
0002214-45.2025.5.12.0028,PRIMEIRO_MOVIMENTO_NAO_DISTRIBUICAO,Primeiro movimento diferente de distribuicao,processos_28-07-2026.CSV,611
0002214-58.2025.5.12.0056,PRIMEIRO_MOVIMENTO_NAO_DISTRIBUICAO,Primeiro movimento diferente de distribuicao,processos_30-07-2026.CSV,1044
0002215-25.2025.5.12.0062,PRIMEIRO_MOVIMENTO_NAO_DISTRIBUICAO,Primeiro movimento diferente de distribuicao,processos_30-07-2026.CSV,681
0002215-66.2025.5.12.0016,PRIMEIRO_MOVIMENTO_NAO_DISTRIBUICAO,Primeiro movimento diferente de distribuicao,processos_28-07-2026.CSV,163
0002216-51.2025.5.12.0016,PRIMEIRO_MOVIMENTO_NAO_DISTRIBUICAO,Primeiro movimento diferente de distribuicao,processos_28-07-2026.CSV,183
0002217-92.2025.5.12.0062,PRIMEIRO_MOVIMENTO_NAO_DISTRIBUICAO,Primeiro movimento diferente de distribuicao,processos_29-07-2026.CSV,978
0002218-23.2024.5.12.0059,PRIMEIRO_MOVIMENTO_NAO_DISTRIBUICAO,Primeiro movimento diferente de distribuicao,processos_28-07-2026.CSV,1402
0002219-62.2025.5.12.0062,PRIMEIRO_MOVIMENTO_NAO_DISTRIBUICAO,Primeiro movimento diferente de distribuicao,processos_30-07-2026.CSV,647
0002221-32.2025.5.12.0062,PRIMEIRO_MOVIMENTO_NAO_DISTRIBUICAO,Primeiro movimento diferente de distribuicao,processos_30-07-2026.CSV,413
0002221-46.2025.5.12.0025,PRIMEIRO_MOVIMENTO_NAO_DISTRIBUICAO,Primeiro movimento diferente de distribuicao,processos_30-07-2026.CSV,1233
0002223-02.2025.5.12.0062,PRIMEIRO_MOVIMENTO_NAO_DISTRIBUICAO,Primeiro movimento diferente de distribuicao,processos_29-07-2026.CSV,290
0002224-28.2025.5.12.0016,PRIMEIRO_MOVIMENTO_NAO_DISTRIBUICAO,Primeiro movimento diferente de distribuicao,processos_28-07-2026.CSV,784
0002226-90.2025.5.12.0050,PRIMEIRO_MOVIMENTO_NAO_DISTRIBUICAO,Primeiro movimento diferente de distribuicao,processos_28-07-2026.CSV,1558
0002228-04.2025.5.12.0004,PRIMEIRO_MOVIMENTO_NAO_DISTRIBUICAO,Primeiro movimento diferente de distribuicao,processos_29-07-2026.CSV,1212
0002228-24.2025.5.12.0062,PRIMEIRO_MOVIMENTO_NAO_DISTRIBUICAO,Primeiro movimento diferente de distribuicao,processos_29-07-2026.CSV,401
0002230-91.2025.5.12.0062,PRIMEIRO_MOVIMENTO_NAO_DISTRIBUICAO,Primeiro movimento diferente de distribuicao,processos_30-07-2026.CSV,527
0002233-98.2024.5.12.0056,PRIMEIRO_MOVIMENTO_NAO_DISTRIBUICAO,Primeiro movimento diferente de distribuicao,processos_29-07-2026.CSV,864
0002234-45.2025.5.12.0025,PRIMEIRO_MOVIMENTO_NAO_DISTRIBUICAO,Primeiro movimento diferente de distribuicao,processos_30-07-2026.CSV,439
0002236-15.2025.5.12.0025,PRIMEIRO_MOVIMENTO_NAO_DISTRIBUICAO,Primeiro movimento diferente de distribuicao,processos_29-07-2026.CSV,1107
0002237-04.2025.5.12.0056,PRIMEIRO_MOVIMENTO_NAO_DISTRIBUICAO,Primeiro movimento diferente de distribuicao,processos_30-07-2026.CSV,1138
0002237-82.2025.5.12.0030,PRIMEIRO_MOVIMENTO_NAO_DISTRIBUICAO,Primeiro movimento diferente de distribuicao,processos_28-07-2026.CSV,732
0002238-07.2025.5.12.0050,PRIMEIRO_MOVIMENTO_NAO_DISTRIBUICAO,Primeiro movimento diferente de distribuicao,processos_28-07-2026.CSV,1546
0002238-86.2025.5.12.0056,PRIMEIRO_MOVIMENTO_NAO_DISTRIBUICAO,Primeiro movimento diferente de distribuicao,processos_31-07-2026.CSV,640
0002239-71.2025.5.12.0056,PRIMEIRO_MOVIMENTO_NAO_DISTRIBUICAO,Primeiro movimento diferente de distribuicao,processos_31-07-2026.CSV,135
0002240-43.2025.5.12.0028,PRIMEIRO_MOVIMENTO_NAO_DISTRIBUICAO,Primeiro movimento diferente de distribuicao,processos_28-07-2026.CSV,648
0002242-22.2025.5.12.0025,PRIMEIRO_MOVIMENTO_NAO_DISTRIBUICAO,Primeiro movimento diferente de distribuicao,processos_30-07-2026.CSV,825
0002243-07.2025.5.12.0025,PRIMEIRO_MOVIMENTO_NAO_DISTRIBUICAO,Primeiro movimento diferente de distribuicao,processos_29-07-2026.CSV,934
0002244-55.2025.5.12.0004,PRIMEIRO_MOVIMENTO_NAO_DISTRIBUICAO,Primeiro movimento diferente de distribuicao,processos_28-07-2026.CSV,1178
0002251-67.2025.5.12.0062,PRIMEIRO_MOVIMENTO_NAO_DISTRIBUICAO,Primeiro movimento diferente de distribuicao,processos_29-07-2026.CSV,425
0002261-28.2025.5.12.0025,PRIMEIRO_MOVIMENTO_NAO_DISTRIBUICAO,Primeiro movimento diferente de distribuicao,processos_29-07-2026.CSV,1021
0002263-25.2025.5.12.0016,PRIMEIRO_MOVIMENTO_NAO_DISTRIBUICAO,Primeiro movimento diferente de distribuicao,processos_28-07-2026.CSV,194
0002264-05.2025.5.12.0050,PRIMEIRO_MOVIMENTO_NAO_DISTRIBUICAO,Primeiro movimento diferente de distribuicao,processos_28-07-2026.CSV,1353
0002266-41.2025.5.12.0028,PRIMEIRO_MOVIMENTO_NAO_DISTRIBUICAO,Primeiro movimento diferente de distribuicao,processos_28-07-2026.CSV,485
0002268-47.2025.5.12.0016,PRIMEIRO_MOVIMENTO_NAO_DISTRIBUICAO,Primeiro movimento diferente de distribuicao,processos_28-07-2026.CSV,192
0002269-32.2025.5.12.0016,PRIMEIRO_MOVIMENTO_NAO_DISTRIBUICAO,Primeiro movimento diferente de distribuicao,processos_28-07-2026.CSV,452
0002273-08.2025.5.12.0004,PRIMEIRO_MOVIMENTO_NAO_DISTRIBUICAO,Primeiro movimento diferente de distribuicao,processos_29-07-2026.CSV,1218
0002275-03.2025.5.12.0028,PRIMEIRO_MOVIMENTO_NAO_DISTRIBUICAO,Primeiro movimento diferente de distribuicao,processos_28-07-2026.CSV,448
0002277-04.2025.5.12.0050,PRIMEIRO_MOVIMENTO_NAO_DISTRIBUICAO,Primeiro movimento diferente de distribuicao,processos_29-07-2026.CSV,1226
0002278-49.2025.5.12.0030,PRIMEIRO_MOVIMENTO_NAO_DISTRIBUICAO,Primeiro movimento diferente de distribuicao,processos_28-07-2026.CSV,1077
0002279-15.2025.5.12.0004,PRIMEIRO_MOVIMENTO_NAO_DISTRIBUICAO,Primeiro movimento diferente de distribuicao,processos_29-07-2026.CSV,1262
0002279-76.2025.5.12.0016,PRIMEIRO_MOVIMENTO_NAO_DISTRIBUICAO,Primeiro movimento diferente de distribuicao,processos_28-07-2026.CSV,168
0002281-23.2025.5.12.0056,PRIMEIRO_MOVIMENTO_NAO_DISTRIBUICAO,Primeiro movimento diferente de distribuicao,processos_28-07-2026.CSV,1266
0002283-74.2024.5.12.0008,PRIMEIRO_MOVIMENTO_NAO_DISTRIBUICAO,Primeiro movimento diferente de distribuicao,processos_30-07-2026.CSV,76
0002284-62.2025.5.12.0028,PRIMEIRO_MOVIMENTO_NAO_DISTRIBUICAO,Primeiro movimento diferente de distribuicao,processos_28-07-2026.CSV,1051
0002285-86.2025.5.12.0015,PRIMEIRO_MOVIMENTO_NAO_DISTRIBUICAO,Primeiro movimento diferente de distribuicao,processos_31-07-2026.CSV,349
0002288-15.2025.5.12.0056,PRIMEIRO_MOVIMENTO_NAO_DISTRIBUICAO,Primeiro movimento diferente de distribuicao,processos_29-07-2026.CSV,960
0002290-19.2024.5.12.0056,PRIMEIRO_MOVIMENTO_NAO_DISTRIBUICAO,Primeiro movimento diferente de distribuicao,processos_29-07-2026.CSV,247
0002292-02.2025.5.12.0008,PRIMEIRO_MOVIMENTO_NAO_DISTRIBUICAO,Primeiro movimento diferente de distribuicao,processos_30-07-2026.CSV,101
0002292-14.2025.5.12.0004,PRIMEIRO_MOVIMENTO_NAO_DISTRIBUICAO,Primeiro movimento diferente de distribuicao,processos_29-07-2026.CSV,1222
0002294-45.2025.5.12.0016,PRIMEIRO_MOVIMENTO_NAO_DISTRIBUICAO,Primeiro movimento diferente de distribuicao,processos_28-07-2026.CSV,917
0002295-91.2025.5.12.0028,PRIMEIRO_MOVIMENTO_NAO_DISTRIBUICAO,Primeiro movimento diferente de distribuicao,processos_28-07-2026.CSV,654
0002301-10.2025.5.12.0025,PRIMEIRO_MOVIMENTO_NAO_DISTRIBUICAO,Primeiro movimento diferente de distribuicao,processos_29-07-2026.CSV,1188
0002306-36.2025.5.12.0056,PRIMEIRO_MOVIMENTO_NAO_DISTRIBUICAO,Primeiro movimento diferente de distribuicao,processos_31-07-2026.CSV,579
0002307-21.2025.5.12.0056,PRIMEIRO_MOVIMENTO_NAO_DISTRIBUICAO,Primeiro movimento diferente de distribuicao,processos_30-07-2026.CSV,1540
0002309-14.2025.5.12.0016,PRIMEIRO_MOVIMENTO_NAO_DISTRIBUICAO,Primeiro movimento diferente de distribuicao,processos_28-07-2026.CSV,835
0002310-96.2025.5.12.0016,PRIMEIRO_MOVIMENTO_NAO_DISTRIBUICAO,Primeiro movimento diferente de distribuicao,processos_28-07-2026.CSV,1047
0002311-40.2025.5.12.0062,PRIMEIRO_MOVIMENTO_NAO_DISTRIBUICAO,Primeiro movimento diferente de distribuicao,processos_29-07-2026.CSV,303
0002315-95.2025.5.12.0056,PRIMEIRO_MOVIMENTO_NAO_DISTRIBUICAO,Primeiro movimento diferente de distribuicao,processos_28-07-2026.CSV,1213
0002321-84.2025.5.12.0062,PRIMEIRO_MOVIMENTO_NAO_DISTRIBUICAO,Primeiro movimento diferente de distribuicao,processos_29-07-2026.CSV,846
0002327-30.2025.5.12.0050,PRIMEIRO_MOVIMENTO_NAO_DISTRIBUICAO,Primeiro movimento diferente de distribuicao,processos_28-07-2026.CSV,1494
0002330-60.2025.5.12.0025,PRIMEIRO_MOVIMENTO_NAO_DISTRIBUICAO,Primeiro movimento diferente de distribuicao,processos_30-07-2026.CSV,1153
0002330-87.2025.5.12.0016,PRIMEIRO_MOVIMENTO_NAO_DISTRIBUICAO,Primeiro movimento diferente de distribuicao,processos_28-07-2026.CSV,1095
0002331-31.2025.5.12.0062,PRIMEIRO_MOVIMENTO_NAO_DISTRIBUICAO,Primeiro movimento diferente de distribuicao,processos_30-07-2026.CSV,918
0002331-36.2025.5.12.0028,PRIMEIRO_MOVIMENTO_NAO_DISTRIBUICAO,Primeiro movimento diferente de distribuicao,processos_28-07-2026.CSV,584
0002332-21.2025.5.12.0028,PRIMEIRO_MOVIMENTO_NAO_DISTRIBUICAO,Primeiro movimento diferente de distribuicao,processos_28-07-2026.CSV,487
0002334-88.2025.5.12.0028,PRIMEIRO_MOVIMENTO_NAO_DISTRIBUICAO,Primeiro movimento diferente de distribuicao,processos_28-07-2026.CSV,601
0002335-07.2025.5.12.0050,PRIMEIRO_MOVIMENTO_NAO_DISTRIBUICAO,Primeiro movimento diferente de distribuicao,processos_28-07-2026.CSV,1577
0002337-79.2025.5.12.0016,PRIMEIRO_MOVIMENTO_NAO_DISTRIBUICAO,Primeiro movimento diferente de distribuicao,processos_29-07-2026.CSV,251
0002338-64.2025.5.12.0016,PRIMEIRO_MOVIMENTO_NAO_DISTRIBUICAO,Primeiro movimento diferente de distribuicao,processos_28-07-2026.CSV,901
0002339-22.2025.5.12.0025,PRIMEIRO_MOVIMENTO_NAO_DISTRIBUICAO,Primeiro movimento diferente de distribuicao,processos_29-07-2026.CSV,1038
0002340-07.2025.5.12.0025,PRIMEIRO_MOVIMENTO_NAO_DISTRIBUICAO,Primeiro movimento diferente de distribuicao,processos_30-07-2026.CSV,1173
0002340-95.2025.5.12.0028,PRIMEIRO_MOVIMENTO_NAO_DISTRIBUICAO,Primeiro movimento diferente de distribuicao,processos_28-07-2026.CSV,642
0002341-19.2025.5.12.0016,PRIMEIRO_MOVIMENTO_NAO_DISTRIBUICAO,Primeiro movimento diferente de distribuicao,processos_28-07-2026.CSV,423
0002342-78.2025.5.12.0056,PRIMEIRO_MOVIMENTO_NAO_DISTRIBUICAO,Primeiro movimento diferente de distribuicao,processos_30-07-2026.CSV,1368
0002343-44.2025.5.12.0030,PRIMEIRO_MOVIMENTO_NAO_DISTRIBUICAO,Primeiro movimento diferente de distribuicao,processos_28-07-2026.CSV,1228
0002343-59.2025.5.12.0025,PRIMEIRO_MOVIMENTO_NAO_DISTRIBUICAO,Primeiro movimento diferente de distribuicao,processos_30-07-2026.CSV,1374
0002343-63.2025.5.12.0056,PRIMEIRO_MOVIMENTO_NAO_DISTRIBUICAO,Primeiro movimento diferente de distribuicao,processos_31-07-2026.CSV,517
0002344-30.2025.5.12.0062,PRIMEIRO_MOVIMENTO_NAO_DISTRIBUICAO,Primeiro movimento diferente de distribuicao,processos_30-07-2026.CSV,1008
0002344-48.2025.5.12.0056,PRIMEIRO_MOVIMENTO_NAO_DISTRIBUICAO,Primeiro movimento diferente de distribuicao,processos_31-07-2026.CSV,423
0002345-33.2025.5.12.0056,PRIMEIRO_MOVIMENTO_NAO_DISTRIBUICAO,Primeiro movimento diferente de distribuicao,processos_31-07-2026.CSV,535
0002349-70.2025.5.12.0056,PRIMEIRO_MOVIMENTO_NAO_DISTRIBUICAO,Primeiro movimento diferente de distribuicao,processos_31-07-2026.CSV,161
0002351-40.2025.5.12.0056,PRIMEIRO_MOVIMENTO_NAO_DISTRIBUICAO,Primeiro movimento diferente de distribuicao,processos_31-07-2026.CSV,183
0002354-74.2025.5.12.0062,PRIMEIRO_MOVIMENTO_NAO_DISTRIBUICAO,Primeiro movimento diferente de distribuicao,processos_30-07-2026.CSV,701
0002359-13.2025.5.12.0025,PRIMEIRO_MOVIMENTO_NAO_DISTRIBUICAO,Primeiro movimento diferente de distribuicao,processos_30-07-2026.CSV,523
0002360-95.2025.5.12.0025,PRIMEIRO_MOVIMENTO_NAO_DISTRIBUICAO,Primeiro movimento diferente de distribuicao,processos_29-07-2026.CSV,717
0002361-34.2025.5.12.0008,PRIMEIRO_MOVIMENTO_NAO_DISTRIBUICAO,Primeiro movimento diferente de distribuicao,processos_30-07-2026.CSV,165
0002364-35.2025.5.12.0025,PRIMEIRO_MOVIMENTO_NAO_DISTRIBUICAO,Primeiro movimento diferente de distribuicao,processos_30-07-2026.CSV,441
0002366-32.2025.5.12.0016,PRIMEIRO_MOVIMENTO_NAO_DISTRIBUICAO,Primeiro movimento diferente de distribuicao,processos_28-07-2026.CSV,864
0002367-41.2025.5.12.0008,PRIMEIRO_MOVIMENTO_NAO_DISTRIBUICAO,Primeiro movimento diferente de distribuicao,processos_30-07-2026.CSV,112
0002369-11.2025.5.12.0008,PRIMEIRO_MOVIMENTO_NAO_DISTRIBUICAO,Primeiro movimento diferente de distribuicao,processos_30-07-2026.CSV,145
0002373-60.2025.5.12.0004,PRIMEIRO_MOVIMENTO_NAO_DISTRIBUICAO,Primeiro movimento diferente de distribuicao,processos_29-07-2026.CSV,1252
0002377-64.2025.5.12.0015,PRIMEIRO_MOVIMENTO_NAO_DISTRIBUICAO,Primeiro movimento diferente de distribuicao,processos_28-07-2026.CSV,1217
0002381-98.2025.5.12.0016,PRIMEIRO_MOVIMENTO_NAO_DISTRIBUICAO,Primeiro movimento diferente de distribuicao,processos_29-07-2026.CSV,132
0002383-92.2025.5.12.0008,PRIMEIRO_MOVIMENTO_NAO_DISTRIBUICAO,Primeiro movimento diferente de distribuicao,processos_30-07-2026.CSV,99
0002387-64.2025.5.12.0062,PRIMEIRO_MOVIMENTO_NAO_DISTRIBUICAO,Primeiro movimento diferente de distribuicao,processos_30-07-2026.CSV,404
0002387-82.2025.5.12.0056,PRIMEIRO_MOVIMENTO_NAO_DISTRIBUICAO,Primeiro movimento diferente de distribuicao,processos_31-07-2026.CSV,192
0002388-63.2025.5.12.0025,PRIMEIRO_MOVIMENTO_NAO_DISTRIBUICAO,Primeiro movimento diferente de distribuicao,processos_30-07-2026.CSV,468
0002389-14.2025.5.12.0004,PRIMEIRO_MOVIMENTO_NAO_DISTRIBUICAO,Primeiro movimento diferente de distribuicao,processos_30-07-2026.CSV,568
0002389-52.2025.5.12.0056,PRIMEIRO_MOVIMENTO_NAO_DISTRIBUICAO,Primeiro movimento diferente de distribuicao,processos_30-07-2026.CSV,1163
0002390-24.2025.5.12.0028,PRIMEIRO_MOVIMENTO_NAO_DISTRIBUICAO,Primeiro movimento diferente de distribuicao,processos_28-07-2026.CSV,637
0002391-45.2025.5.12.0016,PRIMEIRO_MOVIMENTO_NAO_DISTRIBUICAO,Primeiro movimento diferente de distribuicao,processos_29-07-2026.CSV,126
0002392-03.2025.5.12.0025,PRIMEIRO_MOVIMENTO_NAO_DISTRIBUICAO,Primeiro movimento diferente de distribuicao,processos_30-07-2026.CSV,1280
0002394-70.2025.5.12.0025,PRIMEIRO_MOVIMENTO_NAO_DISTRIBUICAO,Primeiro movimento diferente de distribuicao,processos_29-07-2026.CSV,738
0002396-44.2025.5.12.0056,PRIMEIRO_MOVIMENTO_NAO_DISTRIBUICAO,Primeiro movimento diferente de distribuicao,processos_30-07-2026.CSV,1215
0002397-11.2025.5.12.0062,PRIMEIRO_MOVIMENTO_NAO_DISTRIBUICAO,Primeiro movimento diferente de distribuicao,processos_28-07-2026.CSV,237
0002398-93.2025.5.12.0062,PRIMEIRO_MOVIMENTO_NAO_DISTRIBUICAO,Primeiro movimento diferente de distribuicao,processos_29-07-2026.CSV,463
0002399-96.2025.5.12.0056,PRIMEIRO_MOVIMENTO_NAO_DISTRIBUICAO,Primeiro movimento diferente de distribuicao,processos_30-07-2026.CSV,1547
0002404-03.2025.5.12.0062,PRIMEIRO_MOVIMENTO_NAO_DISTRIBUICAO,Primeiro movimento diferente de distribuicao,processos_29-07-2026.CSV,71
0002404-44.2025.5.12.0016,PRIMEIRO_MOVIMENTO_NAO_DISTRIBUICAO,Primeiro movimento diferente de distribuicao,processos_29-07-2026.CSV,217
0002410-54.2025.5.12.0015,PRIMEIRO_MOVIMENTO_NAO_DISTRIBUICAO,Primeiro movimento diferente de distribuicao,processos_31-07-2026.CSV,437
0002411-13.2025.5.12.0056,PRIMEIRO_MOVIMENTO_NAO_DISTRIBUICAO,Primeiro movimento diferente de distribuicao,processos_30-07-2026.CSV,1148
0002417-16.2025.5.12.0025,PRIMEIRO_MOVIMENTO_NAO_DISTRIBUICAO,Primeiro movimento diferente de distribuicao,processos_29-07-2026.CSV,1027
0002417-67.2025.5.12.0008,PRIMEIRO_MOVIMENTO_NAO_DISTRIBUICAO,Primeiro movimento diferente de distribuicao,processos_30-07-2026.CSV,186
0002418-21.2024.5.12.0062,PRIMEIRO_MOVIMENTO_NAO_DISTRIBUICAO,Primeiro movimento diferente de distribuicao,processos_29-07-2026.CSV,56
0002418-83.2025.5.12.0030,PRIMEIRO_MOVIMENTO_NAO_DISTRIBUICAO,Primeiro movimento diferente de distribuicao,processos_28-07-2026.CSV,1043
0002422-65.2025.5.12.0016,PRIMEIRO_MOVIMENTO_NAO_DISTRIBUICAO,Primeiro movimento diferente de distribuicao,processos_28-07-2026.CSV,552
0002423-08.2025.5.12.0030,PRIMEIRO_MOVIMENTO_NAO_DISTRIBUICAO,Primeiro movimento diferente de distribuicao,processos_28-07-2026.CSV,1105
0002424-08.2025.5.12.0025,PRIMEIRO_MOVIMENTO_NAO_DISTRIBUICAO,Primeiro movimento diferente de distribuicao,processos_29-07-2026.CSV,799
0002434-56.2025.5.12.0056,PRIMEIRO_MOVIMENTO_NAO_DISTRIBUICAO,Primeiro movimento diferente de distribuicao,processos_29-07-2026.CSV,1179
0002435-28.2025.5.12.0028,PRIMEIRO_MOVIMENTO_NAO_DISTRIBUICAO,Primeiro movimento diferente de distribuicao,processos_28-07-2026.CSV,538
0002438-80.2025.5.12.0028,PRIMEIRO_MOVIMENTO_NAO_DISTRIBUICAO,Primeiro movimento diferente de distribuicao,processos_28-07-2026.CSV,480
0002444-81.2025.5.12.0030,PRIMEIRO_MOVIMENTO_NAO_DISTRIBUICAO,Primeiro movimento diferente de distribuicao,processos_28-07-2026.CSV,1065
0002445-85.2025.5.12.0056,PRIMEIRO_MOVIMENTO_NAO_DISTRIBUICAO,Primeiro movimento diferente de distribuicao,processos_30-07-2026.CSV,1098
0002446-66.2025.5.12.0025,PRIMEIRO_MOVIMENTO_NAO_DISTRIBUICAO,Primeiro movimento diferente de distribuicao,processos_29-07-2026.CSV,818
0002451-92.2025.5.12.0056,PRIMEIRO_MOVIMENTO_NAO_DISTRIBUICAO,Primeiro movimento diferente de distribuicao,processos_30-07-2026.CSV,1292
0002455-62.2024.5.12.0025,PRIMEIRO_MOVIMENTO_NAO_DISTRIBUICAO,Primeiro movimento diferente de distribuicao,processos_29-07-2026.CSV,882
0002459-19.2025.5.12.0008,PRIMEIRO_MOVIMENTO_NAO_DISTRIBUICAO,Primeiro movimento diferente de distribuicao,processos_30-07-2026.CSV,216
0002460-84.2024.5.12.0025,PRIMEIRO_MOVIMENTO_NAO_DISTRIBUICAO,Primeiro movimento diferente de distribuicao,processos_30-07-2026.CSV,488
0002463-34.2024.5.12.0059,PRIMEIRO_MOVIMENTO_NAO_DISTRIBUICAO,Primeiro movimento diferente de distribuicao,processos_28-07-2026.CSV,1603
0002463-68.2025.5.12.0004,PRIMEIRO_MOVIMENTO_NAO_DISTRIBUICAO,Primeiro movimento diferente de distribuicao,processos_29-07-2026.CSV,1029
0002465-57.2025.5.12.0030,PRIMEIRO_MOVIMENTO_NAO_DISTRIBUICAO,Primeiro movimento diferente de distribuicao,processos_28-07-2026.CSV,1072
0002466-57.2025.5.12.0025,PRIMEIRO_MOVIMENTO_NAO_DISTRIBUICAO,Primeiro movimento diferente de distribuicao,processos_30-07-2026.CSV,1300
0002473-78.2024.5.12.0059,PRIMEIRO_MOVIMENTO_NAO_DISTRIBUICAO,Primeiro movimento diferente de distribuicao,processos_28-07-2026.CSV,1579
0002475-23.2025.5.12.0056,PRIMEIRO_MOVIMENTO_NAO_DISTRIBUICAO,Primeiro movimento diferente de distribuicao,processos_28-07-2026.CSV,1202
0002476-31.2025.5.12.0016,PRIMEIRO_MOVIMENTO_NAO_DISTRIBUICAO,Primeiro movimento diferente de distribuicao,processos_28-07-2026.CSV,539
0002480-26.2025.5.12.0030,PRIMEIRO_MOVIMENTO_NAO_DISTRIBUICAO,Primeiro movimento diferente de distribuicao,processos_28-07-2026.CSV,1055
0002481-17.2025.5.12.0028,PRIMEIRO_MOVIMENTO_NAO_DISTRIBUICAO,Primeiro movimento diferente de distribuicao,processos_28-07-2026.CSV,858
0002482-11.2025.5.12.0025,PRIMEIRO_MOVIMENTO_NAO_DISTRIBUICAO,Primeiro movimento diferente de distribuicao,processos_29-07-2026.CSV,764
0002483-93.2025.5.12.0025,PRIMEIRO_MOVIMENTO_NAO_DISTRIBUICAO,Primeiro movimento diferente de distribuicao,processos_30-07-2026.CSV,1339
0002485-54.2025.5.12.0028,PRIMEIRO_MOVIMENTO_NAO_DISTRIBUICAO,Primeiro movimento diferente de distribuicao,processos_28-07-2026.CSV,631
0002488-03.2025.5.12.0030,PRIMEIRO_MOVIMENTO_NAO_DISTRIBUICAO,Primeiro movimento diferente de distribuicao,processos_28-07-2026.CSV,1211
0002489-03.2025.5.12.0025,PRIMEIRO_MOVIMENTO_NAO_DISTRIBUICAO,Primeiro movimento diferente de distribuicao,processos_29-07-2026.CSV,1143
0002489-91.2025.5.12.0028,PRIMEIRO_MOVIMENTO_NAO_DISTRIBUICAO,Primeiro movimento diferente de distribuicao,processos_30-07-2026.CSV,33
0002493-74.2024.5.12.0025,PRIMEIRO_MOVIMENTO_NAO_DISTRIBUICAO,Primeiro movimento diferente de distribuicao,processos_30-07-2026.CSV,1304
0002501-02.2025.5.12.0030,PRIMEIRO_MOVIMENTO_NAO_DISTRIBUICAO,Primeiro movimento diferente de distribuicao,processos_28-07-2026.CSV,741
0002504-91.2025.5.12.0050,PRIMEIRO_MOVIMENTO_NAO_DISTRIBUICAO,Primeiro movimento diferente de distribuicao,processos_28-07-2026.CSV,1338
0002511-88.2025.5.12.0016,PRIMEIRO_MOVIMENTO_NAO_DISTRIBUICAO,Primeiro movimento diferente de distribuicao,processos_28-07-2026.CSV,231
0002515-84.2025.5.12.0062,PRIMEIRO_MOVIMENTO_NAO_DISTRIBUICAO,Primeiro movimento diferente de distribuicao,processos_30-07-2026.CSV,778
0002519-29.2025.5.12.0028,PRIMEIRO_MOVIMENTO_NAO_DISTRIBUICAO,Primeiro movimento diferente de distribuicao,processos_28-07-2026.CSV,625
0002519-60.2025.5.12.0050,PRIMEIRO_MOVIMENTO_NAO_DISTRIBUICAO,Primeiro movimento diferente de distribuicao,processos_28-07-2026.CSV,1515
0002521-96.2025.5.12.0028,PRIMEIRO_MOVIMENTO_NAO_DISTRIBUICAO,Primeiro movimento diferente de distribuicao,processos_28-07-2026.CSV,465
0002522-23.2025.5.12.0015,PRIMEIRO_MOVIMENTO_NAO_DISTRIBUICAO,Primeiro movimento diferente de distribuicao,processos_30-07-2026.CSV,1563
0002524-80.2024.5.12.0062,PRIMEIRO_MOVIMENTO_NAO_DISTRIBUICAO,Primeiro movimento diferente de distribuicao,processos_29-07-2026.CSV,333
0002534-29.2025.5.12.0050,PRIMEIRO_MOVIMENTO_NAO_DISTRIBUICAO,Primeiro movimento diferente de distribuicao,processos_28-07-2026.CSV,1276
0002535-80.2025.5.12.0028,PRIMEIRO_MOVIMENTO_NAO_DISTRIBUICAO,Primeiro movimento diferente de distribuicao,processos_28-07-2026.CSV,410
0002535-89.2025.5.12.0025,PRIMEIRO_MOVIMENTO_NAO_DISTRIBUICAO,Primeiro movimento diferente de distribuicao,processos_30-07-2026.CSV,1379
0002538-66.2025.5.12.0050,PRIMEIRO_MOVIMENTO_NAO_DISTRIBUICAO,Primeiro movimento diferente de distribuicao,processos_28-07-2026.CSV,1295
0002539-33.2025.5.12.0056,PRIMEIRO_MOVIMENTO_NAO_DISTRIBUICAO,Primeiro movimento diferente de distribuicao,processos_28-07-2026.CSV,954
0002543-57.2025.5.12.0028,PRIMEIRO_MOVIMENTO_NAO_DISTRIBUICAO,Primeiro movimento diferente de distribuicao,processos_28-07-2026.CSV,599
0002546-72.2025.5.12.0008,PRIMEIRO_MOVIMENTO_NAO_DISTRIBUICAO,Primeiro movimento diferente de distribuicao,processos_30-07-2026.CSV,88
0002547-36.2025.5.12.0015,PRIMEIRO_MOVIMENTO_NAO_DISTRIBUICAO,Primeiro movimento diferente de distribuicao,processos_31-07-2026.CSV,332
0002548-88.2025.5.12.0025,PRIMEIRO_MOVIMENTO_NAO_DISTRIBUICAO,Primeiro movimento diferente de distribuicao,processos_30-07-2026.CSV,1387
0002549-77.2025.5.12.0056,PRIMEIRO_MOVIMENTO_NAO_DISTRIBUICAO,Primeiro movimento diferente de distribuicao,processos_29-07-2026.CSV,820
0002552-55.2025.5.12.0016,PRIMEIRO_MOVIMENTO_NAO_DISTRIBUICAO,Primeiro movimento diferente de distribuicao,processos_28-07-2026.CSV,489
0002552-91.2025.5.12.0004,PRIMEIRO_MOVIMENTO_NAO_DISTRIBUICAO,Primeiro movimento diferente de distribuicao,processos_30-07-2026.CSV,590
0002554-95.2025.5.12.0025,PRIMEIRO_MOVIMENTO_NAO_DISTRIBUICAO,Primeiro movimento diferente de distribuicao,processos_29-07-2026.CSV,955
0002555-13.2025.5.12.0015,PRIMEIRO_MOVIMENTO_NAO_DISTRIBUICAO,Primeiro movimento diferente de distribuicao,processos_31-07-2026.CSV,350
0002560-09.2025.5.12.0056,PRIMEIRO_MOVIMENTO_NAO_DISTRIBUICAO,Primeiro movimento diferente de distribuicao,processos_28-07-2026.CSV,870
0002560-68.2025.5.12.0004,PRIMEIRO_MOVIMENTO_NAO_DISTRIBUICAO,Primeiro movimento diferente de distribuicao,processos_30-07-2026.CSV,600
0002561-53.2025.5.12.0004,PRIMEIRO_MOVIMENTO_NAO_DISTRIBUICAO,Primeiro movimento diferente de distribuicao,processos_30-07-2026.CSV,633
0002561-91.2025.5.12.0056,PRIMEIRO_MOVIMENTO_NAO_DISTRIBUICAO,Primeiro movimento diferente de distribuicao,processos_31-07-2026.CSV,176
0002562-72.2025.5.12.0025,PRIMEIRO_MOVIMENTO_NAO_DISTRIBUICAO,Primeiro movimento diferente de distribuicao,processos_29-07-2026.CSV,1010
0002563-61.2025.5.12.0056,PRIMEIRO_MOVIMENTO_NAO_DISTRIBUICAO,Primeiro movimento diferente de distribuicao,processos_28-07-2026.CSV,911
0002564-08.2025.5.12.0004,PRIMEIRO_MOVIMENTO_NAO_DISTRIBUICAO,Primeiro movimento diferente de distribuicao,processos_29-07-2026.CSV,1202
0002564-33.2025.5.12.0028,PRIMEIRO_MOVIMENTO_NAO_DISTRIBUICAO,Primeiro movimento diferente de distribuicao,processos_28-07-2026.CSV,545
0002567-94.2025.5.12.0025,PRIMEIRO_MOVIMENTO_NAO_DISTRIBUICAO,Primeiro movimento diferente de distribuicao,processos_29-07-2026.CSV,734
0002570-76.2025.5.12.0016,PRIMEIRO_MOVIMENTO_NAO_DISTRIBUICAO,Primeiro movimento diferente de distribuicao,processos_29-07-2026.CSV,205
0002571-25.2025.5.12.0028,PRIMEIRO_MOVIMENTO_NAO_DISTRIBUICAO,Primeiro movimento diferente de distribuicao,processos_28-07-2026.CSV,623
0002571-54.2024.5.12.0062,PRIMEIRO_MOVIMENTO_NAO_DISTRIBUICAO,Primeiro movimento diferente de distribuicao,processos_29-07-2026.CSV,294
0002572-10.2025.5.12.0028,PRIMEIRO_MOVIMENTO_NAO_DISTRIBUICAO,Primeiro movimento diferente de distribuicao,processos_28-07-2026.CSV,604
0002573-08.2025.5.12.0056,PRIMEIRO_MOVIMENTO_NAO_DISTRIBUICAO,Primeiro movimento diferente de distribuicao,processos_31-07-2026.CSV,207
0002577-41.2025.5.12.0025,PRIMEIRO_MOVIMENTO_NAO_DISTRIBUICAO,Primeiro movimento diferente de distribuicao,processos_29-07-2026.CSV,1023
0002579-02.2025.5.12.0028,PRIMEIRO_MOVIMENTO_NAO_DISTRIBUICAO,Primeiro movimento diferente de distribuicao,processos_28-07-2026.CSV,515
0002580-97.2025.5.12.0056,PRIMEIRO_MOVIMENTO_NAO_DISTRIBUICAO,Primeiro movimento diferente de distribuicao,processos_28-07-2026.CSV,888
0002581-69.2025.5.12.0028,PRIMEIRO_MOVIMENTO_NAO_DISTRIBUICAO,Primeiro movimento diferente de distribuicao,processos_28-07-2026.CSV,514
0002582-17.2025.5.12.0008,PRIMEIRO_MOVIMENTO_NAO_DISTRIBUICAO,Primeiro movimento diferente de distribuicao,processos_30-07-2026.CSV,119
0002582-63.2025.5.12.0025,PRIMEIRO_MOVIMENTO_NAO_DISTRIBUICAO,Primeiro movimento diferente de distribuicao,processos_29-07-2026.CSV,969
0002583-52.2025.5.12.0056,PRIMEIRO_MOVIMENTO_NAO_DISTRIBUICAO,Primeiro movimento diferente de distribuicao,processos_30-07-2026.CSV,1055
0002585-22.2025.5.12.0056,PRIMEIRO_MOVIMENTO_NAO_DISTRIBUICAO,Primeiro movimento diferente de distribuicao,processos_30-07-2026.CSV,921
0002590-31.2025.5.12.0028,PRIMEIRO_MOVIMENTO_NAO_DISTRIBUICAO,Primeiro movimento diferente de distribuicao,processos_28-07-2026.CSV,442
0002590-40.2025.5.12.0025,PRIMEIRO_MOVIMENTO_NAO_DISTRIBUICAO,Primeiro movimento diferente de distribuicao,processos_30-07-2026.CSV,749
0002592-40.2025.5.12.0015,PRIMEIRO_MOVIMENTO_NAO_DISTRIBUICAO,Primeiro movimento diferente de distribuicao,processos_29-07-2026.CSV,1277
0002592-73.2025.5.12.0004,PRIMEIRO_MOVIMENTO_NAO_DISTRIBUICAO,Primeiro movimento diferente de distribuicao,processos_30-07-2026.CSV,621
0002595-84.2025.5.12.0050,PRIMEIRO_MOVIMENTO_NAO_DISTRIBUICAO,Primeiro movimento diferente de distribuicao,processos_28-07-2026.CSV,1423
0002595-89.2025.5.12.0016,PRIMEIRO_MOVIMENTO_NAO_DISTRIBUICAO,Primeiro movimento diferente de distribuicao,processos_28-07-2026.CSV,627
0002597-17.2025.5.12.0030,PRIMEIRO_MOVIMENTO_NAO_DISTRIBUICAO,Primeiro movimento diferente de distribuicao,processos_28-07-2026.CSV,1196
0002603-43.2025.5.12.0056,PRIMEIRO_MOVIMENTO_NAO_DISTRIBUICAO,Primeiro movimento diferente de distribuicao,processos_30-07-2026.CSV,938
0002607-06.2025.5.12.0016,PRIMEIRO_MOVIMENTO_NAO_DISTRIBUICAO,Primeiro movimento diferente de distribuicao,processos_28-07-2026.CSV,1166
0002608-65.2025.5.12.0056,PRIMEIRO_MOVIMENTO_NAO_DISTRIBUICAO,Primeiro movimento diferente de distribuicao,processos_30-07-2026.CSV,1271
0002609-50.2025.5.12.0056,PRIMEIRO_MOVIMENTO_NAO_DISTRIBUICAO,Primeiro movimento diferente de distribuicao,processos_31-07-2026.CSV,164
0002610-35.2025.5.12.0056,PRIMEIRO_MOVIMENTO_NAO_DISTRIBUICAO,Primeiro movimento diferente de distribuicao,processos_30-07-2026.CSV,1281
0002613-13.2025.5.12.0016,PRIMEIRO_MOVIMENTO_NAO_DISTRIBUICAO,Primeiro movimento diferente de distribuicao,processos_28-07-2026.CSV,921
0002617-09.2025.5.12.0062,PRIMEIRO_MOVIMENTO_NAO_DISTRIBUICAO,Primeiro movimento diferente de distribuicao,processos_28-07-2026.CSV,691
0002619-44.2025.5.12.0008,PRIMEIRO_MOVIMENTO_NAO_DISTRIBUICAO,Primeiro movimento diferente de distribuicao,processos_30-07-2026.CSV,193
0002625-88.2025.5.12.0028,PRIMEIRO_MOVIMENTO_NAO_DISTRIBUICAO,Primeiro movimento diferente de distribuicao,processos_28-07-2026.CSV,579
0002626-73.2025.5.12.0028,PRIMEIRO_MOVIMENTO_NAO_DISTRIBUICAO,Primeiro movimento diferente de distribuicao,processos_28-07-2026.CSV,659
0002627-71.2025.5.12.0056,PRIMEIRO_MOVIMENTO_NAO_DISTRIBUICAO,Primeiro movimento diferente de distribuicao,processos_29-07-2026.CSV,656
0002627-94.2025.5.12.0016,PRIMEIRO_MOVIMENTO_NAO_DISTRIBUICAO,Primeiro movimento diferente de distribuicao,processos_28-07-2026.CSV,868
0002628-43.2025.5.12.0028,PRIMEIRO_MOVIMENTO_NAO_DISTRIBUICAO,Primeiro movimento diferente de distribuicao,processos_28-07-2026.CSV,583
0002634-86.2025.5.12.0016,PRIMEIRO_MOVIMENTO_NAO_DISTRIBUICAO,Primeiro movimento diferente de distribuicao,processos_29-07-2026.CSV,135
0002636-33.2025.5.12.0056,PRIMEIRO_MOVIMENTO_NAO_DISTRIBUICAO,Primeiro movimento diferente de distribuicao,processos_31-07-2026.CSV,631
0002647-49.2025.5.12.0028,PRIMEIRO_MOVIMENTO_NAO_DISTRIBUICAO,Primeiro movimento diferente de distribuicao,processos_28-07-2026.CSV,605
0002649-28.2025.5.12.0025,PRIMEIRO_MOVIMENTO_NAO_DISTRIBUICAO,Primeiro movimento diferente de distribuicao,processos_30-07-2026.CSV,1122
0002650-43.2025.5.12.0015,PRIMEIRO_MOVIMENTO_NAO_DISTRIBUICAO,Primeiro movimento diferente de distribuicao,processos_31-07-2026.CSV,307
0002650-96.2025.5.12.0062,PRIMEIRO_MOVIMENTO_NAO_DISTRIBUICAO,Primeiro movimento diferente de distribuicao,processos_29-07-2026.CSV,329
0002651-49.2025.5.12.0008,PRIMEIRO_MOVIMENTO_NAO_DISTRIBUICAO,Primeiro movimento diferente de distribuicao,processos_30-07-2026.CSV,219
0002655-26.2025.5.12.0028,PRIMEIRO_MOVIMENTO_NAO_DISTRIBUICAO,Primeiro movimento diferente de distribuicao,processos_28-07-2026.CSV,531
0002657-09.2025.5.12.0056,PRIMEIRO_MOVIMENTO_NAO_DISTRIBUICAO,Primeiro movimento diferente de distribuicao,processos_29-07-2026.CSV,697
0002658-17.2025.5.12.0016,PRIMEIRO_MOVIMENTO_NAO_DISTRIBUICAO,Primeiro movimento diferente de distribuicao,processos_28-07-2026.CSV,225
0002662-18.2025.5.12.0028,PRIMEIRO_MOVIMENTO_NAO_DISTRIBUICAO,Primeiro movimento diferente de distribuicao,processos_28-07-2026.CSV,455
0002662-31.2025.5.12.0056,PRIMEIRO_MOVIMENTO_NAO_DISTRIBUICAO,Primeiro movimento diferente de distribuicao,processos_30-07-2026.CSV,1195
0002665-33.2025.5.12.0008,PRIMEIRO_MOVIMENTO_NAO_DISTRIBUICAO,Primeiro movimento diferente de distribuicao,processos_30-07-2026.CSV,178
0002665-70.2025.5.12.0028,PRIMEIRO_MOVIMENTO_NAO_DISTRIBUICAO,Primeiro movimento diferente de distribuicao,processos_28-07-2026.CSV,635
0002665-79.2025.5.12.0025,PRIMEIRO_MOVIMENTO_NAO_DISTRIBUICAO,Primeiro movimento diferente de distribuicao,processos_29-07-2026.CSV,1177
0002670-34.2025.5.12.0015,PRIMEIRO_MOVIMENTO_NAO_DISTRIBUICAO,Primeiro movimento diferente de distribuicao,processos_31-07-2026.CSV,796
0002675-12.2025.5.12.0062,PRIMEIRO_MOVIMENTO_NAO_DISTRIBUICAO,Primeiro movimento diferente de distribuicao,processos_29-07-2026.CSV,30
0002679-63.2025.5.12.0025,PRIMEIRO_MOVIMENTO_NAO_DISTRIBUICAO,Primeiro movimento diferente de distribuicao,processos_29-07-2026.CSV,984
0002680-34.2025.5.12.0062,PRIMEIRO_MOVIMENTO_NAO_DISTRIBUICAO,Primeiro movimento diferente de distribuicao,processos_30-07-2026.CSV,370
0002683-03.2025.5.12.0025,PRIMEIRO_MOVIMENTO_NAO_DISTRIBUICAO,Primeiro movimento diferente de distribuicao,processos_30-07-2026.CSV,1388
0002684-39.2025.5.12.0008,PRIMEIRO_MOVIMENTO_NAO_DISTRIBUICAO,Primeiro movimento diferente de distribuicao,processos_30-07-2026.CSV,90
0002686-09.2025.5.12.0008,PRIMEIRO_MOVIMENTO_NAO_DISTRIBUICAO,Primeiro movimento diferente de distribuicao,processos_30-07-2026.CSV,199
0002687-91.2025.5.12.0008,PRIMEIRO_MOVIMENTO_NAO_DISTRIBUICAO,Primeiro movimento diferente de distribuicao,processos_30-07-2026.CSV,226
0002691-81.2025.5.12.0056,PRIMEIRO_MOVIMENTO_NAO_DISTRIBUICAO,Primeiro movimento diferente de distribuicao,processos_30-07-2026.CSV,1064
0002696-06.2025.5.12.0056,PRIMEIRO_MOVIMENTO_NAO_DISTRIBUICAO,Primeiro movimento diferente de distribuicao,processos_29-07-2026.CSV,883
0002701-54.2025.5.12.0015,PRIMEIRO_MOVIMENTO_NAO_DISTRIBUICAO,Primeiro movimento diferente de distribuicao,processos_31-07-2026.CSV,520
0002702-09.2025.5.12.0025,PRIMEIRO_MOVIMENTO_NAO_DISTRIBUICAO,Primeiro movimento diferente de distribuicao,processos_29-07-2026.CSV,695
0002705-15.2025.5.12.0008,PRIMEIRO_MOVIMENTO_NAO_DISTRIBUICAO,Primeiro movimento diferente de distribuicao,processos_30-07-2026.CSV,175
0002719-45.2025.5.12.0025,PRIMEIRO_MOVIMENTO_NAO_DISTRIBUICAO,Primeiro movimento diferente de distribuicao,processos_29-07-2026.CSV,1033
0002720-60.2025.5.12.0015,PRIMEIRO_MOVIMENTO_NAO_DISTRIBUICAO,Primeiro movimento diferente de distribuicao,processos_31-07-2026.CSV,788
0002723-86.2025.5.12.0056,PRIMEIRO_MOVIMENTO_NAO_DISTRIBUICAO,Primeiro movimento diferente de distribuicao,processos_29-07-2026.CSV,942
0002729-93.2025.5.12.0056,PRIMEIRO_MOVIMENTO_NAO_DISTRIBUICAO,Primeiro movimento diferente de distribuicao,processos_30-07-2026.CSV,1077
0002733-59.2025.5.12.0015,PRIMEIRO_MOVIMENTO_NAO_DISTRIBUICAO,Primeiro movimento diferente de distribuicao,processos_30-07-2026.CSV,499
0002738-81.2025.5.12.0015,PRIMEIRO_MOVIMENTO_NAO_DISTRIBUICAO,Primeiro movimento diferente de distribuicao,processos_29-07-2026.CSV,346
0002739-66.2025.5.12.0015,PRIMEIRO_MOVIMENTO_NAO_DISTRIBUICAO,Primeiro movimento diferente de distribuicao,processos_29-07-2026.CSV,351
0002741-06.2025.5.12.0025,PRIMEIRO_MOVIMENTO_NAO_DISTRIBUICAO,Primeiro movimento diferente de distribuicao,processos_29-07-2026.CSV,845
0002744-62.2025.5.12.0056,PRIMEIRO_MOVIMENTO_NAO_DISTRIBUICAO,Primeiro movimento diferente de distribuicao,processos_29-07-2026.CSV,749
0002746-32.2025.5.12.0056,PRIMEIRO_MOVIMENTO_NAO_DISTRIBUICAO,Primeiro movimento diferente de distribuicao,processos_29-07-2026.CSV,1035
0002750-19.2025.5.12.0008,PRIMEIRO_MOVIMENTO_NAO_DISTRIBUICAO,Primeiro movimento diferente de distribuicao,processos_30-07-2026.CSV,211
0002766-23.2025.5.12.0056,PRIMEIRO_MOVIMENTO_NAO_DISTRIBUICAO,Primeiro movimento diferente de distribuicao,processos_30-07-2026.CSV,1187
0002771-71.2025.5.12.0015,PRIMEIRO_MOVIMENTO_NAO_DISTRIBUICAO,Primeiro movimento diferente de distribuicao,processos_31-07-2026.CSV,303
0002791-32.2025.5.12.0025,PRIMEIRO_MOVIMENTO_NAO_DISTRIBUICAO,Primeiro movimento diferente de distribuicao,processos_29-07-2026.CSV,898
0002795-23.2025.5.12.0008,PRIMEIRO_MOVIMENTO_NAO_DISTRIBUICAO,Primeiro movimento diferente de distribuicao,processos_30-07-2026.CSV,242
0002795-69.2025.5.12.0025,PRIMEIRO_MOVIMENTO_NAO_DISTRIBUICAO,Primeiro movimento diferente de distribuicao,processos_30-07-2026.CSV,1172
0002796-54.2025.5.12.0025,PRIMEIRO_MOVIMENTO_NAO_DISTRIBUICAO,Primeiro movimento diferente de distribuicao,processos_30-07-2026.CSV,1166
0002802-65.2025.5.12.0056,PRIMEIRO_MOVIMENTO_NAO_DISTRIBUICAO,Primeiro movimento diferente de distribuicao,processos_30-07-2026.CSV,1249
0002809-83.2025.5.12.0015,PRIMEIRO_MOVIMENTO_NAO_DISTRIBUICAO,Primeiro movimento diferente de distribuicao,processos_29-07-2026.CSV,851
0002810-38.2025.5.12.0025,PRIMEIRO_MOVIMENTO_NAO_DISTRIBUICAO,Primeiro movimento diferente de distribuicao,processos_30-07-2026.CSV,1155
0002811-53.2025.5.12.0015,PRIMEIRO_MOVIMENTO_NAO_DISTRIBUICAO,Primeiro movimento diferente de distribuicao,processos_31-07-2026.CSV,732
0002824-52.2025.5.12.0015,PRIMEIRO_MOVIMENTO_NAO_DISTRIBUICAO,Primeiro movimento diferente de distribuicao,processos_29-07-2026.CSV,751
0002829-74.2025.5.12.0015,PRIMEIRO_MOVIMENTO_NAO_DISTRIBUICAO,Primeiro movimento diferente de distribuicao,processos_31-07-2026.CSV,790
0002831-44.2025.5.12.0015,PRIMEIRO_MOVIMENTO_NAO_DISTRIBUICAO,Primeiro movimento diferente de distribuicao,processos_31-07-2026.CSV,758
0002833-85.2025.5.12.0056,PRIMEIRO_MOVIMENTO_NAO_DISTRIBUICAO,Primeiro movimento diferente de distribuicao,processos_29-07-2026.CSV,688
0002843-79.2025.5.12.0008,PRIMEIRO_MOVIMENTO_NAO_DISTRIBUICAO,Primeiro movimento diferente de distribuicao,processos_30-07-2026.CSV,122
0002846-84.2025.5.12.0056,PRIMEIRO_MOVIMENTO_NAO_DISTRIBUICAO,Primeiro movimento diferente de distribuicao,processos_30-07-2026.CSV,1203
0002848-54.2025.5.12.0056,PRIMEIRO_MOVIMENTO_NAO_DISTRIBUICAO,Primeiro movimento diferente de distribuicao,processos_30-07-2026.CSV,1028
0002850-24.2025.5.12.0056,PRIMEIRO_MOVIMENTO_NAO_DISTRIBUICAO,Primeiro movimento diferente de distribuicao,processos_30-07-2026.CSV,1041
0002854-43.2025.5.12.0062,PRIMEIRO_MOVIMENTO_NAO_DISTRIBUICAO,Primeiro movimento diferente de distribuicao,processos_30-07-2026.CSV,284
0002854-87.2025.5.12.0015,PRIMEIRO_MOVIMENTO_NAO_DISTRIBUICAO,Primeiro movimento diferente de distribuicao,processos_30-07-2026.CSV,1545
0002862-85.2025.5.12.0008,PRIMEIRO_MOVIMENTO_NAO_DISTRIBUICAO,Primeiro movimento diferente de distribuicao,processos_30-07-2026.CSV,205
0002873-93.2025.5.12.0015,PRIMEIRO_MOVIMENTO_NAO_DISTRIBUICAO,Primeiro movimento diferente de distribuicao,processos_31-07-2026.CSV,326
0002885-10.2025.5.12.0015,PRIMEIRO_MOVIMENTO_NAO_DISTRIBUICAO,Primeiro movimento diferente de distribuicao,processos_30-07-2026.CSV,496
0002888-36.2025.5.12.0056,PRIMEIRO_MOVIMENTO_NAO_DISTRIBUICAO,Primeiro movimento diferente de distribuicao,processos_30-07-2026.CSV,1168
0002888-62.2025.5.12.0015,PRIMEIRO_MOVIMENTO_NAO_DISTRIBUICAO,Primeiro movimento diferente de distribuicao,processos_28-07-2026.CSV,1198
0002889-47.2025.5.12.0015,PRIMEIRO_MOVIMENTO_NAO_DISTRIBUICAO,Primeiro movimento diferente de distribuicao,processos_31-07-2026.CSV,374
0002899-91.2025.5.12.0015,PRIMEIRO_MOVIMENTO_NAO_DISTRIBUICAO,Primeiro movimento diferente de distribuicao,processos_29-07-2026.CSV,937
0002902-20.2025.5.12.0056,PRIMEIRO_MOVIMENTO_NAO_DISTRIBUICAO,Primeiro movimento diferente de distribuicao,processos_29-07-2026.CSV,1018
0002918-71.2025.5.12.0056,PRIMEIRO_MOVIMENTO_NAO_DISTRIBUICAO,Primeiro movimento diferente de distribuicao,processos_28-07-2026.CSV,874
0002935-89.2025.5.12.0062,PRIMEIRO_MOVIMENTO_NAO_DISTRIBUICAO,Primeiro movimento diferente de distribuicao,processos_30-07-2026.CSV,823
0002936-92.2025.5.12.0056,PRIMEIRO_MOVIMENTO_NAO_DISTRIBUICAO,Primeiro movimento diferente de distribuicao,processos_30-07-2026.CSV,1189
0002937-77.2025.5.12.0056,PRIMEIRO_MOVIMENTO_NAO_DISTRIBUICAO,Primeiro movimento diferente de distribuicao,processos_30-07-2026.CSV,1070
0002944-95.2025.5.12.0015,PRIMEIRO_MOVIMENTO_NAO_DISTRIBUICAO,Primeiro movimento diferente de distribuicao,processos_31-07-2026.CSV,577
0002945-80.2025.5.12.0015,PRIMEIRO_MOVIMENTO_NAO_DISTRIBUICAO,Primeiro movimento diferente de distribuicao,processos_29-07-2026.CSV,761
0002947-50.2025.5.12.0015,PRIMEIRO_MOVIMENTO_NAO_DISTRIBUICAO,Primeiro movimento diferente de distribuicao,processos_31-07-2026.CSV,504
0002956-12.2025.5.12.0015,PRIMEIRO_MOVIMENTO_NAO_DISTRIBUICAO,Primeiro movimento diferente de distribuicao,processos_30-07-2026.CSV,1556
0002969-82.2025.5.12.0056,PRIMEIRO_MOVIMENTO_NAO_DISTRIBUICAO,Primeiro movimento diferente de distribuicao,processos_28-07-2026.CSV,904
0002980-40.2025.5.12.0015,PRIMEIRO_MOVIMENTO_NAO_DISTRIBUICAO,Primeiro movimento diferente de distribuicao,processos_30-07-2026.CSV,1491
0002986-47.2025.5.12.0015,PRIMEIRO_MOVIMENTO_NAO_DISTRIBUICAO,Primeiro movimento diferente de distribuicao,processos_30-07-2026.CSV,484
0002993-39.2025.5.12.0015,PRIMEIRO_MOVIMENTO_NAO_DISTRIBUICAO,Primeiro movimento diferente de distribuicao,processos_31-07-2026.CSV,277
0002998-17.2025.5.12.0062,PRIMEIRO_MOVIMENTO_NAO_DISTRIBUICAO,Primeiro movimento diferente de distribuicao,processos_30-07-2026.CSV,655
0003019-37.2025.5.12.0015,PRIMEIRO_MOVIMENTO_NAO_DISTRIBUICAO,Primeiro movimento diferente de distribuicao,processos_29-07-2026.CSV,731
0003025-18.2025.5.12.0056,PRIMEIRO_MOVIMENTO_NAO_DISTRIBUICAO,Primeiro movimento diferente de distribuicao,processos_30-07-2026.CSV,1353
0003031-72.2025.5.12.0008,PRIMEIRO_MOVIMENTO_NAO_DISTRIBUICAO,Primeiro movimento diferente de distribuicao,processos_30-07-2026.CSV,222
0003034-27.2025.5.12.0008,PRIMEIRO_MOVIMENTO_NAO_DISTRIBUICAO,Primeiro movimento diferente de distribuicao,processos_30-07-2026.CSV,182
0003041-95.2025.5.12.0015,PRIMEIRO_MOVIMENTO_NAO_DISTRIBUICAO,Primeiro movimento diferente de distribuicao,processos_31-07-2026.CSV,718
0003042-80.2025.5.12.0015,PRIMEIRO_MOVIMENTO_NAO_DISTRIBUICAO,Primeiro movimento diferente de distribuicao,processos_30-07-2026.CSV,491
0003044-06.2025.5.12.0062,PRIMEIRO_MOVIMENTO_NAO_DISTRIBUICAO,Primeiro movimento diferente de distribuicao,processos_29-07-2026.CSV,781
0003045-35.2025.5.12.0015,PRIMEIRO_MOVIMENTO_NAO_DISTRIBUICAO,Primeiro movimento diferente de distribuicao,processos_29-07-2026.CSV,1280
0003049-28.2025.5.12.0062,PRIMEIRO_MOVIMENTO_NAO_DISTRIBUICAO,Primeiro movimento diferente de distribuicao,processos_30-07-2026.CSV,661
0003051-42.2025.5.12.0015,PRIMEIRO_MOVIMENTO_NAO_DISTRIBUICAO,Primeiro movimento diferente de distribuicao,processos_30-07-2026.CSV,1499
0003068-02.2025.5.12.0008,PRIMEIRO_MOVIMENTO_NAO_DISTRIBUICAO,Primeiro movimento diferente de distribuicao,processos_30-07-2026.CSV,172
0003070-48.2025.5.12.0015,PRIMEIRO_MOVIMENTO_NAO_DISTRIBUICAO,Primeiro movimento diferente de distribuicao,processos_31-07-2026.CSV,360
0003070-69.2025.5.12.0008,PRIMEIRO_MOVIMENTO_NAO_DISTRIBUICAO,Primeiro movimento diferente de distribuicao,processos_30-07-2026.CSV,252
0003079-10.2025.5.12.0015,PRIMEIRO_MOVIMENTO_NAO_DISTRIBUICAO,Primeiro movimento diferente de distribuicao,processos_30-07-2026.CSV,1011
0003088-90.2025.5.12.0008,PRIMEIRO_MOVIMENTO_NAO_DISTRIBUICAO,Primeiro movimento diferente de distribuicao,processos_30-07-2026.CSV,179
0003090-39.2025.5.12.0015,PRIMEIRO_MOVIMENTO_NAO_DISTRIBUICAO,Primeiro movimento diferente de distribuicao,processos_31-07-2026.CSV,589
0003091-24.2025.5.12.0015,PRIMEIRO_MOVIMENTO_NAO_DISTRIBUICAO,Primeiro movimento diferente de distribuicao,processos_31-07-2026.CSV,698
0003092-62.2025.5.12.0062,PRIMEIRO_MOVIMENTO_NAO_DISTRIBUICAO,Primeiro movimento diferente de distribuicao,processos_29-07-2026.CSV,946
0003097-31.2025.5.12.0015,PRIMEIRO_MOVIMENTO_NAO_DISTRIBUICAO,Primeiro movimento diferente de distribuicao,processos_31-07-2026.CSV,785
0003098-16.2025.5.12.0015,PRIMEIRO_MOVIMENTO_NAO_DISTRIBUICAO,Primeiro movimento diferente de distribuicao,processos_31-07-2026.CSV,675
0003099-22.2025.5.12.0008,PRIMEIRO_MOVIMENTO_NAO_DISTRIBUICAO,Primeiro movimento diferente de distribuicao,processos_30-07-2026.CSV,63
0003105-08.2025.5.12.0015,PRIMEIRO_MOVIMENTO_NAO_DISTRIBUICAO,Primeiro movimento diferente de distribuicao,processos_31-07-2026.CSV,663
0003106-90.2025.5.12.0015,PRIMEIRO_MOVIMENTO_NAO_DISTRIBUICAO,Primeiro movimento diferente de distribuicao,processos_31-07-2026.CSV,665
0003111-15.2025.5.12.0015,PRIMEIRO_MOVIMENTO_NAO_DISTRIBUICAO,Primeiro movimento diferente de distribuicao,processos_31-07-2026.CSV,345
0003117-22.2025.5.12.0015,PRIMEIRO_MOVIMENTO_NAO_DISTRIBUICAO,Primeiro movimento diferente de distribuicao,processos_31-07-2026.CSV,639
0003142-35.2025.5.12.0015,PRIMEIRO_MOVIMENTO_NAO_DISTRIBUICAO,Primeiro movimento diferente de distribuicao,processos_31-07-2026.CSV,749
0003145-11.2025.5.12.0008,PRIMEIRO_MOVIMENTO_NAO_DISTRIBUICAO,Primeiro movimento diferente de distribuicao,processos_30-07-2026.CSV,71
0003147-57.2025.5.12.0015,PRIMEIRO_MOVIMENTO_NAO_DISTRIBUICAO,Primeiro movimento diferente de distribuicao,processos_31-07-2026.CSV,281
0003148-42.2025.5.12.0015,PRIMEIRO_MOVIMENTO_NAO_DISTRIBUICAO,Primeiro movimento diferente de distribuicao,processos_31-07-2026.CSV,284
0003148-63.2025.5.12.0008,PRIMEIRO_MOVIMENTO_NAO_DISTRIBUICAO,Primeiro movimento diferente de distribuicao,processos_30-07-2026.CSV,246
0003164-93.2025.5.12.0015,PRIMEIRO_MOVIMENTO_NAO_DISTRIBUICAO,Primeiro movimento diferente de distribuicao,processos_31-07-2026.CSV,800
0003175-25.2025.5.12.0015,PRIMEIRO_MOVIMENTO_NAO_DISTRIBUICAO,Primeiro movimento diferente de distribuicao,processos_31-07-2026.CSV,312
0003176-10.2025.5.12.0015,PRIMEIRO_MOVIMENTO_NAO_DISTRIBUICAO,Primeiro movimento diferente de distribuicao,processos_31-07-2026.CSV,779
0003179-62.2025.5.12.0015,PRIMEIRO_MOVIMENTO_NAO_DISTRIBUICAO,Primeiro movimento diferente de distribuicao,processos_30-07-2026.CSV,1538
0003189-30.2025.5.12.0008,PRIMEIRO_MOVIMENTO_NAO_DISTRIBUICAO,Primeiro movimento diferente de distribuicao,processos_30-07-2026.CSV,260
0003190-91.2025.5.12.0015,PRIMEIRO_MOVIMENTO_NAO_DISTRIBUICAO,Primeiro movimento diferente de distribuicao,processos_31-07-2026.CSV,336
0003191-76.2025.5.12.0015,PRIMEIRO_MOVIMENTO_NAO_DISTRIBUICAO,Primeiro movimento diferente de distribuicao,processos_31-07-2026.CSV,674
0003198-24.2025.5.12.0062,PRIMEIRO_MOVIMENTO_NAO_DISTRIBUICAO,Primeiro movimento diferente de distribuicao,processos_30-07-2026.CSV,317
0003198-68.2025.5.12.0015,PRIMEIRO_MOVIMENTO_NAO_DISTRIBUICAO,Primeiro movimento diferente de distribuicao,processos_31-07-2026.CSV,769
0003200-38.2025.5.12.0015,PRIMEIRO_MOVIMENTO_NAO_DISTRIBUICAO,Primeiro movimento diferente de distribuicao,processos_31-07-2026.CSV,481
0003201-23.2025.5.12.0015,PRIMEIRO_MOVIMENTO_NAO_DISTRIBUICAO,Primeiro movimento diferente de distribuicao,processos_31-07-2026.CSV,684
0003202-08.2025.5.12.0015,PRIMEIRO_MOVIMENTO_NAO_DISTRIBUICAO,Primeiro movimento diferente de distribuicao,processos_31-07-2026.CSV,690
0003203-46.2025.5.12.0062,PRIMEIRO_MOVIMENTO_NAO_DISTRIBUICAO,Primeiro movimento diferente de distribuicao,processos_29-07-2026.CSV,1043
0003238-71.2025.5.12.0008,PRIMEIRO_MOVIMENTO_NAO_DISTRIBUICAO,Primeiro movimento diferente de distribuicao,processos_30-07-2026.CSV,82
0003253-72.2025.5.12.0062,PRIMEIRO_MOVIMENTO_NAO_DISTRIBUICAO,Primeiro movimento diferente de distribuicao,processos_29-07-2026.CSV,60
0003266-39.2025.5.12.0008,PRIMEIRO_MOVIMENTO_NAO_DISTRIBUICAO,Primeiro movimento diferente de distribuicao,processos_30-07-2026.CSV,204
0003292-69.2025.5.12.0062,PRIMEIRO_MOVIMENTO_NAO_DISTRIBUICAO,Primeiro movimento diferente de distribuicao,processos_28-07-2026.CSV,668
0003301-31.2025.5.12.0062,PRIMEIRO_MOVIMENTO_NAO_DISTRIBUICAO,Primeiro movimento diferente de distribuicao,processos_29-07-2026.CSV,108
0003303-98.2025.5.12.0062,PRIMEIRO_MOVIMENTO_NAO_DISTRIBUICAO,Primeiro movimento diferente de distribuicao,processos_30-07-2026.CSV,279
0003327-29.2025.5.12.0062,PRIMEIRO_MOVIMENTO_NAO_DISTRIBUICAO,Primeiro movimento diferente de distribuicao,processos_28-07-2026.CSV,677
0003333-36.2025.5.12.0062,PRIMEIRO_MOVIMENTO_NAO_DISTRIBUICAO,Primeiro movimento diferente de distribuicao,processos_28-07-2026.CSV,690
0003397-46.2025.5.12.0062,PRIMEIRO_MOVIMENTO_NAO_DISTRIBUICAO,Primeiro movimento diferente de distribuicao,processos_30-07-2026.CSV,402
0003512-67.2025.5.12.0062,PRIMEIRO_MOVIMENTO_NAO_DISTRIBUICAO,Primeiro movimento diferente de distribuicao,processos_29-07-2026.CSV,796
0003559-41.2025.5.12.0062,PRIMEIRO_MOVIMENTO_NAO_DISTRIBUICAO,Primeiro movimento diferente de distribuicao,processos_30-07-2026.CSV,314
0003637-35.2025.5.12.0062,PRIMEIRO_MOVIMENTO_NAO_DISTRIBUICAO,Primeiro movimento diferente de distribuicao,processos_30-07-2026.CSV,333
0003647-79.2025.5.12.0062,PRIMEIRO_MOVIMENTO_NAO_DISTRIBUICAO,Primeiro movimento diferente de distribuicao,processos_21-07-2026.CSV,392
0003649-49.2025.5.12.0062,PRIMEIRO_MOVIMENTO_NAO_DISTRIBUICAO,Primeiro movimento diferente de distribuicao,processos_30-07-2026.CSV,416
0003685-91.2025.5.12.0062,PRIMEIRO_MOVIMENTO_NAO_DISTRIBUICAO,Primeiro movimento diferente de distribuicao,processos_30-07-2026.CSV,1236
0140300-43.2005.5.12.0045,PRIMEIRO_MOVIMENTO_NAO_DISTRIBUICAO,Primeiro movimento diferente de distribuicao,processos_01-07-2026.CSV,443
0001718-21.2026.5.12.0015,PASSAGEM_TRIAGEM_INCOMPLETA,Passagem incompleta pela triagem,processos_14-07-2026.CSV,252
