processo,processo_norm,numero_episodio,unidade_origem_norm,unidade_origem,classificacao_origem,data_entrada_triagem,unidade_triagem_norm,unidade_triagem,indicador_entrada_triagem,unidade_destino_norm,unidade_destino,classificacao_destino,data_destino_equalizacao,indicador_entrada_destino,tipo_episodio,motivo
0000949-26.2026.5.12.0043,0000949-26.2026.5.12.0043,1,VARA DO TRABALHO DE IMBITUBA,VARA DO TRABALHO DE IMBITUBA,CEDENTE,2026-07-13 14:21:55,VARA DO TRABALHO DE FRAIBURGO - TRIAGEM DE EQUALIZACAO,VARA DO TRABALHO DE FRAIBURGO - TRIAGEM DE EQUALIZAÇÃO,REDISTRIBUICAO,VARA DO TRABALHO DE FRAIBURGO,VARA DO TRABALHO DE FRAIBURGO,DESTINATARIA,2026-07-13 18:15:13,REDISTRIBUICAO,VALIDA,
0000951-93.2026.5.12.0043,0000951-93.2026.5.12.0043,1,VARA DO TRABALHO DE IMBITUBA,VARA DO TRABALHO DE IMBITUBA,CEDENTE,2026-07-13 17:36:23,VARA DO TRABALHO DE FRAIBURGO - TRIAGEM DE EQUALIZACAO,VARA DO TRABALHO DE FRAIBURGO - TRIAGEM DE EQUALIZAÇÃO,REDISTRIBUICAO,VARA DO TRABALHO DE FRAIBURGO,VARA DO TRABALHO DE FRAIBURGO,DESTINATARIA,2026-07-13 18:15:26,REDISTRIBUICAO,VALIDA,
0000952-78.2026.5.12.0043,0000952-78.2026.5.12.0043,1,VARA DO TRABALHO DE IMBITUBA,VARA DO TRABALHO DE IMBITUBA,CEDENTE,2026-07-13 17:36:35,VARA DO TRABALHO DE MAFRA - TRIAGEM DE EQUALIZACAO,VARA DO TRABALHO DE MAFRA - TRIAGEM DE EQUALIZAÇÃO,REDISTRIBUICAO,VARA DO TRABALHO DE MAFRA,VARA DO TRABALHO DE MAFRA,DESTINATARIA,2026-07-13 18:17:36,REDISTRIBUICAO,VALIDA,
0000959-70.2026.5.12.0043,0000959-70.2026.5.12.0043,1,VARA DO TRABALHO DE IMBITUBA,VARA DO TRABALHO DE IMBITUBA,CEDENTE,2026-07-14 13:53:53,VARA DO TRABALHO DE MAFRA - TRIAGEM DE EQUALIZACAO,VARA DO TRABALHO DE MAFRA - TRIAGEM DE EQUALIZAÇÃO,REDISTRIBUICAO,VARA DO TRABALHO DE MAFRA,VARA DO TRABALHO DE MAFRA,DESTINATARIA,2026-07-14 18:14:54,REDISTRIBUICAO,VALIDA,
0000964-92.2026.5.12.0043,0000964-92.2026.5.12.0043,1,VARA DO TRABALHO DE IMBITUBA,VARA DO TRABALHO DE IMBITUBA,CEDENTE,2026-07-14 17:55:37,VARA DO TRABALHO DE MAFRA - TRIAGEM DE EQUALIZACAO,VARA DO TRABALHO DE MAFRA - TRIAGEM DE EQUALIZAÇÃO,REDISTRIBUICAO,VARA DO TRABALHO DE MAFRA,VARA DO TRABALHO DE MAFRA,DESTINATARIA,2026-07-14 18:15:07,REDISTRIBUICAO,VALIDA,
0000965-77.2026.5.12.0043,0000965-77.2026.5.12.0043,1,VARA DO TRABALHO DE IMBITUBA,VARA DO TRABALHO DE IMBITUBA,CEDENTE,2026-07-15 14:02:42,3 VARA DO TRABALHO DE BLUMENAU - TRIAGEM DE EQUALIZACAO,3ª VARA DO TRABALHO DE BLUMENAU - TRIAGEM DE EQUALIZAÇÃO,REDISTRIBUICAO,3 VARA DO TRABALHO DE BLUMENAU,3ª VARA DO TRABALHO DE BLUMENAU,DESTINATARIA,2026-07-15 14:35:03,REDISTRIBUICAO,VALIDA,
0000966-62.2026.5.12.0043,0000966-62.2026.5.12.0043,1,VARA DO TRABALHO DE IMBITUBA,VARA DO TRABALHO DE IMBITUBA,CEDENTE,2026-07-15 13:39:21,VARA DO TRABALHO DE MAFRA - TRIAGEM DE EQUALIZACAO,VARA DO TRABALHO DE MAFRA - TRIAGEM DE EQUALIZAÇÃO,REDISTRIBUICAO,VARA DO TRABALHO DE MAFRA,VARA DO TRABALHO DE MAFRA,DESTINATARIA,2026-07-15 18:20:17,REDISTRIBUICAO,VALIDA,
0000968-32.2026.5.12.0043,0000968-32.2026.5.12.0043,1,VARA DO TRABALHO DE IMBITUBA,VARA DO TRABALHO DE IMBITUBA,CEDENTE,2026-07-15 13:39:34,VARA DO TRABALHO DE FRAIBURGO - TRIAGEM DE EQUALIZACAO,VARA DO TRABALHO DE FRAIBURGO - TRIAGEM DE EQUALIZAÇÃO,REDISTRIBUICAO,VARA DO TRABALHO DE FRAIBURGO,VARA DO TRABALHO DE FRAIBURGO,DESTINATARIA,2026-07-15 14:27:39,REDISTRIBUICAO,VALIDA,
0000970-02.2026.5.12.0043,0000970-02.2026.5.12.0043,1,VARA DO TRABALHO DE IMBITUBA,VARA DO TRABALHO DE IMBITUBA,CEDENTE,2026-07-15 17:38:31,VARA DO TRABALHO DE SAO BENTO DO SUL - TRIAGEM DE EQUALIZACAO,VARA DO TRABALHO DE SÃO BENTO DO SUL - TRIAGEM DE EQUALIZAÇÃO,REDISTRIBUICAO,VARA DO TRABALHO DE SAO BENTO DO SUL,VARA DO TRABALHO DE SÃO BENTO DO SUL,DESTINATARIA,2026-07-15 18:21:43,REDISTRIBUICAO,VALIDA,
0000971-84.2026.5.12.0043,0000971-84.2026.5.12.0043,1,VARA DO TRABALHO DE IMBITUBA,VARA DO TRABALHO DE IMBITUBA,CEDENTE,2026-07-15 17:55:05,VARA DO TRABALHO DE CURITIBANOS - TRIAGEM DE EQUALIZACAO,VARA DO TRABALHO DE CURITIBANOS - TRIAGEM DE EQUALIZAÇÃO,REDISTRIBUICAO,VARA DO TRABALHO DE CURITIBANOS,VARA DO TRABALHO DE CURITIBANOS,DESTINATARIA,2026-07-15 18:16:43,REDISTRIBUICAO,VALIDA,
0000972-69.2026.5.12.0043,0000972-69.2026.5.12.0043,1,VARA DO TRABALHO DE IMBITUBA,VARA DO TRABALHO DE IMBITUBA,CEDENTE,2026-07-16 14:55:53,4 VARA DO TRABALHO DE BLUMENAU - TRIAGEM DE EQUALIZACAO,4ª VARA DO TRABALHO DE BLUMENAU - TRIAGEM DE EQUALIZAÇÃO,REDISTRIBUICAO,4 VARA DO TRABALHO DE BLUMENAU,4ª VARA DO TRABALHO DE BLUMENAU,DESTINATARIA,2026-07-16 15:19:16,REDISTRIBUICAO,VALIDA,
0000973-54.2026.5.12.0043,0000973-54.2026.5.12.0043,1,VARA DO TRABALHO DE IMBITUBA,VARA DO TRABALHO DE IMBITUBA,CEDENTE,2026-07-16 14:56:06,VARA DO TRABALHO DE INDAIAL - TRIAGEM DE EQUALIZACAO,VARA DO TRABALHO DE INDAIAL - TRIAGEM DE EQUALIZAÇÃO,REDISTRIBUICAO,VARA DO TRABALHO DE INDAIAL,VARA DO TRABALHO DE INDAIAL,DESTINATARIA,2026-07-16 15:59:14,REDISTRIBUICAO,VALIDA,
0000974-39.2026.5.12.0043,0000974-39.2026.5.12.0043,1,VARA DO TRABALHO DE IMBITUBA,VARA DO TRABALHO DE IMBITUBA,CEDENTE,2026-07-16 14:56:18,3 VARA DO TRABALHO DE LAGES - TRIAGEM DE EQUALIZACAO,3ª VARA DO TRABALHO DE LAGES - TRIAGEM DE EQUALIZAÇÃO,REDISTRIBUICAO,3 VARA DO TRABALHO DE LAGES,3ª VARA DO TRABALHO DE LAGES,DESTINATARIA,2026-07-16 15:18:01,REDISTRIBUICAO,VALIDA,
0000975-24.2026.5.12.0043,0000975-24.2026.5.12.0043,1,VARA DO TRABALHO DE IMBITUBA,VARA DO TRABALHO DE IMBITUBA,CEDENTE,2026-07-16 18:08:30,VARA DO TRABALHO DE INDAIAL - TRIAGEM DE EQUALIZACAO,VARA DO TRABALHO DE INDAIAL - TRIAGEM DE EQUALIZAÇÃO,REDISTRIBUICAO,VARA DO TRABALHO DE INDAIAL,VARA DO TRABALHO DE INDAIAL,DESTINATARIA,2026-07-16 18:51:33,REDISTRIBUICAO,VALIDA,
0000976-09.2026.5.12.0043,0000976-09.2026.5.12.0043,1,VARA DO TRABALHO DE IMBITUBA,VARA DO TRABALHO DE IMBITUBA,CEDENTE,2026-07-16 14:57:02,2 VARA DO TRABALHO DE BLUMENAU - TRIAGEM DE EQUALIZACAO,2ª VARA DO TRABALHO DE BLUMENAU - TRIAGEM DE EQUALIZAÇÃO,REDISTRIBUICAO,2 VARA DO TRABALHO DE BLUMENAU,2ª VARA DO TRABALHO DE BLUMENAU,DESTINATARIA,2026-07-16 15:14:24,REDISTRIBUICAO,VALIDA,
0000977-91.2026.5.12.0043,0000977-91.2026.5.12.0043,1,VARA DO TRABALHO DE IMBITUBA,VARA DO TRABALHO DE IMBITUBA,CEDENTE,2026-07-16 18:08:43,2 VARA DO TRABALHO DE TUBARAO - TRIAGEM DE EQUALIZACAO,2ª VARA DO TRABALHO DE TUBARÃO - TRIAGEM DE EQUALIZAÇÃO,REDISTRIBUICAO,2 VARA DO TRABALHO DE TUBARAO,2ª VARA DO TRABALHO DE TUBARÃO,DESTINATARIA,2026-07-16 18:34:50,REDISTRIBUICAO,VALIDA,
0000978-76.2026.5.12.0043,0000978-76.2026.5.12.0043,1,VARA DO TRABALHO DE IMBITUBA,VARA DO TRABALHO DE IMBITUBA,CEDENTE,2026-07-16 18:08:57,VARA DO TRABALHO DE CURITIBANOS - TRIAGEM DE EQUALIZACAO,VARA DO TRABALHO DE CURITIBANOS - TRIAGEM DE EQUALIZAÇÃO,REDISTRIBUICAO,VARA DO TRABALHO DE CURITIBANOS,VARA DO TRABALHO DE CURITIBANOS,DESTINATARIA,2026-07-16 18:44:09,REDISTRIBUICAO,VALIDA,
0000979-61.2026.5.12.0043,0000979-61.2026.5.12.0043,1,VARA DO TRABALHO DE IMBITUBA,VARA DO TRABALHO DE IMBITUBA,CEDENTE,2026-07-16 18:09:11,1 VARA DO TRABALHO DE TUBARAO - TRIAGEM DE EQUALIZACAO,1ª VARA DO TRABALHO DE TUBARÃO - TRIAGEM DE EQUALIZAÇÃO,REDISTRIBUICAO,1 VARA DO TRABALHO DE TUBARAO,1ª VARA DO TRABALHO DE TUBARÃO,DESTINATARIA,2026-07-16 18:33:34,REDISTRIBUICAO,VALIDA,
0000980-46.2026.5.12.0043,0000980-46.2026.5.12.0043,1,VARA DO TRABALHO DE IMBITUBA,VARA DO TRABALHO DE IMBITUBA,CEDENTE,2026-07-16 18:09:24,VARA DO TRABALHO DE CANOINHAS - TRIAGEM DE EQUALIZACAO,VARA DO TRABALHO DE CANOINHAS - TRIAGEM DE EQUALIZAÇÃO,REDISTRIBUICAO,VARA DO TRABALHO DE CANOINHAS,VARA DO TRABALHO DE CANOINHAS,DESTINATARIA,2026-07-16 18:42:34,REDISTRIBUICAO,VALIDA,
0000981-31.2026.5.12.0043,0000981-31.2026.5.12.0043,1,VARA DO TRABALHO DE IMBITUBA,VARA DO TRABALHO DE IMBITUBA,CEDENTE,2026-07-17 13:52:20,1 VARA DO TRABALHO DE BRUSQUE - TRIAGEM DE EQUALIZACAO,1ª VARA DO TRABALHO DE BRUSQUE - TRIAGEM DE EQUALIZAÇÃO,REDISTRIBUICAO,1 VARA DO TRABALHO DE BRUSQUE,1ª VARA DO TRABALHO DE BRUSQUE,DESTINATARIA,2026-07-17 14:18:33,REDISTRIBUICAO,VALIDA,
0000982-16.2026.5.12.0043,0000982-16.2026.5.12.0043,1,VARA DO TRABALHO DE IMBITUBA,VARA DO TRABALHO DE IMBITUBA,CEDENTE,2026-07-17 13:52:33,VARA DO TRABALHO DE FRAIBURGO - TRIAGEM DE EQUALIZACAO,VARA DO TRABALHO DE FRAIBURGO - TRIAGEM DE EQUALIZAÇÃO,REDISTRIBUICAO,VARA DO TRABALHO DE FRAIBURGO,VARA DO TRABALHO DE FRAIBURGO,DESTINATARIA,2026-07-17 14:29:30,REDISTRIBUICAO,VALIDA,
0000983-98.2026.5.12.0043,0000983-98.2026.5.12.0043,1,VARA DO TRABALHO DE IMBITUBA,VARA DO TRABALHO DE IMBITUBA,CEDENTE,2026-07-17 13:52:47,VARA DO TRABALHO DE ARARANGUA - TRIAGEM DE EQUALIZACAO,VARA DO TRABALHO DE ARARANGUÁ - TRIAGEM DE EQUALIZAÇÃO,REDISTRIBUICAO,VARA DO TRABALHO DE ARARANGUA,VARA DO TRABALHO DE ARARANGUÁ,DESTINATARIA,2026-07-17 14:26:08,REDISTRIBUICAO,VALIDA,
0000984-83.2026.5.12.0043,0000984-83.2026.5.12.0043,1,VARA DO TRABALHO DE IMBITUBA,VARA DO TRABALHO DE IMBITUBA,CEDENTE,2026-07-17 13:53:02,2 VARA DO TRABALHO DE LAGES - TRIAGEM DE EQUALIZACAO,2ª VARA DO TRABALHO DE LAGES - TRIAGEM DE EQUALIZAÇÃO,REDISTRIBUICAO,2 VARA DO TRABALHO DE LAGES,2ª VARA DO TRABALHO DE LAGES,DESTINATARIA,2026-07-17 14:22:12,REDISTRIBUICAO,VALIDA,
0000985-68.2026.5.12.0043,0000985-68.2026.5.12.0043,1,VARA DO TRABALHO DE IMBITUBA,VARA DO TRABALHO DE IMBITUBA,CEDENTE,2026-07-17 13:53:16,2 VARA DO TRABALHO DE LAGES - TRIAGEM DE EQUALIZACAO,2ª VARA DO TRABALHO DE LAGES - TRIAGEM DE EQUALIZAÇÃO,REDISTRIBUICAO,2 VARA DO TRABALHO DE LAGES,2ª VARA DO TRABALHO DE LAGES,DESTINATARIA,2026-07-17 14:22:28,REDISTRIBUICAO,VALIDA,
0000986-53.2026.5.12.0043,0000986-53.2026.5.12.0043,1,VARA DO TRABALHO DE IMBITUBA,VARA DO TRABALHO DE IMBITUBA,CEDENTE,2026-07-17 13:53:29,3 VARA DO TRABALHO DE LAGES - TRIAGEM DE EQUALIZACAO,3ª VARA DO TRABALHO DE LAGES - TRIAGEM DE EQUALIZAÇÃO,REDISTRIBUICAO,3 VARA DO TRABALHO DE LAGES,3ª VARA DO TRABALHO DE LAGES,DESTINATARIA,2026-07-17 14:24:54,REDISTRIBUICAO,VALIDA,
0000988-23.2026.5.12.0043,0000988-23.2026.5.12.0043,1,VARA DO TRABALHO DE IMBITUBA,VARA DO TRABALHO DE IMBITUBA,CEDENTE,2026-07-17 17:29:32,2 VARA DO TRABALHO DE LAGES - TRIAGEM DE EQUALIZACAO,2ª VARA DO TRABALHO DE LAGES - TRIAGEM DE EQUALIZAÇÃO,REDISTRIBUICAO,2 VARA DO TRABALHO DE LAGES,2ª VARA DO TRABALHO DE LAGES,DESTINATARIA,2026-07-17 18:28:02,REDISTRIBUICAO,VALIDA,
0000989-08.2026.5.12.0043,0000989-08.2026.5.12.0043,1,VARA DO TRABALHO DE IMBITUBA,VARA DO TRABALHO DE IMBITUBA,CEDENTE,2026-07-17 17:45:40,2 VARA DO TRABALHO DE BRUSQUE - TRIAGEM DE EQUALIZACAO,2ª VARA DO TRABALHO DE BRUSQUE - TRIAGEM DE EQUALIZAÇÃO,REDISTRIBUICAO,2 VARA DO TRABALHO DE BRUSQUE,2ª VARA DO TRABALHO DE BRUSQUE,DESTINATARIA,2026-07-17 18:11:51,REDISTRIBUICAO,VALIDA,
0000990-90.2026.5.12.0043,0000990-90.2026.5.12.0043,1,VARA DO TRABALHO DE IMBITUBA,VARA DO TRABALHO DE IMBITUBA,CEDENTE,2026-07-17 17:30:18,2 VARA DO TRABALHO DE BRUSQUE - TRIAGEM DE EQUALIZACAO,2ª VARA DO TRABALHO DE BRUSQUE - TRIAGEM DE EQUALIZAÇÃO,REDISTRIBUICAO,2 VARA DO TRABALHO DE BRUSQUE,2ª VARA DO TRABALHO DE BRUSQUE,DESTINATARIA,2026-07-17 18:27:50,REDISTRIBUICAO,VALIDA,
0000991-75.2026.5.12.0043,0000991-75.2026.5.12.0043,1,VARA DO TRABALHO DE IMBITUBA,VARA DO TRABALHO DE IMBITUBA,CEDENTE,2026-07-17 17:30:30,1 VARA DO TRABALHO DE BLUMENAU - TRIAGEM DE EQUALIZACAO,1ª VARA DO TRABALHO DE BLUMENAU - TRIAGEM DE EQUALIZAÇÃO,REDISTRIBUICAO,1 VARA DO TRABALHO DE BLUMENAU,1ª VARA DO TRABALHO DE BLUMENAU,DESTINATARIA,2026-07-17 18:07:55,REDISTRIBUICAO,VALIDA,
0000993-45.2026.5.12.0043,0000993-45.2026.5.12.0043,1,VARA DO TRABALHO DE IMBITUBA,VARA DO TRABALHO DE IMBITUBA,CEDENTE,2026-07-17 17:30:42,3 VARA DO TRABALHO DE BLUMENAU - TRIAGEM DE EQUALIZACAO,3ª VARA DO TRABALHO DE BLUMENAU - TRIAGEM DE EQUALIZAÇÃO,REDISTRIBUICAO,3 VARA DO TRABALHO DE BLUMENAU,3ª VARA DO TRABALHO DE BLUMENAU,DESTINATARIA,2026-07-17 18:13:50,REDISTRIBUICAO,VALIDA,
0000994-30.2026.5.12.0043,0000994-30.2026.5.12.0043,1,VARA DO TRABALHO DE IMBITUBA,VARA DO TRABALHO DE IMBITUBA,CEDENTE,2026-07-17 17:30:54,2 VARA DO TRABALHO DE BRUSQUE - TRIAGEM DE EQUALIZACAO,2ª VARA DO TRABALHO DE BRUSQUE - TRIAGEM DE EQUALIZAÇÃO,REDISTRIBUICAO,2 VARA DO TRABALHO DE BRUSQUE,2ª VARA DO TRABALHO DE BRUSQUE,DESTINATARIA,2026-07-17 18:12:05,REDISTRIBUICAO,VALIDA,
0000995-15.2026.5.12.0043,0000995-15.2026.5.12.0043,1,VARA DO TRABALHO DE IMBITUBA,VARA DO TRABALHO DE IMBITUBA,CEDENTE,2026-07-17 17:31:06,VARA DO TRABALHO DE ARARANGUA - TRIAGEM DE EQUALIZACAO,VARA DO TRABALHO DE ARARANGUÁ - TRIAGEM DE EQUALIZAÇÃO,REDISTRIBUICAO,VARA DO TRABALHO DE ARARANGUA,VARA DO TRABALHO DE ARARANGUÁ,DESTINATARIA,2026-07-17 18:16:28,REDISTRIBUICAO,VALIDA,
0000996-97.2026.5.12.0043,0000996-97.2026.5.12.0043,1,VARA DO TRABALHO DE IMBITUBA,VARA DO TRABALHO DE IMBITUBA,CEDENTE,2026-07-17 17:31:20,VARA DO TRABALHO DE CANOINHAS - TRIAGEM DE EQUALIZACAO,VARA DO TRABALHO DE CANOINHAS - TRIAGEM DE EQUALIZAÇÃO,REDISTRIBUICAO,VARA DO TRABALHO DE CANOINHAS,VARA DO TRABALHO DE CANOINHAS,DESTINATARIA,2026-07-17 18:17:04,REDISTRIBUICAO,VALIDA,
0000997-82.2026.5.12.0043,0000997-82.2026.5.12.0043,1,VARA DO TRABALHO DE IMBITUBA,VARA DO TRABALHO DE IMBITUBA,CEDENTE,2026-07-17 17:31:31,VARA DO TRABALHO DE FRAIBURGO - TRIAGEM DE EQUALIZACAO,VARA DO TRABALHO DE FRAIBURGO - TRIAGEM DE EQUALIZAÇÃO,REDISTRIBUICAO,VARA DO TRABALHO DE FRAIBURGO,VARA DO TRABALHO DE FRAIBURGO,DESTINATARIA,2026-07-17 18:18:57,REDISTRIBUICAO,VALIDA,
0000998-67.2026.5.12.0043,0000998-67.2026.5.12.0043,1,VARA DO TRABALHO DE IMBITUBA,VARA DO TRABALHO DE IMBITUBA,CEDENTE,2026-07-20 14:05:45,2 VARA DO TRABALHO DE BLUMENAU - TRIAGEM DE EQUALIZACAO,2ª VARA DO TRABALHO DE BLUMENAU - TRIAGEM DE EQUALIZAÇÃO,REDISTRIBUICAO,2 VARA DO TRABALHO DE BLUMENAU,2ª VARA DO TRABALHO DE BLUMENAU,DESTINATARIA,2026-07-20 14:35:33,REDISTRIBUICAO,VALIDA,
0000999-52.2026.5.12.0043,0000999-52.2026.5.12.0043,1,VARA DO TRABALHO DE IMBITUBA,VARA DO TRABALHO DE IMBITUBA,CEDENTE,2026-07-20 14:05:58,2 VARA DO TRABALHO DE LAGES - TRIAGEM DE EQUALIZACAO,2ª VARA DO TRABALHO DE LAGES - TRIAGEM DE EQUALIZAÇÃO,REDISTRIBUICAO,2 VARA DO TRABALHO DE LAGES,2ª VARA DO TRABALHO DE LAGES,DESTINATARIA,2026-07-20 14:36:04,REDISTRIBUICAO,VALIDA,
0001103-44.2026.5.12.0043,0001103-44.2026.5.12.0043,1,VARA DO TRABALHO DE IMBITUBA,VARA DO TRABALHO DE IMBITUBA,CEDENTE,2026-08-11 14:24:07,1 VARA DO TRABALHO DE BRUSQUE - TRIAGEM DE EQUALIZACAO,1ª VARA DO TRABALHO DE BRUSQUE - TRIAGEM DE EQUALIZAÇÃO,REDISTRIBUICAO,1 VARA DO TRABALHO DE BRUSQUE,1ª VARA DO TRABALHO DE BRUSQUE,DESTINATARIA,2026-08-11 14:43:36,REDISTRIBUICAO,VALIDA,
0001104-29.2026.5.12.0043,0001104-29.2026.5.12.0043,1,VARA DO TRABALHO DE IMBITUBA,VARA DO TRABALHO DE IMBITUBA,CEDENTE,2026-08-11 14:24:20,VARA DO TRABALHO DE ARARANGUA - TRIAGEM DE EQUALIZACAO,VARA DO TRABALHO DE ARARANGUÁ - TRIAGEM DE EQUALIZAÇÃO,REDISTRIBUICAO,VARA DO TRABALHO DE ARARANGUA,VARA DO TRABALHO DE ARARANGUÁ,DESTINATARIA,2026-08-11 14:52:09,REDISTRIBUICAO,VALIDA,
0001105-14.2026.5.12.0043,0001105-14.2026.5.12.0043,1,VARA DO TRABALHO DE IMBITUBA,VARA DO TRABALHO DE IMBITUBA,CEDENTE,2026-08-11 14:24:36,1 VARA DO TRABALHO DE LAGES - TRIAGEM DE EQUALIZACAO,1ª VARA DO TRABALHO DE LAGES - TRIAGEM DE EQUALIZAÇÃO,REDISTRIBUICAO,1 VARA DO TRABALHO DE LAGES,1ª VARA DO TRABALHO DE LAGES,DESTINATARIA,2026-08-11 14:45:01,REDISTRIBUICAO,VALIDA,
0001106-96.2026.5.12.0043,0001106-96.2026.5.12.0043,1,VARA DO TRABALHO DE IMBITUBA,VARA DO TRABALHO DE IMBITUBA,CEDENTE,2026-08-11 14:24:54,2 VARA DO TRABALHO DE BLUMENAU - TRIAGEM DE EQUALIZACAO,2ª VARA DO TRABALHO DE BLUMENAU - TRIAGEM DE EQUALIZAÇÃO,REDISTRIBUICAO,2 VARA DO TRABALHO DE BLUMENAU,2ª VARA DO TRABALHO DE BLUMENAU,DESTINATARIA,2026-08-11 14:47:13,REDISTRIBUICAO,VALIDA,
0001107-81.2026.5.12.0043,0001107-81.2026.5.12.0043,1,VARA DO TRABALHO DE IMBITUBA,VARA DO TRABALHO DE IMBITUBA,CEDENTE,2026-08-11 14:25:09,VARA DO TRABALHO DE ARARANGUA - TRIAGEM DE EQUALIZACAO,VARA DO TRABALHO DE ARARANGUÁ - TRIAGEM DE EQUALIZAÇÃO,REDISTRIBUICAO,VARA DO TRABALHO DE ARARANGUA,VARA DO TRABALHO DE ARARANGUÁ,DESTINATARIA,2026-08-11 14:52:24,REDISTRIBUICAO,VALIDA,
0001108-66.2026.5.12.0043,0001108-66.2026.5.12.0043,1,VARA DO TRABALHO DE IMBITUBA,VARA DO TRABALHO DE IMBITUBA,CEDENTE,2026-08-11 14:25:26,1 VARA DO TRABALHO DE TUBARAO - TRIAGEM DE EQUALIZACAO,1ª VARA DO TRABALHO DE TUBARÃO - TRIAGEM DE EQUALIZAÇÃO,REDISTRIBUICAO,1 VARA DO TRABALHO DE TUBARAO,1ª VARA DO TRABALHO DE TUBARÃO,DESTINATARIA,2026-08-11 14:46:26,REDISTRIBUICAO,VALIDA,
0001110-36.2026.5.12.0043,0001110-36.2026.5.12.0043,1,VARA DO TRABALHO DE IMBITUBA,VARA DO TRABALHO DE IMBITUBA,CEDENTE,2026-08-11 18:12:09,VARA DO TRABALHO DE CANOINHAS - TRIAGEM DE EQUALIZACAO,VARA DO TRABALHO DE CANOINHAS - TRIAGEM DE EQUALIZAÇÃO,REDISTRIBUICAO,VARA DO TRABALHO DE CANOINHAS,VARA DO TRABALHO DE CANOINHAS,DESTINATARIA,2026-08-11 18:15:59,REDISTRIBUICAO,VALIDA,
0001111-21.2026.5.12.0043,0001111-21.2026.5.12.0043,1,VARA DO TRABALHO DE IMBITUBA,VARA DO TRABALHO DE IMBITUBA,CEDENTE,2026-08-12 14:28:38,1 VARA DO TRABALHO DE BRUSQUE - TRIAGEM DE EQUALIZACAO,1ª VARA DO TRABALHO DE BRUSQUE - TRIAGEM DE EQUALIZAÇÃO,REDISTRIBUICAO,1 VARA DO TRABALHO DE BRUSQUE,1ª VARA DO TRABALHO DE BRUSQUE,DESTINATARIA,2026-08-12 14:50:30,REDISTRIBUICAO,VALIDA,
0001112-06.2026.5.12.0043,0001112-06.2026.5.12.0043,1,VARA DO TRABALHO DE IMBITUBA,VARA DO TRABALHO DE IMBITUBA,CEDENTE,2026-08-12 14:28:55,4 VARA DO TRABALHO DE BLUMENAU - TRIAGEM DE EQUALIZACAO,4ª VARA DO TRABALHO DE BLUMENAU - TRIAGEM DE EQUALIZAÇÃO,REDISTRIBUICAO,4 VARA DO TRABALHO DE BLUMENAU,4ª VARA DO TRABALHO DE BLUMENAU,DESTINATARIA,2026-08-12 14:52:06,REDISTRIBUICAO,VALIDA,
0001113-88.2026.5.12.0043,0001113-88.2026.5.12.0043,1,VARA DO TRABALHO DE IMBITUBA,VARA DO TRABALHO DE IMBITUBA,CEDENTE,2026-08-12 14:29:08,1 VARA DO TRABALHO DE TUBARAO - TRIAGEM DE EQUALIZACAO,1ª VARA DO TRABALHO DE TUBARÃO - TRIAGEM DE EQUALIZAÇÃO,REDISTRIBUICAO,1 VARA DO TRABALHO DE TUBARAO,1ª VARA DO TRABALHO DE TUBARÃO,DESTINATARIA,2026-08-12 14:51:19,REDISTRIBUICAO,VALIDA,
0001115-58.2026.5.12.0043,0001115-58.2026.5.12.0043,1,VARA DO TRABALHO DE IMBITUBA,VARA DO TRABALHO DE IMBITUBA,CEDENTE,2026-08-12 14:29:24,VARA DO TRABALHO DE CANOINHAS - TRIAGEM DE EQUALIZACAO,VARA DO TRABALHO DE CANOINHAS - TRIAGEM DE EQUALIZAÇÃO,REDISTRIBUICAO,VARA DO TRABALHO DE CANOINHAS,VARA DO TRABALHO DE CANOINHAS,DESTINATARIA,2026-08-12 14:52:38,REDISTRIBUICAO,VALIDA,
0001116-43.2026.5.12.0043,0001116-43.2026.5.12.0043,1,VARA DO TRABALHO DE IMBITUBA,VARA DO TRABALHO DE IMBITUBA,CEDENTE,2026-08-12 17:55:24,2 VARA DO TRABALHO DE BLUMENAU - TRIAGEM DE EQUALIZACAO,2ª VARA DO TRABALHO DE BLUMENAU - TRIAGEM DE EQUALIZAÇÃO,REDISTRIBUICAO,2 VARA DO TRABALHO DE BLUMENAU,2ª VARA DO TRABALHO DE BLUMENAU,DESTINATARIA,2026-08-12 18:00:12,REDISTRIBUICAO,VALIDA,
0001117-28.2026.5.12.0043,0001117-28.2026.5.12.0043,1,VARA DO TRABALHO DE IMBITUBA,VARA DO TRABALHO DE IMBITUBA,CEDENTE,2026-08-12 17:49:31,VARA DO TRABALHO DE CANOINHAS - TRIAGEM DE EQUALIZACAO,VARA DO TRABALHO DE CANOINHAS - TRIAGEM DE EQUALIZAÇÃO,REDISTRIBUICAO,VARA DO TRABALHO DE CANOINHAS,VARA DO TRABALHO DE CANOINHAS,DESTINATARIA,2026-08-12 18:01:18,REDISTRIBUICAO,VALIDA,
0001118-13.2026.5.12.0043,0001118-13.2026.5.12.0043,1,VARA DO TRABALHO DE IMBITUBA,VARA DO TRABALHO DE IMBITUBA,CEDENTE,2026-08-12 18:22:27,1 VARA DO TRABALHO DE TUBARAO - TRIAGEM DE EQUALIZACAO,1ª VARA DO TRABALHO DE TUBARÃO - TRIAGEM DE EQUALIZAÇÃO,REDISTRIBUICAO,1 VARA DO TRABALHO DE TUBARAO,1ª VARA DO TRABALHO DE TUBARÃO,DESTINATARIA,2026-08-12 18:26:01,REDISTRIBUICAO,VALIDA,
0001119-95.2026.5.12.0043,0001119-95.2026.5.12.0043,1,VARA DO TRABALHO DE IMBITUBA,VARA DO TRABALHO DE IMBITUBA,CEDENTE,2026-08-13 14:13:14,VARA DO TRABALHO DE MAFRA - TRIAGEM DE EQUALIZACAO,VARA DO TRABALHO DE MAFRA - TRIAGEM DE EQUALIZAÇÃO,REDISTRIBUICAO,VARA DO TRABALHO DE MAFRA,VARA DO TRABALHO DE MAFRA,DESTINATARIA,2026-08-13 14:28:07,REDISTRIBUICAO,VALIDA,
0001120-80.2026.5.12.0043,0001120-80.2026.5.12.0043,1,VARA DO TRABALHO DE IMBITUBA,VARA DO TRABALHO DE IMBITUBA,CEDENTE,2026-08-13 14:13:30,3 VARA DO TRABALHO DE LAGES - TRIAGEM DE EQUALIZACAO,3ª VARA DO TRABALHO DE LAGES - TRIAGEM DE EQUALIZAÇÃO,REDISTRIBUICAO,3 VARA DO TRABALHO DE LAGES,3ª VARA DO TRABALHO DE LAGES,DESTINATARIA,2026-08-13 14:25:53,REDISTRIBUICAO,VALIDA,
0001121-65.2026.5.12.0043,0001121-65.2026.5.12.0043,1,VARA DO TRABALHO DE IMBITUBA,VARA DO TRABALHO DE IMBITUBA,CEDENTE,2026-08-13 14:13:45,VARA DO TRABALHO DE MAFRA - TRIAGEM DE EQUALIZACAO,VARA DO TRABALHO DE MAFRA - TRIAGEM DE EQUALIZAÇÃO,REDISTRIBUICAO,VARA DO TRABALHO DE MAFRA,VARA DO TRABALHO DE MAFRA,DESTINATARIA,2026-08-13 14:28:22,REDISTRIBUICAO,VALIDA,
0001122-50.2026.5.12.0043,0001122-50.2026.5.12.0043,1,VARA DO TRABALHO DE IMBITUBA,VARA DO TRABALHO DE IMBITUBA,CEDENTE,2026-08-13 14:14:02,4 VARA DO TRABALHO DE BLUMENAU - TRIAGEM DE EQUALIZACAO,4ª VARA DO TRABALHO DE BLUMENAU - TRIAGEM DE EQUALIZAÇÃO,REDISTRIBUICAO,4 VARA DO TRABALHO DE BLUMENAU,4ª VARA DO TRABALHO DE BLUMENAU,DESTINATARIA,2026-08-13 14:26:25,REDISTRIBUICAO,VALIDA,
0001124-20.2026.5.12.0043,0001124-20.2026.5.12.0043,1,VARA DO TRABALHO DE IMBITUBA,VARA DO TRABALHO DE IMBITUBA,CEDENTE,2026-08-13 17:32:55,VARA DO TRABALHO DE SAO BENTO DO SUL - TRIAGEM DE EQUALIZACAO,VARA DO TRABALHO DE SÃO BENTO DO SUL - TRIAGEM DE EQUALIZAÇÃO,REDISTRIBUICAO,VARA DO TRABALHO DE SAO BENTO DO SUL,VARA DO TRABALHO DE SÃO BENTO DO SUL,DESTINATARIA,2026-08-13 17:48:46,REDISTRIBUICAO,VALIDA,
0001125-05.2026.5.12.0043,0001125-05.2026.5.12.0043,1,VARA DO TRABALHO DE IMBITUBA,VARA DO TRABALHO DE IMBITUBA,CEDENTE,2026-08-14 14:06:23,VARA DO TRABALHO DE MAFRA - TRIAGEM DE EQUALIZACAO,VARA DO TRABALHO DE MAFRA - TRIAGEM DE EQUALIZAÇÃO,REDISTRIBUICAO,VARA DO TRABALHO DE MAFRA,VARA DO TRABALHO DE MAFRA,DESTINATARIA,2026-08-14 14:27:09,REDISTRIBUICAO,VALIDA,
0001126-87.2026.5.12.0043,0001126-87.2026.5.12.0043,1,VARA DO TRABALHO DE IMBITUBA,VARA DO TRABALHO DE IMBITUBA,CEDENTE,2026-08-14 14:06:42,3 VARA DO TRABALHO DE LAGES - TRIAGEM DE EQUALIZACAO,3ª VARA DO TRABALHO DE LAGES - TRIAGEM DE EQUALIZAÇÃO,REDISTRIBUICAO,3 VARA DO TRABALHO DE LAGES,3ª VARA DO TRABALHO DE LAGES,DESTINATARIA,2026-08-14 14:24:53,REDISTRIBUICAO,VALIDA,
0001127-72.2026.5.12.0043,0001127-72.2026.5.12.0043,1,VARA DO TRABALHO DE IMBITUBA,VARA DO TRABALHO DE IMBITUBA,CEDENTE,2026-08-14 18:17:51,1 VARA DO TRABALHO DE BLUMENAU - TRIAGEM DE EQUALIZACAO,1ª VARA DO TRABALHO DE BLUMENAU - TRIAGEM DE EQUALIZAÇÃO,REDISTRIBUICAO,1 VARA DO TRABALHO DE BLUMENAU,1ª VARA DO TRABALHO DE BLUMENAU,DESTINATARIA,2026-08-14 18:50:05,REDISTRIBUICAO,VALIDA,
0001128-57.2026.5.12.0043,0001128-57.2026.5.12.0043,1,VARA DO TRABALHO DE IMBITUBA,VARA DO TRABALHO DE IMBITUBA,CEDENTE,2026-08-14 18:29:32,2 VARA DO TRABALHO DE BLUMENAU - TRIAGEM DE EQUALIZACAO,2ª VARA DO TRABALHO DE BLUMENAU - TRIAGEM DE EQUALIZAÇÃO,REDISTRIBUICAO,2 VARA DO TRABALHO DE BLUMENAU,2ª VARA DO TRABALHO DE BLUMENAU,DESTINATARIA,2026-08-14 18:50:30,REDISTRIBUICAO,VALIDA,
0001129-42.2026.5.12.0043,0001129-42.2026.5.12.0043,1,VARA DO TRABALHO DE IMBITUBA,VARA DO TRABALHO DE IMBITUBA,CEDENTE,2026-08-14 18:29:44,VARA DO TRABALHO DE SAO BENTO DO SUL - TRIAGEM DE EQUALIZACAO,VARA DO TRABALHO DE SÃO BENTO DO SUL - TRIAGEM DE EQUALIZAÇÃO,REDISTRIBUICAO,VARA DO TRABALHO DE SAO BENTO DO SUL,VARA DO TRABALHO DE SÃO BENTO DO SUL,DESTINATARIA,2026-08-14 18:52:00,REDISTRIBUICAO,VALIDA,
0001130-27.2026.5.12.0043,0001130-27.2026.5.12.0043,1,VARA DO TRABALHO DE IMBITUBA,VARA DO TRABALHO DE IMBITUBA,CEDENTE,2026-08-14 18:29:54,3 VARA DO TRABALHO DE LAGES - TRIAGEM DE EQUALIZACAO,3ª VARA DO TRABALHO DE LAGES - TRIAGEM DE EQUALIZAÇÃO,REDISTRIBUICAO,3 VARA DO TRABALHO DE LAGES,3ª VARA DO TRABALHO DE LAGES,DESTINATARIA,2026-08-14 18:51:33,REDISTRIBUICAO,VALIDA,
0001161-52.2026.5.12.0009,0001161-52.2026.5.12.0009,1,1 VARA DO TRABALHO DE CHAPECO,1ª VARA DO TRABALHO DE CHAPECÓ,CEDENTE,2026-07-13 14:17:07,VARA DO TRABALHO DE FRAIBURGO - TRIAGEM DE EQUALIZACAO,VARA DO TRABALHO DE FRAIBURGO - TRIAGEM DE EQUALIZAÇÃO,REDISTRIBUICAO,VARA DO TRABALHO DE FRAIBURGO,VARA DO TRABALHO DE FRAIBURGO,DESTINATARIA,2026-07-13 14:53:48,REDISTRIBUICAO,VALIDA,
0001163-22.2026.5.12.0009,0001163-22.2026.5.12.0009,1,1 VARA DO TRABALHO DE CHAPECO,1ª VARA DO TRABALHO DE CHAPECÓ,CEDENTE,2026-07-13 17:34:25,1 VARA DO TRABALHO DE TUBARAO - TRIAGEM DE EQUALIZACAO,1ª VARA DO TRABALHO DE TUBARÃO - TRIAGEM DE EQUALIZAÇÃO,REDISTRIBUICAO,1 VARA DO TRABALHO DE TUBARAO,1ª VARA DO TRABALHO DE TUBARÃO,DESTINATARIA,2026-07-13 18:07:31,REDISTRIBUICAO,VALIDA,
0001164-07.2026.5.12.0009,0001164-07.2026.5.12.0009,1,1 VARA DO TRABALHO DE CHAPECO,1ª VARA DO TRABALHO DE CHAPECÓ,CEDENTE,2026-07-13 14:18:02,1 VARA DO TRABALHO DE BRUSQUE - TRIAGEM DE EQUALIZACAO,1ª VARA DO TRABALHO DE BRUSQUE - TRIAGEM DE EQUALIZAÇÃO,REDISTRIBUICAO,1 VARA DO TRABALHO DE BRUSQUE,1ª VARA DO TRABALHO DE BRUSQUE,DESTINATARIA,2026-07-13 14:41:23,REDISTRIBUICAO,VALIDA,
0001167-59.2026.5.12.0009,0001167-59.2026.5.12.0009,1,1 VARA DO TRABALHO DE CHAPECO,1ª VARA DO TRABALHO DE CHAPECÓ,CEDENTE,2026-07-13 14:18:16,2 VARA DO TRABALHO DE LAGES - TRIAGEM DE EQUALIZACAO,2ª VARA DO TRABALHO DE LAGES - TRIAGEM DE EQUALIZAÇÃO,REDISTRIBUICAO,2 VARA DO TRABALHO DE LAGES,2ª VARA DO TRABALHO DE LAGES,DESTINATARIA,2026-07-13 14:46:13,REDISTRIBUICAO,VALIDA,
0001168-44.2026.5.12.0009,0001168-44.2026.5.12.0009,1,1 VARA DO TRABALHO DE CHAPECO,1ª VARA DO TRABALHO DE CHAPECÓ,CEDENTE,2026-07-13 17:34:38,1 VARA DO TRABALHO DE LAGES - TRIAGEM DE EQUALIZACAO,1ª VARA DO TRABALHO DE LAGES - TRIAGEM DE EQUALIZAÇÃO,REDISTRIBUICAO,1 VARA DO TRABALHO DE LAGES,1ª VARA DO TRABALHO DE LAGES,DESTINATARIA,2026-07-13 18:06:52,REDISTRIBUICAO,VALIDA,
0001169-29.2026.5.12.0009,0001169-29.2026.5.12.0009,1,1 VARA DO TRABALHO DE CHAPECO,1ª VARA DO TRABALHO DE CHAPECÓ,CEDENTE,2026-07-13 17:51:10,VARA DO TRABALHO DE FRAIBURGO - TRIAGEM DE EQUALIZACAO,VARA DO TRABALHO DE FRAIBURGO - TRIAGEM DE EQUALIZAÇÃO,REDISTRIBUICAO,VARA DO TRABALHO DE FRAIBURGO,VARA DO TRABALHO DE FRAIBURGO,DESTINATARIA,2026-07-13 18:15:40,REDISTRIBUICAO,VALIDA,
0001170-14.2026.5.12.0009,0001170-14.2026.5.12.0009,1,1 VARA DO TRABALHO DE CHAPECO,1ª VARA DO TRABALHO DE CHAPECÓ,CEDENTE,2026-07-14 13:51:26,2 VARA DO TRABALHO DE TUBARAO - TRIAGEM DE EQUALIZACAO,2ª VARA DO TRABALHO DE TUBARÃO - TRIAGEM DE EQUALIZAÇÃO,REDISTRIBUICAO,2 VARA DO TRABALHO DE TUBARAO,2ª VARA DO TRABALHO DE TUBARÃO,DESTINATARIA,2026-07-14 18:07:49,REDISTRIBUICAO,VALIDA,
0001172-31.2026.5.12.0058,0001172-31.2026.5.12.0058,1,4 VARA DO TRABALHO DE CHAPECO,4ª VARA DO TRABALHO DE CHAPECÓ,CEDENTE,2026-07-13 14:20:44,4 VARA DO TRABALHO DE BLUMENAU - TRIAGEM DE EQUALIZACAO,4ª VARA DO TRABALHO DE BLUMENAU - TRIAGEM DE EQUALIZAÇÃO,REDISTRIBUICAO,4 VARA DO TRABALHO DE BLUMENAU,4ª VARA DO TRABALHO DE BLUMENAU,DESTINATARIA,2026-07-13 14:49:13,REDISTRIBUICAO,VALIDA,
0001173-16.2026.5.12.0058,0001173-16.2026.5.12.0058,1,4 VARA DO TRABALHO DE CHAPECO,4ª VARA DO TRABALHO DE CHAPECÓ,CEDENTE,2026-07-13 14:20:59,VARA DO TRABALHO DE CURITIBANOS - TRIAGEM DE EQUALIZACAO,VARA DO TRABALHO DE CURITIBANOS - TRIAGEM DE EQUALIZAÇÃO,REDISTRIBUICAO,VARA DO TRABALHO DE CURITIBANOS,VARA DO TRABALHO DE CURITIBANOS,DESTINATARIA,2026-07-13 14:52:06,REDISTRIBUICAO,VALIDA,
0001175-36.2026.5.12.0009,0001175-36.2026.5.12.0009,1,1 VARA DO TRABALHO DE CHAPECO,1ª VARA DO TRABALHO DE CHAPECÓ,CEDENTE,2026-07-14 17:43:06,VARA DO TRABALHO DE MAFRA - TRIAGEM DE EQUALIZACAO,VARA DO TRABALHO DE MAFRA - TRIAGEM DE EQUALIZAÇÃO,REDISTRIBUICAO,VARA DO TRABALHO DE MAFRA,VARA DO TRABALHO DE MAFRA,DESTINATARIA,2026-07-14 18:15:21,REDISTRIBUICAO,VALIDA,
0001175-83.2026.5.12.0058,0001175-83.2026.5.12.0058,1,4 VARA DO TRABALHO DE CHAPECO,4ª VARA DO TRABALHO DE CHAPECÓ,CEDENTE,2026-07-13 14:21:18,VARA DO TRABALHO DE ARARANGUA - TRIAGEM DE EQUALIZACAO,VARA DO TRABALHO DE ARARANGUÁ - TRIAGEM DE EQUALIZAÇÃO,REDISTRIBUICAO,VARA DO TRABALHO DE ARARANGUA,VARA DO TRABALHO DE ARARANGUÁ,DESTINATARIA,2026-07-13 14:49:51,REDISTRIBUICAO,VALIDA,
0001176-21.2026.5.12.0009,0001176-21.2026.5.12.0009,1,1 VARA DO TRABALHO DE CHAPECO,1ª VARA DO TRABALHO DE CHAPECÓ,CEDENTE,2026-07-15 13:36:38,VARA DO TRABALHO DE CURITIBANOS - TRIAGEM DE EQUALIZACAO,VARA DO TRABALHO DE CURITIBANOS - TRIAGEM DE EQUALIZAÇÃO,REDISTRIBUICAO,VARA DO TRABALHO DE CURITIBANOS,VARA DO TRABALHO DE CURITIBANOS,DESTINATARIA,2026-07-15 14:27:11,REDISTRIBUICAO,VALIDA,
0001176-68.2026.5.12.0058,0001176-68.2026.5.12.0058,1,4 VARA DO TRABALHO DE CHAPECO,4ª VARA DO TRABALHO DE CHAPECÓ,CEDENTE,2026-07-13 14:21:37,VARA DO TRABALHO DE MAFRA - TRIAGEM DE EQUALIZACAO,VARA DO TRABALHO DE MAFRA - TRIAGEM DE EQUALIZAÇÃO,REDISTRIBUICAO,VARA DO TRABALHO DE MAFRA,VARA DO TRABALHO DE MAFRA,DESTINATARIA,2026-07-13 14:54:29,REDISTRIBUICAO,VALIDA,
0001177-06.2026.5.12.0009,0001177-06.2026.5.12.0009,1,1 VARA DO TRABALHO DE CHAPECO,1ª VARA DO TRABALHO DE CHAPECÓ,CEDENTE,2026-07-15 13:36:53,3 VARA DO TRABALHO DE BLUMENAU - TRIAGEM DE EQUALIZACAO,3ª VARA DO TRABALHO DE BLUMENAU - TRIAGEM DE EQUALIZAÇÃO,REDISTRIBUICAO,3 VARA DO TRABALHO DE BLUMENAU,3ª VARA DO TRABALHO DE BLUMENAU,DESTINATARIA,2026-07-15 14:24:15,REDISTRIBUICAO,VALIDA,
0001179-73.2026.5.12.0009,0001179-73.2026.5.12.0009,1,1 VARA DO TRABALHO DE CHAPECO,1ª VARA DO TRABALHO DE CHAPECÓ,CEDENTE,2026-07-15 17:54:38,2 VARA DO TRABALHO DE TUBARAO - TRIAGEM DE EQUALIZACAO,2ª VARA DO TRABALHO DE TUBARÃO - TRIAGEM DE EQUALIZAÇÃO,REDISTRIBUICAO,2 VARA DO TRABALHO DE TUBARAO,2ª VARA DO TRABALHO DE TUBARÃO,DESTINATARIA,2026-07-15 18:10:52,REDISTRIBUICAO,VALIDA,
0001180-08.2026.5.12.0058,0001180-08.2026.5.12.0058,1,4 VARA DO TRABALHO DE CHAPECO,4ª VARA DO TRABALHO DE CHAPECÓ,CEDENTE,2026-07-13 17:36:11,VARA DO TRABALHO DE FRAIBURGO - TRIAGEM DE EQUALIZACAO,VARA DO TRABALHO DE FRAIBURGO - TRIAGEM DE EQUALIZAÇÃO,REDISTRIBUICAO,VARA DO TRABALHO DE FRAIBURGO,VARA DO TRABALHO DE FRAIBURGO,DESTINATARIA,2026-07-13 18:15:53,REDISTRIBUICAO,VALIDA,
0001180-58.2026.5.12.0009,0001180-58.2026.5.12.0009,1,1 VARA DO TRABALHO DE CHAPECO,1ª VARA DO TRABALHO DE CHAPECÓ,CEDENTE,2026-07-15 17:36:57,1 VARA DO TRABALHO DE BLUMENAU - TRIAGEM DE EQUALIZACAO,1ª VARA DO TRABALHO DE BLUMENAU - TRIAGEM DE EQUALIZAÇÃO,REDISTRIBUICAO,1 VARA DO TRABALHO DE BLUMENAU,1ª VARA DO TRABALHO DE BLUMENAU,DESTINATARIA,2026-07-15 18:05:26,REDISTRIBUICAO,VALIDA,
0001181-43.2026.5.12.0009,0001181-43.2026.5.12.0009,1,1 VARA DO TRABALHO DE CHAPECO,1ª VARA DO TRABALHO DE CHAPECÓ,CEDENTE,2026-07-16 13:52:28,1 VARA DO TRABALHO DE LAGES - TRIAGEM DE EQUALIZACAO,1ª VARA DO TRABALHO DE LAGES - TRIAGEM DE EQUALIZAÇÃO,REDISTRIBUICAO,1 VARA DO TRABALHO DE LAGES,1ª VARA DO TRABALHO DE LAGES,DESTINATARIA,2026-07-16 15:12:12,REDISTRIBUICAO,VALIDA,
0001182-28.2026.5.12.0009,0001182-28.2026.5.12.0009,1,1 VARA DO TRABALHO DE CHAPECO,1ª VARA DO TRABALHO DE CHAPECÓ,CEDENTE,2026-07-16 13:52:42,VARA DO TRABALHO DE CANOINHAS - TRIAGEM DE EQUALIZACAO,VARA DO TRABALHO DE CANOINHAS - TRIAGEM DE EQUALIZAÇÃO,REDISTRIBUICAO,VARA DO TRABALHO DE CANOINHAS,VARA DO TRABALHO DE CANOINHAS,DESTINATARIA,2026-07-16 15:20:08,REDISTRIBUICAO,VALIDA,
0001182-75.2026.5.12.0058,0001182-75.2026.5.12.0058,1,4 VARA DO TRABALHO DE CHAPECO,4ª VARA DO TRABALHO DE CHAPECÓ,CEDENTE,2026-07-14 17:44:40,3 VARA DO TRABALHO DE BLUMENAU - TRIAGEM DE EQUALIZACAO,3ª VARA DO TRABALHO DE BLUMENAU - TRIAGEM DE EQUALIZAÇÃO,REDISTRIBUICAO,3 VARA DO TRABALHO DE BLUMENAU,3ª VARA DO TRABALHO DE BLUMENAU,DESTINATARIA,2026-07-14 18:08:33,REDISTRIBUICAO,VALIDA,
0001183-13.2026.5.12.0009,0001183-13.2026.5.12.0009,1,1 VARA DO TRABALHO DE CHAPECO,1ª VARA DO TRABALHO DE CHAPECÓ,CEDENTE,2026-07-16 14:52:42,VARA DO TRABALHO DE CANOINHAS - TRIAGEM DE EQUALIZACAO,VARA DO TRABALHO DE CANOINHAS - TRIAGEM DE EQUALIZAÇÃO,REDISTRIBUICAO,VARA DO TRABALHO DE CANOINHAS,VARA DO TRABALHO DE CANOINHAS,DESTINATARIA,2026-07-16 15:56:17,REDISTRIBUICAO,VALIDA,
0001183-60.2026.5.12.0058,0001183-60.2026.5.12.0058,1,4 VARA DO TRABALHO DE CHAPECO,4ª VARA DO TRABALHO DE CHAPECÓ,CEDENTE,2026-07-14 17:44:54,1 VARA DO TRABALHO DE BLUMENAU - TRIAGEM DE EQUALIZACAO,1ª VARA DO TRABALHO DE BLUMENAU - TRIAGEM DE EQUALIZAÇÃO,REDISTRIBUICAO,1 VARA DO TRABALHO DE BLUMENAU,1ª VARA DO TRABALHO DE BLUMENAU,DESTINATARIA,2026-07-14 18:01:54,REDISTRIBUICAO,VALIDA,
0001183-63.2026.5.12.0057,0001183-63.2026.5.12.0057,1,3 VARA DO TRABALHO DE CHAPECO,3ª VARA DO TRABALHO DE CHAPECÓ,CEDENTE,2026-07-13 14:19:37,1 VARA DO TRABALHO DE BLUMENAU - TRIAGEM DE EQUALIZACAO,1ª VARA DO TRABALHO DE BLUMENAU - TRIAGEM DE EQUALIZAÇÃO,REDISTRIBUICAO,1 VARA DO TRABALHO DE BLUMENAU,1ª VARA DO TRABALHO DE BLUMENAU,DESTINATARIA,2026-07-13 14:40:41,REDISTRIBUICAO,VALIDA,
0001184-45.2026.5.12.0058,0001184-45.2026.5.12.0058,1,4 VARA DO TRABALHO DE CHAPECO,4ª VARA DO TRABALHO DE CHAPECÓ,CEDENTE,2026-07-15 13:38:36,VARA DO TRABALHO DE SAO BENTO DO SUL - TRIAGEM DE EQUALIZACAO,VARA DO TRABALHO DE SÃO BENTO DO SUL - TRIAGEM DE EQUALIZAÇÃO,REDISTRIBUICAO,VARA DO TRABALHO DE SAO BENTO DO SUL,VARA DO TRABALHO DE SÃO BENTO DO SUL,DESTINATARIA,2026-07-15 14:31:01,REDISTRIBUICAO,VALIDA,
0001184-95.2026.5.12.0009,0001184-95.2026.5.12.0009,1,1 VARA DO TRABALHO DE CHAPECO,1ª VARA DO TRABALHO DE CHAPECÓ,CEDENTE,2026-07-16 14:52:56,VARA DO TRABALHO DE INDAIAL - TRIAGEM DE EQUALIZACAO,VARA DO TRABALHO DE INDAIAL - TRIAGEM DE EQUALIZAÇÃO,REDISTRIBUICAO,VARA DO TRABALHO DE INDAIAL,VARA DO TRABALHO DE INDAIAL,DESTINATARIA,2026-07-16 18:51:42,REDISTRIBUICAO,VALIDA,
0001185-30.2026.5.12.0058,0001185-30.2026.5.12.0058,1,4 VARA DO TRABALHO DE CHAPECO,4ª VARA DO TRABALHO DE CHAPECÓ,CEDENTE,2026-07-15 13:38:50,2 VARA DO TRABALHO DE BLUMENAU - TRIAGEM DE EQUALIZACAO,2ª VARA DO TRABALHO DE BLUMENAU - TRIAGEM DE EQUALIZAÇÃO,REDISTRIBUICAO,2 VARA DO TRABALHO DE BLUMENAU,2ª VARA DO TRABALHO DE BLUMENAU,DESTINATARIA,2026-07-15 18:08:41,REDISTRIBUICAO,VALIDA,
0001185-33.2026.5.12.0057,0001185-33.2026.5.12.0057,1,3 VARA DO TRABALHO DE CHAPECO,3ª VARA DO TRABALHO DE CHAPECÓ,CEDENTE,2026-07-13 14:20:08,2 VARA DO TRABALHO DE LAGES - TRIAGEM DE EQUALIZACAO,2ª VARA DO TRABALHO DE LAGES - TRIAGEM DE EQUALIZAÇÃO,REDISTRIBUICAO,2 VARA DO TRABALHO DE LAGES,2ª VARA DO TRABALHO DE LAGES,DESTINATARIA,2026-07-13 14:46:42,REDISTRIBUICAO,VALIDA,
0001185-80.2026.5.12.0009,0001185-80.2026.5.12.0009,1,1 VARA DO TRABALHO DE CHAPECO,1ª VARA DO TRABALHO DE CHAPECÓ,CEDENTE,2026-07-16 14:53:09,VARA DO TRABALHO DE SAO BENTO DO SUL - TRIAGEM DE EQUALIZACAO,VARA DO TRABALHO DE SÃO BENTO DO SUL - TRIAGEM DE EQUALIZAÇÃO,REDISTRIBUICAO,VARA DO TRABALHO DE SAO BENTO DO SUL,VARA DO TRABALHO DE SÃO BENTO DO SUL,DESTINATARIA,2026-07-16 16:00:42,REDISTRIBUICAO,VALIDA,
0001186-15.2026.5.12.0058,0001186-15.2026.5.12.0058,1,4 VARA DO TRABALHO DE CHAPECO,4ª VARA DO TRABALHO DE CHAPECÓ,CEDENTE,2026-07-15 13:39:04,VARA DO TRABALHO DE INDAIAL - TRIAGEM DE EQUALIZACAO,VARA DO TRABALHO DE INDAIAL - TRIAGEM DE EQUALIZAÇÃO,REDISTRIBUICAO,VARA DO TRABALHO DE INDAIAL,VARA DO TRABALHO DE INDAIAL,DESTINATARIA,2026-07-15 14:29:08,REDISTRIBUICAO,VALIDA,
0001186-65.2026.5.12.0009,0001186-65.2026.5.12.0009,1,1 VARA DO TRABALHO DE CHAPECO,1ª VARA DO TRABALHO DE CHAPECÓ,CEDENTE,2026-07-16 14:53:21,2 VARA DO TRABALHO DE TUBARAO - TRIAGEM DE EQUALIZACAO,2ª VARA DO TRABALHO DE TUBARÃO - TRIAGEM DE EQUALIZAÇÃO,REDISTRIBUICAO,2 VARA DO TRABALHO DE TUBARAO,2ª VARA DO TRABALHO DE TUBARÃO,DESTINATARIA,2026-07-16 15:55:42,REDISTRIBUICAO,VALIDA,
0001187-03.2026.5.12.0057,0001187-03.2026.5.12.0057,1,3 VARA DO TRABALHO DE CHAPECO,3ª VARA DO TRABALHO DE CHAPECÓ,CEDENTE,2026-07-13 14:20:26,2 VARA DO TRABALHO DE BRUSQUE - TRIAGEM DE EQUALIZACAO,2ª VARA DO TRABALHO DE BRUSQUE - TRIAGEM DE EQUALIZAÇÃO,REDISTRIBUICAO,2 VARA DO TRABALHO DE BRUSQUE,2ª VARA DO TRABALHO DE BRUSQUE,DESTINATARIA,2026-07-13 14:44:41,REDISTRIBUICAO,VALIDA,
0001187-50.2026.5.12.0009,0001187-50.2026.5.12.0009,1,1 VARA DO TRABALHO DE CHAPECO,1ª VARA DO TRABALHO DE CHAPECÓ,CEDENTE,2026-07-27 17:26:32,VARA DO TRABALHO DE CANOINHAS - TRIAGEM DE EQUALIZACAO,VARA DO TRABALHO DE CANOINHAS - TRIAGEM DE EQUALIZAÇÃO,REDISTRIBUICAO,VARA DO TRABALHO DE CANOINHAS,VARA DO TRABALHO DE CANOINHAS,DESTINATARIA,2026-07-27 18:47:39,REDISTRIBUICAO,VALIDA,
0001188-35.2026.5.12.0009,0001188-35.2026.5.12.0009,1,1 VARA DO TRABALHO DE CHAPECO,1ª VARA DO TRABALHO DE CHAPECÓ,CEDENTE,2026-07-16 18:06:21,1 VARA DO TRABALHO DE BLUMENAU - TRIAGEM DE EQUALIZACAO,1ª VARA DO TRABALHO DE BLUMENAU - TRIAGEM DE EQUALIZAÇÃO,REDISTRIBUICAO,1 VARA DO TRABALHO DE BLUMENAU,1ª VARA DO TRABALHO DE BLUMENAU,DESTINATARIA,2026-07-16 18:31:48,REDISTRIBUICAO,VALIDA,
0001188-82.2026.5.12.0058,0001188-82.2026.5.12.0058,1,4 VARA DO TRABALHO DE CHAPECO,4ª VARA DO TRABALHO DE CHAPECÓ,CEDENTE,2026-07-15 17:37:51,2 VARA DO TRABALHO DE BRUSQUE - TRIAGEM DE EQUALIZACAO,2ª VARA DO TRABALHO DE BRUSQUE - TRIAGEM DE EQUALIZAÇÃO,REDISTRIBUICAO,2 VARA DO TRABALHO DE BRUSQUE,2ª VARA DO TRABALHO DE BRUSQUE,DESTINATARIA,2026-07-15 18:09:25,REDISTRIBUICAO,VALIDA,
0001188-85.2026.5.12.0057,0001188-85.2026.5.12.0057,1,3 VARA DO TRABALHO DE CHAPECO,3ª VARA DO TRABALHO DE CHAPECÓ,CEDENTE,2026-07-13 17:35:19,VARA DO TRABALHO DE CURITIBANOS - TRIAGEM DE EQUALIZACAO,VARA DO TRABALHO DE CURITIBANOS - TRIAGEM DE EQUALIZAÇÃO,REDISTRIBUICAO,VARA DO TRABALHO DE CURITIBANOS,VARA DO TRABALHO DE CURITIBANOS,DESTINATARIA,2026-07-13 18:14:38,REDISTRIBUICAO,VALIDA,
0001189-20.2026.5.12.0009,0001189-20.2026.5.12.0009,1,1 VARA DO TRABALHO DE CHAPECO,1ª VARA DO TRABALHO DE CHAPECÓ,CEDENTE,2026-07-16 18:06:34,VARA DO TRABALHO DE FRAIBURGO - TRIAGEM DE EQUALIZACAO,VARA DO TRABALHO DE FRAIBURGO - TRIAGEM DE EQUALIZAÇÃO,REDISTRIBUICAO,VARA DO TRABALHO DE FRAIBURGO,VARA DO TRABALHO DE FRAIBURGO,DESTINATARIA,2026-07-16 18:51:00,REDISTRIBUICAO,VALIDA,
0001189-67.2026.5.12.0058,0001189-67.2026.5.12.0058,1,4 VARA DO TRABALHO DE CHAPECO,4ª VARA DO TRABALHO DE CHAPECÓ,CEDENTE,2026-07-15 17:38:04,VARA DO TRABALHO DE FRAIBURGO - TRIAGEM DE EQUALIZACAO,VARA DO TRABALHO DE FRAIBURGO - TRIAGEM DE EQUALIZAÇÃO,REDISTRIBUICAO,VARA DO TRABALHO DE FRAIBURGO,VARA DO TRABALHO DE FRAIBURGO,DESTINATARIA,2026-07-15 18:17:38,REDISTRIBUICAO,VALIDA,
0001190-55.2026.5.12.0057,0001190-55.2026.5.12.0057,1,3 VARA DO TRABALHO DE CHAPECO,3ª VARA DO TRABALHO DE CHAPECÓ,CEDENTE,2026-07-13 17:35:32,VARA DO TRABALHO DE ARARANGUA - TRIAGEM DE EQUALIZACAO,VARA DO TRABALHO DE ARARANGUÁ - TRIAGEM DE EQUALIZAÇÃO,REDISTRIBUICAO,VARA DO TRABALHO DE ARARANGUA,VARA DO TRABALHO DE ARARANGUÁ,DESTINATARIA,2026-07-13 18:12:57,REDISTRIBUICAO,VALIDA,
0001191-37.2026.5.12.0058,0001191-37.2026.5.12.0058,1,4 VARA DO TRABALHO DE CHAPECO,4ª VARA DO TRABALHO DE CHAPECÓ,CEDENTE,2026-07-15 17:38:18,1 VARA DO TRABALHO DE BRUSQUE - TRIAGEM DE EQUALIZACAO,1ª VARA DO TRABALHO DE BRUSQUE - TRIAGEM DE EQUALIZAÇÃO,REDISTRIBUICAO,1 VARA DO TRABALHO DE BRUSQUE,1ª VARA DO TRABALHO DE BRUSQUE,DESTINATARIA,2026-07-15 18:06:08,REDISTRIBUICAO,VALIDA,
0001191-40.2026.5.12.0057,0001191-40.2026.5.12.0057,1,3 VARA DO TRABALHO DE CHAPECO,3ª VARA DO TRABALHO DE CHAPECÓ,CEDENTE,2026-07-13 17:35:45,3 VARA DO TRABALHO DE LAGES - TRIAGEM DE EQUALIZACAO,3ª VARA DO TRABALHO DE LAGES - TRIAGEM DE EQUALIZAÇÃO,REDISTRIBUICAO,3 VARA DO TRABALHO DE LAGES,3ª VARA DO TRABALHO DE LAGES,DESTINATARIA,2026-07-13 18:12:02,REDISTRIBUICAO,VALIDA,
0001191-87.2026.5.12.0009,0001191-87.2026.5.12.0009,1,1 VARA DO TRABALHO DE CHAPECO,1ª VARA DO TRABALHO DE CHAPECÓ,CEDENTE,2026-07-16 18:25:47,VARA DO TRABALHO DE MAFRA - TRIAGEM DE EQUALIZACAO,VARA DO TRABALHO DE MAFRA - TRIAGEM DE EQUALIZAÇÃO,REDISTRIBUICAO,VARA DO TRABALHO DE MAFRA,VARA DO TRABALHO DE MAFRA,DESTINATARIA,2026-07-16 18:48:04,REDISTRIBUICAO,VALIDA,
0001192-22.2026.5.12.0058,0001192-22.2026.5.12.0058,1,4 VARA DO TRABALHO DE CHAPECO,4ª VARA DO TRABALHO DE CHAPECÓ,CEDENTE,2026-07-16 14:54:38,3 VARA DO TRABALHO DE BLUMENAU - TRIAGEM DE EQUALIZACAO,3ª VARA DO TRABALHO DE BLUMENAU - TRIAGEM DE EQUALIZAÇÃO,REDISTRIBUICAO,3 VARA DO TRABALHO DE BLUMENAU,3ª VARA DO TRABALHO DE BLUMENAU,DESTINATARIA,2026-07-16 15:17:12,REDISTRIBUICAO,VALIDA,
0001192-25.2026.5.12.0057,0001192-25.2026.5.12.0057,1,3 VARA DO TRABALHO DE CHAPECO,3ª VARA DO TRABALHO DE CHAPECÓ,CEDENTE,2026-07-13 17:51:24,3 VARA DO TRABALHO DE LAGES - TRIAGEM DE EQUALIZACAO,3ª VARA DO TRABALHO DE LAGES - TRIAGEM DE EQUALIZAÇÃO,REDISTRIBUICAO,3 VARA DO TRABALHO DE LAGES,3ª VARA DO TRABALHO DE LAGES,DESTINATARIA,2026-07-13 18:12:14,REDISTRIBUICAO,VALIDA,
0001192-72.2026.5.12.0009,0001192-72.2026.5.12.0009,1,1 VARA DO TRABALHO DE CHAPECO,1ª VARA DO TRABALHO DE CHAPECÓ,CEDENTE,2026-07-17 13:50:17,2 VARA DO TRABALHO DE BRUSQUE - TRIAGEM DE EQUALIZACAO,2ª VARA DO TRABALHO DE BRUSQUE - TRIAGEM DE EQUALIZAÇÃO,REDISTRIBUICAO,2 VARA DO TRABALHO DE BRUSQUE,2ª VARA DO TRABALHO DE BRUSQUE,DESTINATARIA,2026-07-17 14:21:15,REDISTRIBUICAO,VALIDA,
0001193-10.2026.5.12.0057,0001193-10.2026.5.12.0057,1,3 VARA DO TRABALHO DE CHAPECO,3ª VARA DO TRABALHO DE CHAPECÓ,CEDENTE,2026-07-14 13:52:16,2 VARA DO TRABALHO DE LAGES - TRIAGEM DE EQUALIZACAO,2ª VARA DO TRABALHO DE LAGES - TRIAGEM DE EQUALIZAÇÃO,REDISTRIBUICAO,2 VARA DO TRABALHO DE LAGES,2ª VARA DO TRABALHO DE LAGES,DESTINATARIA,2026-07-14 18:06:41,REDISTRIBUICAO,VALIDA,
0001193-57.2026.5.12.0009,0001193-57.2026.5.12.0009,1,1 VARA DO TRABALHO DE CHAPECO,1ª VARA DO TRABALHO DE CHAPECÓ,CEDENTE,2026-07-17 13:50:31,VARA DO TRABALHO DE FRAIBURGO - TRIAGEM DE EQUALIZACAO,VARA DO TRABALHO DE FRAIBURGO - TRIAGEM DE EQUALIZAÇÃO,REDISTRIBUICAO,VARA DO TRABALHO DE FRAIBURGO,VARA DO TRABALHO DE FRAIBURGO,DESTINATARIA,2026-07-17 18:19:05,REDISTRIBUICAO,VALIDA,
0001194-42.2026.5.12.0009,0001194-42.2026.5.12.0009,1,1 VARA DO TRABALHO DE CHAPECO,1ª VARA DO TRABALHO DE CHAPECÓ,CEDENTE,2026-07-17 13:50:44,3 VARA DO TRABALHO DE BLUMENAU - TRIAGEM DE EQUALIZACAO,3ª VARA DO TRABALHO DE BLUMENAU - TRIAGEM DE EQUALIZAÇÃO,REDISTRIBUICAO,3 VARA DO TRABALHO DE BLUMENAU,3ª VARA DO TRABALHO DE BLUMENAU,DESTINATARIA,2026-07-17 14:23:57,REDISTRIBUICAO,VALIDA,
0001194-89.2026.5.12.0058,0001194-89.2026.5.12.0058,1,4 VARA DO TRABALHO DE CHAPECO,4ª VARA DO TRABALHO DE CHAPECÓ,CEDENTE,2026-07-16 18:08:05,1 VARA DO TRABALHO DE BLUMENAU - TRIAGEM DE EQUALIZACAO,1ª VARA DO TRABALHO DE BLUMENAU - TRIAGEM DE EQUALIZAÇÃO,REDISTRIBUICAO,1 VARA DO TRABALHO DE BLUMENAU,1ª VARA DO TRABALHO DE BLUMENAU,DESTINATARIA,2026-07-16 18:32:00,REDISTRIBUICAO,VALIDA,
0001194-92.2026.5.12.0057,0001194-92.2026.5.12.0057,1,3 VARA DO TRABALHO DE CHAPECO,3ª VARA DO TRABALHO DE CHAPECÓ,CEDENTE,2026-07-14 13:52:28,3 VARA DO TRABALHO DE LAGES - TRIAGEM DE EQUALIZACAO,3ª VARA DO TRABALHO DE LAGES - TRIAGEM DE EQUALIZAÇÃO,REDISTRIBUICAO,3 VARA DO TRABALHO DE LAGES,3ª VARA DO TRABALHO DE LAGES,DESTINATARIA,2026-07-14 18:09:03,REDISTRIBUICAO,VALIDA,
0001195-27.2026.5.12.0009,0001195-27.2026.5.12.0009,1,1 VARA DO TRABALHO DE CHAPECO,1ª VARA DO TRABALHO DE CHAPECÓ,CEDENTE,2026-07-17 13:50:58,VARA DO TRABALHO DE MAFRA - TRIAGEM DE EQUALIZACAO,VARA DO TRABALHO DE MAFRA - TRIAGEM DE EQUALIZAÇÃO,REDISTRIBUICAO,VARA DO TRABALHO DE MAFRA,VARA DO TRABALHO DE MAFRA,DESTINATARIA,2026-07-17 14:32:27,REDISTRIBUICAO,VALIDA,
0001195-74.2026.5.12.0058,0001195-74.2026.5.12.0058,1,4 VARA DO TRABALHO DE CHAPECO,4ª VARA DO TRABALHO DE CHAPECÓ,CEDENTE,2026-07-16 18:08:15,2 VARA DO TRABALHO DE TUBARAO - TRIAGEM DE EQUALIZACAO,2ª VARA DO TRABALHO DE TUBARÃO - TRIAGEM DE EQUALIZAÇÃO,REDISTRIBUICAO,2 VARA DO TRABALHO DE TUBARAO,2ª VARA DO TRABALHO DE TUBARÃO,DESTINATARIA,2026-07-16 18:35:01,REDISTRIBUICAO,VALIDA,
0001196-12.2026.5.12.0009,0001196-12.2026.5.12.0009,1,1 VARA DO TRABALHO DE CHAPECO,1ª VARA DO TRABALHO DE CHAPECÓ,CEDENTE,2026-07-17 13:51:12,VARA DO TRABALHO DE FRAIBURGO - TRIAGEM DE EQUALIZACAO,VARA DO TRABALHO DE FRAIBURGO - TRIAGEM DE EQUALIZAÇÃO,REDISTRIBUICAO,VARA DO TRABALHO DE FRAIBURGO,VARA DO TRABALHO DE FRAIBURGO,DESTINATARIA,2026-07-17 14:30:21,REDISTRIBUICAO,VALIDA,
0001196-62.2026.5.12.0057,0001196-62.2026.5.12.0057,1,3 VARA DO TRABALHO DE CHAPECO,3ª VARA DO TRABALHO DE CHAPECÓ,CEDENTE,2026-07-14 17:43:51,2 VARA DO TRABALHO DE LAGES - TRIAGEM DE EQUALIZACAO,2ª VARA DO TRABALHO DE LAGES - TRIAGEM DE EQUALIZAÇÃO,REDISTRIBUICAO,2 VARA DO TRABALHO DE LAGES,2ª VARA DO TRABALHO DE LAGES,DESTINATARIA,2026-07-14 18:06:55,REDISTRIBUICAO,VALIDA,
0001197-47.2026.5.12.0057,0001197-47.2026.5.12.0057,1,3 VARA DO TRABALHO DE CHAPECO,3ª VARA DO TRABALHO DE CHAPECÓ,CEDENTE,2026-07-14 17:55:22,VARA DO TRABALHO DE CURITIBANOS - TRIAGEM DE EQUALIZACAO,VARA DO TRABALHO DE CURITIBANOS - TRIAGEM DE EQUALIZAÇÃO,REDISTRIBUICAO,VARA DO TRABALHO DE CURITIBANOS,VARA DO TRABALHO DE CURITIBANOS,DESTINATARIA,2026-07-14 18:11:56,REDISTRIBUICAO,VALIDA,
0001197-94.2026.5.12.0009,0001197-94.2026.5.12.0009,1,1 VARA DO TRABALHO DE CHAPECO,1ª VARA DO TRABALHO DE CHAPECÓ,CEDENTE,2026-07-17 14:07:39,2 VARA DO TRABALHO DE LAGES - TRIAGEM DE EQUALIZACAO,2ª VARA DO TRABALHO DE LAGES - TRIAGEM DE EQUALIZAÇÃO,REDISTRIBUICAO,2 VARA DO TRABALHO DE LAGES,2ª VARA DO TRABALHO DE LAGES,DESTINATARIA,2026-07-17 14:22:42,REDISTRIBUICAO,VALIDA,
0001198-29.2026.5.12.0058,0001198-29.2026.5.12.0058,1,4 VARA DO TRABALHO DE CHAPECO,4ª VARA DO TRABALHO DE CHAPECÓ,CEDENTE,2026-07-16 14:55:28,1 VARA DO TRABALHO DE TUBARAO - TRIAGEM DE EQUALIZACAO,1ª VARA DO TRABALHO DE TUBARÃO - TRIAGEM DE EQUALIZAÇÃO,REDISTRIBUICAO,1 VARA DO TRABALHO DE TUBARAO,1ª VARA DO TRABALHO DE TUBARÃO,DESTINATARIA,2026-07-16 15:13:10,REDISTRIBUICAO,VALIDA,
0001198-32.2026.5.12.0057,0001198-32.2026.5.12.0057,1,3 VARA DO TRABALHO DE CHAPECO,3ª VARA DO TRABALHO DE CHAPECÓ,CEDENTE,2026-07-15 13:37:36,2 VARA DO TRABALHO DE LAGES - TRIAGEM DE EQUALIZACAO,2ª VARA DO TRABALHO DE LAGES - TRIAGEM DE EQUALIZAÇÃO,REDISTRIBUICAO,2 VARA DO TRABALHO DE LAGES,2ª VARA DO TRABALHO DE LAGES,DESTINATARIA,2026-07-15 14:21:33,REDISTRIBUICAO,VALIDA,
0001199-17.2026.5.12.0057,0001199-17.2026.5.12.0057,1,3 VARA DO TRABALHO DE CHAPECO,3ª VARA DO TRABALHO DE CHAPECÓ,CEDENTE,2026-07-15 13:37:52,2 VARA DO TRABALHO DE BRUSQUE - TRIAGEM DE EQUALIZACAO,2ª VARA DO TRABALHO DE BRUSQUE - TRIAGEM DE EQUALIZAÇÃO,REDISTRIBUICAO,2 VARA DO TRABALHO DE BRUSQUE,2ª VARA DO TRABALHO DE BRUSQUE,DESTINATARIA,2026-07-15 14:20:24,REDISTRIBUICAO,VALIDA,
0001199-64.2026.5.12.0009,0001199-64.2026.5.12.0009,1,1 VARA DO TRABALHO DE CHAPECO,1ª VARA DO TRABALHO DE CHAPECÓ,CEDENTE,2026-07-17 17:26:03,VARA DO TRABALHO DE INDAIAL - TRIAGEM DE EQUALIZACAO,VARA DO TRABALHO DE INDAIAL - TRIAGEM DE EQUALIZAÇÃO,REDISTRIBUICAO,VARA DO TRABALHO DE INDAIAL,VARA DO TRABALHO DE INDAIAL,DESTINATARIA,2026-07-17 18:20:42,REDISTRIBUICAO,VALIDA,
0001200-02.2026.5.12.0057,0001200-02.2026.5.12.0057,1,3 VARA DO TRABALHO DE CHAPECO,3ª VARA DO TRABALHO DE CHAPECÓ,CEDENTE,2026-07-15 13:38:06,3 VARA DO TRABALHO DE LAGES - TRIAGEM DE EQUALIZACAO,3ª VARA DO TRABALHO DE LAGES - TRIAGEM DE EQUALIZAÇÃO,REDISTRIBUICAO,3 VARA DO TRABALHO DE LAGES,3ª VARA DO TRABALHO DE LAGES,DESTINATARIA,2026-07-15 14:24:45,REDISTRIBUICAO,VALIDA,
0001200-49.2026.5.12.0009,0001200-49.2026.5.12.0009,1,1 VARA DO TRABALHO DE CHAPECO,1ª VARA DO TRABALHO DE CHAPECÓ,CEDENTE,2026-07-17 17:26:18,4 VARA DO TRABALHO DE BLUMENAU - TRIAGEM DE EQUALIZACAO,4ª VARA DO TRABALHO DE BLUMENAU - TRIAGEM DE EQUALIZAÇÃO,REDISTRIBUICAO,4 VARA DO TRABALHO DE BLUMENAU,4ª VARA DO TRABALHO DE BLUMENAU,DESTINATARIA,2026-07-17 18:15:16,REDISTRIBUICAO,VALIDA,
0001200-96.2026.5.12.0058,0001200-96.2026.5.12.0058,1,4 VARA DO TRABALHO DE CHAPECO,4ª VARA DO TRABALHO DE CHAPECÓ,CEDENTE,2026-07-16 14:55:41,VARA DO TRABALHO DE CURITIBANOS - TRIAGEM DE EQUALIZACAO,VARA DO TRABALHO DE CURITIBANOS - TRIAGEM DE EQUALIZAÇÃO,REDISTRIBUICAO,VARA DO TRABALHO DE CURITIBANOS,VARA DO TRABALHO DE CURITIBANOS,DESTINATARIA,2026-07-16 18:44:22,REDISTRIBUICAO,VALIDA,
0001201-34.2026.5.12.0009,0001201-34.2026.5.12.0009,1,1 VARA DO TRABALHO DE CHAPECO,1ª VARA DO TRABALHO DE CHAPECÓ,CEDENTE,2026-07-17 17:26:33,4 VARA DO TRABALHO DE BLUMENAU - TRIAGEM DE EQUALIZACAO,4ª VARA DO TRABALHO DE BLUMENAU - TRIAGEM DE EQUALIZAÇÃO,REDISTRIBUICAO,4 VARA DO TRABALHO DE BLUMENAU,4ª VARA DO TRABALHO DE BLUMENAU,DESTINATARIA,2026-07-17 18:15:28,REDISTRIBUICAO,VALIDA,
0001201-84.2026.5.12.0057,0001201-84.2026.5.12.0057,1,3 VARA DO TRABALHO DE CHAPECO,3ª VARA DO TRABALHO DE CHAPECÓ,CEDENTE,2026-07-15 13:38:20,1 VARA DO TRABALHO DE LAGES - TRIAGEM DE EQUALIZACAO,1ª VARA DO TRABALHO DE LAGES - TRIAGEM DE EQUALIZAÇÃO,REDISTRIBUICAO,1 VARA DO TRABALHO DE LAGES,1ª VARA DO TRABALHO DE LAGES,DESTINATARIA,2026-07-15 14:17:54,REDISTRIBUICAO,VALIDA,
0001202-19.2026.5.12.0009,0001202-19.2026.5.12.0009,1,1 VARA DO TRABALHO DE CHAPECO,1ª VARA DO TRABALHO DE CHAPECÓ,CEDENTE,2026-07-17 17:26:48,VARA DO TRABALHO DE ARARANGUA - TRIAGEM DE EQUALIZACAO,VARA DO TRABALHO DE ARARANGUÁ - TRIAGEM DE EQUALIZAÇÃO,REDISTRIBUICAO,VARA DO TRABALHO DE ARARANGUA,VARA DO TRABALHO DE ARARANGUÁ,DESTINATARIA,2026-07-17 18:16:40,REDISTRIBUICAO,VALIDA,
0001203-51.2026.5.12.0058,0001203-51.2026.5.12.0058,1,4 VARA DO TRABALHO DE CHAPECO,4ª VARA DO TRABALHO DE CHAPECÓ,CEDENTE,2026-07-17 13:51:39,3 VARA DO TRABALHO DE LAGES - TRIAGEM DE EQUALIZACAO,3ª VARA DO TRABALHO DE LAGES - TRIAGEM DE EQUALIZAÇÃO,REDISTRIBUICAO,3 VARA DO TRABALHO DE LAGES,3ª VARA DO TRABALHO DE LAGES,DESTINATARIA,2026-07-17 14:25:07,REDISTRIBUICAO,VALIDA,
0001204-36.2026.5.12.0058,0001204-36.2026.5.12.0058,1,4 VARA DO TRABALHO DE CHAPECO,4ª VARA DO TRABALHO DE CHAPECÓ,CEDENTE,2026-07-17 13:51:52,VARA DO TRABALHO DE SAO BENTO DO SUL - TRIAGEM DE EQUALIZACAO,VARA DO TRABALHO DE SÃO BENTO DO SUL - TRIAGEM DE EQUALIZAÇÃO,REDISTRIBUICAO,VARA DO TRABALHO DE SAO BENTO DO SUL,VARA DO TRABALHO DE SÃO BENTO DO SUL,DESTINATARIA,2026-07-17 18:22:51,REDISTRIBUICAO,VALIDA,
0001204-39.2026.5.12.0057,0001204-39.2026.5.12.0057,1,3 VARA DO TRABALHO DE CHAPECO,3ª VARA DO TRABALHO DE CHAPECÓ,CEDENTE,2026-07-15 17:37:38,2 VARA DO TRABALHO DE BLUMENAU - TRIAGEM DE EQUALIZACAO,2ª VARA DO TRABALHO DE BLUMENAU - TRIAGEM DE EQUALIZAÇÃO,REDISTRIBUICAO,2 VARA DO TRABALHO DE BLUMENAU,2ª VARA DO TRABALHO DE BLUMENAU,DESTINATARIA,2026-07-15 18:08:55,REDISTRIBUICAO,VALIDA,
0001204-86.2026.5.12.0009,0001204-86.2026.5.12.0009,1,1 VARA DO TRABALHO DE CHAPECO,1ª VARA DO TRABALHO DE CHAPECÓ,CEDENTE,2026-07-20 14:01:49,2 VARA DO TRABALHO DE LAGES - TRIAGEM DE EQUALIZACAO,2ª VARA DO TRABALHO DE LAGES - TRIAGEM DE EQUALIZAÇÃO,REDISTRIBUICAO,2 VARA DO TRABALHO DE LAGES,2ª VARA DO TRABALHO DE LAGES,DESTINATARIA,2026-07-20 14:36:19,REDISTRIBUICAO,VALIDA,
0001205-21.2026.5.12.0058,0001205-21.2026.5.12.0058,1,4 VARA DO TRABALHO DE CHAPECO,4ª VARA DO TRABALHO DE CHAPECÓ,CEDENTE,2026-07-17 13:52:05,VARA DO TRABALHO DE CANOINHAS - TRIAGEM DE EQUALIZACAO,VARA DO TRABALHO DE CANOINHAS - TRIAGEM DE EQUALIZAÇÃO,REDISTRIBUICAO,VARA DO TRABALHO DE CANOINHAS,VARA DO TRABALHO DE CANOINHAS,DESTINATARIA,2026-07-17 14:26:48,REDISTRIBUICAO,VALIDA,
0001206-09.2026.5.12.0057,0001206-09.2026.5.12.0057,1,3 VARA DO TRABALHO DE CHAPECO,3ª VARA DO TRABALHO DE CHAPECÓ,CEDENTE,2026-07-15 17:54:52,1 VARA DO TRABALHO DE TUBARAO - TRIAGEM DE EQUALIZACAO,1ª VARA DO TRABALHO DE TUBARÃO - TRIAGEM DE EQUALIZAÇÃO,REDISTRIBUICAO,1 VARA DO TRABALHO DE TUBARAO,1ª VARA DO TRABALHO DE TUBARÃO,DESTINATARIA,2026-07-15 18:07:46,REDISTRIBUICAO,VALIDA,
0001206-56.2026.5.12.0009,0001206-56.2026.5.12.0009,1,1 VARA DO TRABALHO DE CHAPECO,1ª VARA DO TRABALHO DE CHAPECÓ,CEDENTE,2026-07-20 14:02:04,VARA DO TRABALHO DE MAFRA - TRIAGEM DE EQUALIZACAO,VARA DO TRABALHO DE MAFRA - TRIAGEM DE EQUALIZAÇÃO,REDISTRIBUICAO,VARA DO TRABALHO DE MAFRA,VARA DO TRABALHO DE MAFRA,DESTINATARIA,2026-07-20 14:42:09,REDISTRIBUICAO,VALIDA,
0001207-41.2026.5.12.0009,0001207-41.2026.5.12.0009,1,1 VARA DO TRABALHO DE CHAPECO,1ª VARA DO TRABALHO DE CHAPECÓ,CEDENTE,2026-07-20 17:03:41,VARA DO TRABALHO DE CANOINHAS - TRIAGEM DE EQUALIZACAO,VARA DO TRABALHO DE CANOINHAS - TRIAGEM DE EQUALIZAÇÃO,REDISTRIBUICAO,VARA DO TRABALHO DE CANOINHAS,VARA DO TRABALHO DE CANOINHAS,DESTINATARIA,2026-07-20 17:24:38,REDISTRIBUICAO,VALIDA,
0001207-88.2026.5.12.0058,0001207-88.2026.5.12.0058,1,4 VARA DO TRABALHO DE CHAPECO,4ª VARA DO TRABALHO DE CHAPECÓ,CEDENTE,2026-07-17 17:29:02,1 VARA DO TRABALHO DE BLUMENAU - TRIAGEM DE EQUALIZACAO,1ª VARA DO TRABALHO DE BLUMENAU - TRIAGEM DE EQUALIZAÇÃO,REDISTRIBUICAO,1 VARA DO TRABALHO DE BLUMENAU,1ª VARA DO TRABALHO DE BLUMENAU,DESTINATARIA,2026-07-17 18:08:09,REDISTRIBUICAO,VALIDA,
0001207-91.2026.5.12.0057,0001207-91.2026.5.12.0057,1,3 VARA DO TRABALHO DE CHAPECO,3ª VARA DO TRABALHO DE CHAPECÓ,CEDENTE,2026-07-16 14:54:01,1 VARA DO TRABALHO DE BLUMENAU - TRIAGEM DE EQUALIZACAO,1ª VARA DO TRABALHO DE BLUMENAU - TRIAGEM DE EQUALIZAÇÃO,REDISTRIBUICAO,1 VARA DO TRABALHO DE BLUMENAU,1ª VARA DO TRABALHO DE BLUMENAU,DESTINATARIA,2026-07-16 15:11:33,REDISTRIBUICAO,VALIDA,
0001208-26.2026.5.12.0009,0001208-26.2026.5.12.0009,1,1 VARA DO TRABALHO DE CHAPECO,1ª VARA DO TRABALHO DE CHAPECÓ,CEDENTE,2026-07-20 14:02:54,VARA DO TRABALHO DE CANOINHAS - TRIAGEM DE EQUALIZACAO,VARA DO TRABALHO DE CANOINHAS - TRIAGEM DE EQUALIZAÇÃO,REDISTRIBUICAO,VARA DO TRABALHO DE CANOINHAS,VARA DO TRABALHO DE CANOINHAS,DESTINATARIA,2026-07-20 14:41:00,REDISTRIBUICAO,VALIDA,
0001208-73.2026.5.12.0058,0001208-73.2026.5.12.0058,1,4 VARA DO TRABALHO DE CHAPECO,4ª VARA DO TRABALHO DE CHAPECÓ,CEDENTE,2026-07-17 17:29:16,2 VARA DO TRABALHO DE TUBARAO - TRIAGEM DE EQUALIZACAO,2ª VARA DO TRABALHO DE TUBARÃO - TRIAGEM DE EQUALIZAÇÃO,REDISTRIBUICAO,2 VARA DO TRABALHO DE TUBARAO,2ª VARA DO TRABALHO DE TUBARÃO,DESTINATARIA,2026-07-17 18:13:23,REDISTRIBUICAO,VALIDA,
0001208-76.2026.5.12.0057,0001208-76.2026.5.12.0057,1,3 VARA DO TRABALHO DE CHAPECO,3ª VARA DO TRABALHO DE CHAPECÓ,CEDENTE,2026-07-16 14:54:13,1 VARA DO TRABALHO DE BLUMENAU - TRIAGEM DE EQUALIZACAO,1ª VARA DO TRABALHO DE BLUMENAU - TRIAGEM DE EQUALIZAÇÃO,REDISTRIBUICAO,1 VARA DO TRABALHO DE BLUMENAU,1ª VARA DO TRABALHO DE BLUMENAU,DESTINATARIA,2026-07-16 15:11:45,REDISTRIBUICAO,VALIDA,
0001209-11.2026.5.12.0009,0001209-11.2026.5.12.0009,1,1 VARA DO TRABALHO DE CHAPECO,1ª VARA DO TRABALHO DE CHAPECÓ,CEDENTE,2026-07-20 14:03:08,1 VARA DO TRABALHO DE BLUMENAU - TRIAGEM DE EQUALIZACAO,1ª VARA DO TRABALHO DE BLUMENAU - TRIAGEM DE EQUALIZAÇÃO,REDISTRIBUICAO,1 VARA DO TRABALHO DE BLUMENAU,1ª VARA DO TRABALHO DE BLUMENAU,DESTINATARIA,2026-07-20 14:33:56,REDISTRIBUICAO,VALIDA,
0001209-58.2026.5.12.0058,0001209-58.2026.5.12.0058,1,4 VARA DO TRABALHO DE CHAPECO,4ª VARA DO TRABALHO DE CHAPECÓ,CEDENTE,2026-07-20 14:04:07,3 VARA DO TRABALHO DE LAGES - TRIAGEM DE EQUALIZACAO,3ª VARA DO TRABALHO DE LAGES - TRIAGEM DE EQUALIZAÇÃO,REDISTRIBUICAO,3 VARA DO TRABALHO DE LAGES,3ª VARA DO TRABALHO DE LAGES,DESTINATARIA,2026-07-20 14:38:45,REDISTRIBUICAO,VALIDA,
0001209-61.2026.5.12.0057,0001209-61.2026.5.12.0057,1,3 VARA DO TRABALHO DE CHAPECO,3ª VARA DO TRABALHO DE CHAPECÓ,CEDENTE,2026-07-16 14:54:25,VARA DO TRABALHO DE FRAIBURGO - TRIAGEM DE EQUALIZACAO,VARA DO TRABALHO DE FRAIBURGO - TRIAGEM DE EQUALIZAÇÃO,REDISTRIBUICAO,VARA DO TRABALHO DE FRAIBURGO,VARA DO TRABALHO DE FRAIBURGO,DESTINATARIA,2026-07-16 15:57:28,REDISTRIBUICAO,VALIDA,
0001210-43.2026.5.12.0058,0001210-43.2026.5.12.0058,1,4 VARA DO TRABALHO DE CHAPECO,4ª VARA DO TRABALHO DE CHAPECÓ,CEDENTE,2026-07-20 14:04:21,3 VARA DO TRABALHO DE LAGES - TRIAGEM DE EQUALIZACAO,3ª VARA DO TRABALHO DE LAGES - TRIAGEM DE EQUALIZAÇÃO,REDISTRIBUICAO,3 VARA DO TRABALHO DE LAGES,3ª VARA DO TRABALHO DE LAGES,DESTINATARIA,2026-07-20 14:38:57,REDISTRIBUICAO,VALIDA,
0001210-93.2026.5.12.0009,0001210-93.2026.5.12.0009,1,1 VARA DO TRABALHO DE CHAPECO,1ª VARA DO TRABALHO DE CHAPECÓ,CEDENTE,2026-07-20 14:03:23,VARA DO TRABALHO DE CANOINHAS - TRIAGEM DE EQUALIZACAO,VARA DO TRABALHO DE CANOINHAS - TRIAGEM DE EQUALIZAÇÃO,REDISTRIBUICAO,VARA DO TRABALHO DE CANOINHAS,VARA DO TRABALHO DE CANOINHAS,DESTINATARIA,2026-07-20 14:41:13,REDISTRIBUICAO,VALIDA,
0001211-28.2026.5.12.0058,0001211-28.2026.5.12.0058,1,4 VARA DO TRABALHO DE CHAPECO,4ª VARA DO TRABALHO DE CHAPECÓ,CEDENTE,2026-07-20 14:04:33,2 VARA DO TRABALHO DE TUBARAO - TRIAGEM DE EQUALIZACAO,2ª VARA DO TRABALHO DE TUBARÃO - TRIAGEM DE EQUALIZAÇÃO,REDISTRIBUICAO,2 VARA DO TRABALHO DE TUBARAO,2ª VARA DO TRABALHO DE TUBARÃO,DESTINATARIA,2026-07-20 14:37:18,REDISTRIBUICAO,VALIDA,
0001211-78.2026.5.12.0009,0001211-78.2026.5.12.0009,1,1 VARA DO TRABALHO DE CHAPECO,1ª VARA DO TRABALHO DE CHAPECÓ,CEDENTE,2026-07-20 14:03:37,VARA DO TRABALHO DE MAFRA - TRIAGEM DE EQUALIZACAO,VARA DO TRABALHO DE MAFRA - TRIAGEM DE EQUALIZAÇÃO,REDISTRIBUICAO,VARA DO TRABALHO DE MAFRA,VARA DO TRABALHO DE MAFRA,DESTINATARIA,2026-07-20 14:42:24,REDISTRIBUICAO,VALIDA,
0001212-13.2026.5.12.0058,0001212-13.2026.5.12.0058,1,4 VARA DO TRABALHO DE CHAPECO,4ª VARA DO TRABALHO DE CHAPECÓ,CEDENTE,2026-07-20 14:04:46,4 VARA DO TRABALHO DE BLUMENAU - TRIAGEM DE EQUALIZACAO,4ª VARA DO TRABALHO DE BLUMENAU - TRIAGEM DE EQUALIZAÇÃO,REDISTRIBUICAO,4 VARA DO TRABALHO DE BLUMENAU,4ª VARA DO TRABALHO DE BLUMENAU,DESTINATARIA,2026-07-20 14:40:05,REDISTRIBUICAO,VALIDA,
0001212-63.2026.5.12.0009,0001212-63.2026.5.12.0009,1,1 VARA DO TRABALHO DE CHAPECO,1ª VARA DO TRABALHO DE CHAPECÓ,CEDENTE,2026-07-20 14:03:51,VARA DO TRABALHO DE MAFRA - TRIAGEM DE EQUALIZACAO,VARA DO TRABALHO DE MAFRA - TRIAGEM DE EQUALIZAÇÃO,REDISTRIBUICAO,VARA DO TRABALHO DE MAFRA,VARA DO TRABALHO DE MAFRA,DESTINATARIA,2026-07-20 14:42:38,REDISTRIBUICAO,VALIDA,
0001213-48.2026.5.12.0009,0001213-48.2026.5.12.0009,1,1 VARA DO TRABALHO DE CHAPECO,1ª VARA DO TRABALHO DE CHAPECÓ,CEDENTE,2026-07-20 17:03:52,2 VARA DO TRABALHO DE LAGES - TRIAGEM DE EQUALIZACAO,2ª VARA DO TRABALHO DE LAGES - TRIAGEM DE EQUALIZAÇÃO,REDISTRIBUICAO,2 VARA DO TRABALHO DE LAGES,2ª VARA DO TRABALHO DE LAGES,DESTINATARIA,2026-07-20 17:28:36,REDISTRIBUICAO,VALIDA,
0001213-95.2026.5.12.0058,0001213-95.2026.5.12.0058,1,4 VARA DO TRABALHO DE CHAPECO,4ª VARA DO TRABALHO DE CHAPECÓ,CEDENTE,2026-07-20 14:05:00,3 VARA DO TRABALHO DE LAGES - TRIAGEM DE EQUALIZACAO,3ª VARA DO TRABALHO DE LAGES - TRIAGEM DE EQUALIZAÇÃO,REDISTRIBUICAO,3 VARA DO TRABALHO DE LAGES,3ª VARA DO TRABALHO DE LAGES,DESTINATARIA,2026-07-20 14:39:10,REDISTRIBUICAO,VALIDA,
0001214-33.2026.5.12.0009,0001214-33.2026.5.12.0009,1,1 VARA DO TRABALHO DE CHAPECO,1ª VARA DO TRABALHO DE CHAPECÓ,CEDENTE,2026-07-20 17:04:03,VARA DO TRABALHO DE SAO BENTO DO SUL - TRIAGEM DE EQUALIZACAO,VARA DO TRABALHO DE SÃO BENTO DO SUL - TRIAGEM DE EQUALIZAÇÃO,REDISTRIBUICAO,VARA DO TRABALHO DE SAO BENTO DO SUL,VARA DO TRABALHO DE SÃO BENTO DO SUL,DESTINATARIA,2026-07-20 17:25:46,REDISTRIBUICAO,VALIDA,
0001214-80.2026.5.12.0058,0001214-80.2026.5.12.0058,1,4 VARA DO TRABALHO DE CHAPECO,4ª VARA DO TRABALHO DE CHAPECÓ,CEDENTE,2026-07-20 14:05:14,2 VARA DO TRABALHO DE LAGES - TRIAGEM DE EQUALIZACAO,2ª VARA DO TRABALHO DE LAGES - TRIAGEM DE EQUALIZAÇÃO,REDISTRIBUICAO,2 VARA DO TRABALHO DE LAGES,2ª VARA DO TRABALHO DE LAGES,DESTINATARIA,2026-07-20 14:36:34,REDISTRIBUICAO,VALIDA,
0001214-83.2026.5.12.0057,0001214-83.2026.5.12.0057,1,3 VARA DO TRABALHO DE CHAPECO,3ª VARA DO TRABALHO DE CHAPECÓ,CEDENTE,2026-07-16 18:07:27,1 VARA DO TRABALHO DE LAGES - TRIAGEM DE EQUALIZACAO,1ª VARA DO TRABALHO DE LAGES - TRIAGEM DE EQUALIZAÇÃO,REDISTRIBUICAO,1 VARA DO TRABALHO DE LAGES,1ª VARA DO TRABALHO DE LAGES,DESTINATARIA,2026-07-16 18:32:24,REDISTRIBUICAO,VALIDA,
0001215-18.2026.5.12.0009,0001215-18.2026.5.12.0009,1,1 VARA DO TRABALHO DE CHAPECO,1ª VARA DO TRABALHO DE CHAPECÓ,CEDENTE,2026-07-20 17:04:15,3 VARA DO TRABALHO DE LAGES - TRIAGEM DE EQUALIZACAO,3ª VARA DO TRABALHO DE LAGES - TRIAGEM DE EQUALIZAÇÃO,REDISTRIBUICAO,3 VARA DO TRABALHO DE LAGES,3ª VARA DO TRABALHO DE LAGES,DESTINATARIA,2026-07-20 17:23:40,REDISTRIBUICAO,VALIDA,
0001215-65.2026.5.12.0058,0001215-65.2026.5.12.0058,1,4 VARA DO TRABALHO DE CHAPECO,4ª VARA DO TRABALHO DE CHAPECÓ,CEDENTE,2026-07-20 14:05:29,3 VARA DO TRABALHO DE LAGES - TRIAGEM DE EQUALIZACAO,3ª VARA DO TRABALHO DE LAGES - TRIAGEM DE EQUALIZAÇÃO,REDISTRIBUICAO,3 VARA DO TRABALHO DE LAGES,3ª VARA DO TRABALHO DE LAGES,DESTINATARIA,2026-07-20 14:39:23,REDISTRIBUICAO,VALIDA,
0001215-68.2026.5.12.0057,0001215-68.2026.5.12.0057,1,3 VARA DO TRABALHO DE CHAPECO,3ª VARA DO TRABALHO DE CHAPECÓ,CEDENTE,2026-07-16 18:07:40,4 VARA DO TRABALHO DE BLUMENAU - TRIAGEM DE EQUALIZACAO,4ª VARA DO TRABALHO DE BLUMENAU - TRIAGEM DE EQUALIZAÇÃO,REDISTRIBUICAO,4 VARA DO TRABALHO DE BLUMENAU,4ª VARA DO TRABALHO DE BLUMENAU,DESTINATARIA,2026-07-16 18:41:27,REDISTRIBUICAO,VALIDA,
0001216-03.2026.5.12.0009,0001216-03.2026.5.12.0009,1,1 VARA DO TRABALHO DE CHAPECO,1ª VARA DO TRABALHO DE CHAPECÓ,CEDENTE,2026-07-20 17:14:05,2 VARA DO TRABALHO DE TUBARAO - TRIAGEM DE EQUALIZACAO,2ª VARA DO TRABALHO DE TUBARÃO - TRIAGEM DE EQUALIZAÇÃO,REDISTRIBUICAO,2 VARA DO TRABALHO DE TUBARAO,2ª VARA DO TRABALHO DE TUBARÃO,DESTINATARIA,2026-07-20 17:22:54,REDISTRIBUICAO,VALIDA,
0001216-53.2026.5.12.0057,0001216-53.2026.5.12.0057,1,3 VARA DO TRABALHO DE CHAPECO,3ª VARA DO TRABALHO DE CHAPECÓ,CEDENTE,2026-07-16 18:07:52,2 VARA DO TRABALHO DE BLUMENAU - TRIAGEM DE EQUALIZACAO,2ª VARA DO TRABALHO DE BLUMENAU - TRIAGEM DE EQUALIZAÇÃO,REDISTRIBUICAO,2 VARA DO TRABALHO DE BLUMENAU,2ª VARA DO TRABALHO DE BLUMENAU,DESTINATARIA,2026-07-16 18:33:46,REDISTRIBUICAO,VALIDA,
0001218-20.2026.5.12.0058,0001218-20.2026.5.12.0058,1,4 VARA DO TRABALHO DE CHAPECO,4ª VARA DO TRABALHO DE CHAPECÓ,CEDENTE,2026-07-20 17:05:11,2 VARA DO TRABALHO DE TUBARAO - TRIAGEM DE EQUALIZACAO,2ª VARA DO TRABALHO DE TUBARÃO - TRIAGEM DE EQUALIZAÇÃO,REDISTRIBUICAO,2 VARA DO TRABALHO DE TUBARAO,2ª VARA DO TRABALHO DE TUBARÃO,DESTINATARIA,2026-07-20 17:23:05,REDISTRIBUICAO,VALIDA,
0001218-23.2026.5.12.0057,0001218-23.2026.5.12.0057,1,3 VARA DO TRABALHO DE CHAPECO,3ª VARA DO TRABALHO DE CHAPECÓ,CEDENTE,2026-07-17 17:28:14,1 VARA DO TRABALHO DE TUBARAO - TRIAGEM DE EQUALIZACAO,1ª VARA DO TRABALHO DE TUBARÃO - TRIAGEM DE EQUALIZAÇÃO,REDISTRIBUICAO,1 VARA DO TRABALHO DE TUBARAO,1ª VARA DO TRABALHO DE TUBARÃO,DESTINATARIA,2026-07-17 18:10:13,REDISTRIBUICAO,VALIDA,
0001218-70.2026.5.12.0009,0001218-70.2026.5.12.0009,1,1 VARA DO TRABALHO DE CHAPECO,1ª VARA DO TRABALHO DE CHAPECÓ,CEDENTE,2026-07-20 17:04:59,2 VARA DO TRABALHO DE BLUMENAU - TRIAGEM DE EQUALIZACAO,2ª VARA DO TRABALHO DE BLUMENAU - TRIAGEM DE EQUALIZAÇÃO,REDISTRIBUICAO,2 VARA DO TRABALHO DE BLUMENAU,2ª VARA DO TRABALHO DE BLUMENAU,DESTINATARIA,2026-07-20 17:20:57,REDISTRIBUICAO,VALIDA,
0001219-05.2026.5.12.0058,0001219-05.2026.5.12.0058,1,4 VARA DO TRABALHO DE CHAPECO,4ª VARA DO TRABALHO DE CHAPECÓ,CEDENTE,2026-07-20 17:05:22,2 VARA DO TRABALHO DE LAGES - TRIAGEM DE EQUALIZACAO,2ª VARA DO TRABALHO DE LAGES - TRIAGEM DE EQUALIZAÇÃO,REDISTRIBUICAO,2 VARA DO TRABALHO DE LAGES,2ª VARA DO TRABALHO DE LAGES,DESTINATARIA,2026-07-20 17:22:18,REDISTRIBUICAO,VALIDA,
0001219-08.2026.5.12.0057,0001219-08.2026.5.12.0057,1,3 VARA DO TRABALHO DE CHAPECO,3ª VARA DO TRABALHO DE CHAPECÓ,CEDENTE,2026-07-17 17:28:30,VARA DO TRABALHO DE CANOINHAS - TRIAGEM DE EQUALIZACAO,VARA DO TRABALHO DE CANOINHAS - TRIAGEM DE EQUALIZAÇÃO,REDISTRIBUICAO,VARA DO TRABALHO DE CANOINHAS,VARA DO TRABALHO DE CANOINHAS,DESTINATARIA,2026-07-17 18:17:16,REDISTRIBUICAO,VALIDA,
0001220-40.2026.5.12.0009,0001220-40.2026.5.12.0009,1,1 VARA DO TRABALHO DE CHAPECO,1ª VARA DO TRABALHO DE CHAPECÓ,CEDENTE,2026-07-21 14:04:51,2 VARA DO TRABALHO DE LAGES - TRIAGEM DE EQUALIZACAO,2ª VARA DO TRABALHO DE LAGES - TRIAGEM DE EQUALIZAÇÃO,REDISTRIBUICAO,2 VARA DO TRABALHO DE LAGES,2ª VARA DO TRABALHO DE LAGES,DESTINATARIA,2026-07-21 14:25:35,REDISTRIBUICAO,VALIDA,
0001220-87.2026.5.12.0058,0001220-87.2026.5.12.0058,1,4 VARA DO TRABALHO DE CHAPECO,4ª VARA DO TRABALHO DE CHAPECÓ,CEDENTE,2026-07-20 17:05:32,VARA DO TRABALHO DE CANOINHAS - TRIAGEM DE EQUALIZACAO,VARA DO TRABALHO DE CANOINHAS - TRIAGEM DE EQUALIZAÇÃO,REDISTRIBUICAO,VARA DO TRABALHO DE CANOINHAS,VARA DO TRABALHO DE CANOINHAS,DESTINATARIA,2026-07-20 17:24:50,REDISTRIBUICAO,VALIDA,
0001220-90.2026.5.12.0057,0001220-90.2026.5.12.0057,1,3 VARA DO TRABALHO DE CHAPECO,3ª VARA DO TRABALHO DE CHAPECÓ,CEDENTE,2026-07-17 17:28:47,VARA DO TRABALHO DE CANOINHAS - TRIAGEM DE EQUALIZACAO,VARA DO TRABALHO DE CANOINHAS - TRIAGEM DE EQUALIZAÇÃO,REDISTRIBUICAO,VARA DO TRABALHO DE CANOINHAS,VARA DO TRABALHO DE CANOINHAS,DESTINATARIA,2026-07-17 18:17:29,REDISTRIBUICAO,VALIDA,
0001221-72.2026.5.12.0058,0001221-72.2026.5.12.0058,1,4 VARA DO TRABALHO DE CHAPECO,4ª VARA DO TRABALHO DE CHAPECÓ,CEDENTE,2026-07-20 17:05:42,VARA DO TRABALHO DE MAFRA - TRIAGEM DE EQUALIZACAO,VARA DO TRABALHO DE MAFRA - TRIAGEM DE EQUALIZAÇÃO,REDISTRIBUICAO,VARA DO TRABALHO DE MAFRA,VARA DO TRABALHO DE MAFRA,DESTINATARIA,2026-07-20 17:25:12,REDISTRIBUICAO,VALIDA,
0001222-10.2026.5.12.0009,0001222-10.2026.5.12.0009,1,1 VARA DO TRABALHO DE CHAPECO,1ª VARA DO TRABALHO DE CHAPECÓ,CEDENTE,2026-07-21 14:05:05,4 VARA DO TRABALHO DE BLUMENAU - TRIAGEM DE EQUALIZACAO,4ª VARA DO TRABALHO DE BLUMENAU - TRIAGEM DE EQUALIZAÇÃO,REDISTRIBUICAO,4 VARA DO TRABALHO DE BLUMENAU,4ª VARA DO TRABALHO DE BLUMENAU,DESTINATARIA,2026-07-21 14:27:30,REDISTRIBUICAO,VALIDA,
0001222-57.2026.5.12.0058,0001222-57.2026.5.12.0058,1,4 VARA DO TRABALHO DE CHAPECO,4ª VARA DO TRABALHO DE CHAPECÓ,CEDENTE,2026-07-20 17:05:53,3 VARA DO TRABALHO DE LAGES - TRIAGEM DE EQUALIZACAO,3ª VARA DO TRABALHO DE LAGES - TRIAGEM DE EQUALIZAÇÃO,REDISTRIBUICAO,3 VARA DO TRABALHO DE LAGES,3ª VARA DO TRABALHO DE LAGES,DESTINATARIA,2026-07-20 17:23:52,REDISTRIBUICAO,VALIDA,
0001223-42.2026.5.12.0058,0001223-42.2026.5.12.0058,1,4 VARA DO TRABALHO DE CHAPECO,4ª VARA DO TRABALHO DE CHAPECÓ,CEDENTE,2026-07-20 17:06:03,VARA DO TRABALHO DE SAO BENTO DO SUL - TRIAGEM DE EQUALIZACAO,VARA DO TRABALHO DE SÃO BENTO DO SUL - TRIAGEM DE EQUALIZAÇÃO,REDISTRIBUICAO,VARA DO TRABALHO DE SAO BENTO DO SUL,VARA DO TRABALHO DE SÃO BENTO DO SUL,DESTINATARIA,2026-07-20 17:25:56,REDISTRIBUICAO,VALIDA,
0001223-92.2026.5.12.0009,0001223-92.2026.5.12.0009,1,1 VARA DO TRABALHO DE CHAPECO,1ª VARA DO TRABALHO DE CHAPECÓ,CEDENTE,2026-07-21 14:05:22,2 VARA DO TRABALHO DE LAGES - TRIAGEM DE EQUALIZACAO,2ª VARA DO TRABALHO DE LAGES - TRIAGEM DE EQUALIZAÇÃO,REDISTRIBUICAO,2 VARA DO TRABALHO DE LAGES,2ª VARA DO TRABALHO DE LAGES,DESTINATARIA,2026-07-21 14:25:50,REDISTRIBUICAO,VALIDA,
0001224-27.2026.5.12.0058,0001224-27.2026.5.12.0058,1,4 VARA DO TRABALHO DE CHAPECO,4ª VARA DO TRABALHO DE CHAPECÓ,CEDENTE,2026-07-20 17:06:13,2 VARA DO TRABALHO DE BLUMENAU - TRIAGEM DE EQUALIZACAO,2ª VARA DO TRABALHO DE BLUMENAU - TRIAGEM DE EQUALIZAÇÃO,REDISTRIBUICAO,2 VARA DO TRABALHO DE BLUMENAU,2ª VARA DO TRABALHO DE BLUMENAU,DESTINATARIA,2026-07-20 17:21:08,REDISTRIBUICAO,VALIDA,
0001225-12.2026.5.12.0058,0001225-12.2026.5.12.0058,1,4 VARA DO TRABALHO DE CHAPECO,4ª VARA DO TRABALHO DE CHAPECÓ,CEDENTE,2026-07-20 17:06:25,2 VARA DO TRABALHO DE LAGES - TRIAGEM DE EQUALIZACAO,2ª VARA DO TRABALHO DE LAGES - TRIAGEM DE EQUALIZAÇÃO,REDISTRIBUICAO,2 VARA DO TRABALHO DE LAGES,2ª VARA DO TRABALHO DE LAGES,DESTINATARIA,2026-07-20 17:22:28,REDISTRIBUICAO,VALIDA,
0001225-62.2026.5.12.0009,0001225-62.2026.5.12.0009,1,1 VARA DO TRABALHO DE CHAPECO,1ª VARA DO TRABALHO DE CHAPECÓ,CEDENTE,2026-07-21 14:18:08,VARA DO TRABALHO DE SAO BENTO DO SUL - TRIAGEM DE EQUALIZACAO,VARA DO TRABALHO DE SÃO BENTO DO SUL - TRIAGEM DE EQUALIZAÇÃO,REDISTRIBUICAO,VARA DO TRABALHO DE SAO BENTO DO SUL,VARA DO TRABALHO DE SÃO BENTO DO SUL,DESTINATARIA,2026-07-21 14:28:39,REDISTRIBUICAO,VALIDA,
0001226-47.2026.5.12.0009,0001226-47.2026.5.12.0009,1,1 VARA DO TRABALHO DE CHAPECO,1ª VARA DO TRABALHO DE CHAPECÓ,CEDENTE,2026-07-21 17:40:34,4 VARA DO TRABALHO DE BLUMENAU - TRIAGEM DE EQUALIZACAO,4ª VARA DO TRABALHO DE BLUMENAU - TRIAGEM DE EQUALIZAÇÃO,REDISTRIBUICAO,4 VARA DO TRABALHO DE BLUMENAU,4ª VARA DO TRABALHO DE BLUMENAU,DESTINATARIA,2026-07-21 18:06:34,REDISTRIBUICAO,VALIDA,
0001226-94.2026.5.12.0058,0001226-94.2026.5.12.0058,1,4 VARA DO TRABALHO DE CHAPECO,4ª VARA DO TRABALHO DE CHAPECÓ,CEDENTE,2026-07-21 14:05:38,VARA DO TRABALHO DE SAO BENTO DO SUL - TRIAGEM DE EQUALIZACAO,VARA DO TRABALHO DE SÃO BENTO DO SUL - TRIAGEM DE EQUALIZAÇÃO,REDISTRIBUICAO,VARA DO TRABALHO DE SAO BENTO DO SUL,VARA DO TRABALHO DE SÃO BENTO DO SUL,DESTINATARIA,2026-07-21 14:28:54,REDISTRIBUICAO,VALIDA,
0001227-32.2026.5.12.0009,0001227-32.2026.5.12.0009,1,1 VARA DO TRABALHO DE CHAPECO,1ª VARA DO TRABALHO DE CHAPECÓ,CEDENTE,2026-07-21 17:40:43,2 VARA DO TRABALHO DE LAGES - TRIAGEM DE EQUALIZACAO,2ª VARA DO TRABALHO DE LAGES - TRIAGEM DE EQUALIZAÇÃO,REDISTRIBUICAO,2 VARA DO TRABALHO DE LAGES,2ª VARA DO TRABALHO DE LAGES,DESTINATARIA,2026-07-21 18:05:49,REDISTRIBUICAO,VALIDA,
0001228-17.2026.5.12.0009,0001228-17.2026.5.12.0009,1,1 VARA DO TRABALHO DE CHAPECO,1ª VARA DO TRABALHO DE CHAPECÓ,CEDENTE,2026-07-21 17:40:52,3 VARA DO TRABALHO DE LAGES - TRIAGEM DE EQUALIZACAO,3ª VARA DO TRABALHO DE LAGES - TRIAGEM DE EQUALIZAÇÃO,REDISTRIBUICAO,3 VARA DO TRABALHO DE LAGES,3ª VARA DO TRABALHO DE LAGES,DESTINATARIA,2026-07-21 18:21:24,REDISTRIBUICAO,VALIDA,
0001228-64.2026.5.12.0058,0001228-64.2026.5.12.0058,1,4 VARA DO TRABALHO DE CHAPECO,4ª VARA DO TRABALHO DE CHAPECÓ,CEDENTE,2026-07-21 14:05:53,VARA DO TRABALHO DE MAFRA - TRIAGEM DE EQUALIZACAO,VARA DO TRABALHO DE MAFRA - TRIAGEM DE EQUALIZAÇÃO,REDISTRIBUICAO,VARA DO TRABALHO DE MAFRA,VARA DO TRABALHO DE MAFRA,DESTINATARIA,2026-07-21 14:27:45,REDISTRIBUICAO,VALIDA,
0001229-02.2026.5.12.0009,0001229-02.2026.5.12.0009,1,1 VARA DO TRABALHO DE CHAPECO,1ª VARA DO TRABALHO DE CHAPECÓ,CEDENTE,2026-07-21 17:41:03,3 VARA DO TRABALHO DE LAGES - TRIAGEM DE EQUALIZACAO,3ª VARA DO TRABALHO DE LAGES - TRIAGEM DE EQUALIZAÇÃO,REDISTRIBUICAO,3 VARA DO TRABALHO DE LAGES,3ª VARA DO TRABALHO DE LAGES,DESTINATARIA,2026-07-21 18:06:13,REDISTRIBUICAO,VALIDA,
0001230-34.2026.5.12.0058,0001230-34.2026.5.12.0058,1,4 VARA DO TRABALHO DE CHAPECO,4ª VARA DO TRABALHO DE CHAPECÓ,CEDENTE,2026-07-21 14:06:07,3 VARA DO TRABALHO DE LAGES - TRIAGEM DE EQUALIZACAO,3ª VARA DO TRABALHO DE LAGES - TRIAGEM DE EQUALIZAÇÃO,REDISTRIBUICAO,3 VARA DO TRABALHO DE LAGES,3ª VARA DO TRABALHO DE LAGES,DESTINATARIA,2026-07-21 14:26:57,REDISTRIBUICAO,VALIDA,
0001230-84.2026.5.12.0009,0001230-84.2026.5.12.0009,1,1 VARA DO TRABALHO DE CHAPECO,1ª VARA DO TRABALHO DE CHAPECÓ,CEDENTE,2026-07-21 17:41:14,VARA DO TRABALHO DE MAFRA - TRIAGEM DE EQUALIZACAO,VARA DO TRABALHO DE MAFRA - TRIAGEM DE EQUALIZAÇÃO,REDISTRIBUICAO,VARA DO TRABALHO DE MAFRA,VARA DO TRABALHO DE MAFRA,DESTINATARIA,2026-07-21 18:07:37,REDISTRIBUICAO,VALIDA,
0001231-19.2026.5.12.0058,0001231-19.2026.5.12.0058,1,4 VARA DO TRABALHO DE CHAPECO,4ª VARA DO TRABALHO DE CHAPECÓ,CEDENTE,2026-07-21 14:06:23,1 VARA DO TRABALHO DE BLUMENAU - TRIAGEM DE EQUALIZACAO,1ª VARA DO TRABALHO DE BLUMENAU - TRIAGEM DE EQUALIZAÇÃO,REDISTRIBUICAO,1 VARA DO TRABALHO DE BLUMENAU,1ª VARA DO TRABALHO DE BLUMENAU,DESTINATARIA,2026-07-21 14:32:44,REDISTRIBUICAO,VALIDA,
0001231-69.2026.5.12.0009,0001231-69.2026.5.12.0009,1,1 VARA DO TRABALHO DE CHAPECO,1ª VARA DO TRABALHO DE CHAPECÓ,CEDENTE,2026-07-21 17:41:22,VARA DO TRABALHO DE CANOINHAS - TRIAGEM DE EQUALIZACAO,VARA DO TRABALHO DE CANOINHAS - TRIAGEM DE EQUALIZAÇÃO,REDISTRIBUICAO,VARA DO TRABALHO DE CANOINHAS,VARA DO TRABALHO DE CANOINHAS,DESTINATARIA,2026-07-21 18:07:06,REDISTRIBUICAO,VALIDA,
0001232-04.2026.5.12.0058,0001232-04.2026.5.12.0058,1,4 VARA DO TRABALHO DE CHAPECO,4ª VARA DO TRABALHO DE CHAPECÓ,CEDENTE,2026-07-21 17:41:40,VARA DO TRABALHO DE CANOINHAS - TRIAGEM DE EQUALIZACAO,VARA DO TRABALHO DE CANOINHAS - TRIAGEM DE EQUALIZAÇÃO,REDISTRIBUICAO,VARA DO TRABALHO DE CANOINHAS,VARA DO TRABALHO DE CANOINHAS,DESTINATARIA,2026-07-21 18:07:16,REDISTRIBUICAO,VALIDA,
0001232-54.2026.5.12.0009,0001232-54.2026.5.12.0009,1,1 VARA DO TRABALHO DE CHAPECO,1ª VARA DO TRABALHO DE CHAPECÓ,CEDENTE,2026-07-21 17:41:31,3 VARA DO TRABALHO DE LAGES - TRIAGEM DE EQUALIZACAO,3ª VARA DO TRABALHO DE LAGES - TRIAGEM DE EQUALIZAÇÃO,REDISTRIBUICAO,3 VARA DO TRABALHO DE LAGES,3ª VARA DO TRABALHO DE LAGES,DESTINATARIA,2026-07-21 18:06:24,REDISTRIBUICAO,VALIDA,
0001233-86.2026.5.12.0058,0001233-86.2026.5.12.0058,1,4 VARA DO TRABALHO DE CHAPECO,4ª VARA DO TRABALHO DE CHAPECÓ,CEDENTE,2026-07-21 17:41:51,2 VARA DO TRABALHO DE TUBARAO - TRIAGEM DE EQUALIZACAO,2ª VARA DO TRABALHO DE TUBARÃO - TRIAGEM DE EQUALIZAÇÃO,REDISTRIBUICAO,2 VARA DO TRABALHO DE TUBARAO,2ª VARA DO TRABALHO DE TUBARÃO,DESTINATARIA,2026-07-21 18:06:00,REDISTRIBUICAO,VALIDA,
0001234-24.2026.5.12.0009,0001234-24.2026.5.12.0009,1,1 VARA DO TRABALHO DE CHAPECO,1ª VARA DO TRABALHO DE CHAPECÓ,CEDENTE,2026-07-22 14:05:54,VARA DO TRABALHO DE CANOINHAS - TRIAGEM DE EQUALIZACAO,VARA DO TRABALHO DE CANOINHAS - TRIAGEM DE EQUALIZAÇÃO,REDISTRIBUICAO,VARA DO TRABALHO DE CANOINHAS,VARA DO TRABALHO DE CANOINHAS,DESTINATARIA,2026-07-22 14:17:05,REDISTRIBUICAO,VALIDA,
0001234-71.2026.5.12.0058,0001234-71.2026.5.12.0058,1,4 VARA DO TRABALHO DE CHAPECO,4ª VARA DO TRABALHO DE CHAPECÓ,CEDENTE,2026-07-21 17:42:01,4 VARA DO TRABALHO DE BLUMENAU - TRIAGEM DE EQUALIZACAO,4ª VARA DO TRABALHO DE BLUMENAU - TRIAGEM DE EQUALIZAÇÃO,REDISTRIBUICAO,4 VARA DO TRABALHO DE BLUMENAU,4ª VARA DO TRABALHO DE BLUMENAU,DESTINATARIA,2026-07-21 18:06:44,REDISTRIBUICAO,VALIDA,
0001235-09.2026.5.12.0009,0001235-09.2026.5.12.0009,1,1 VARA DO TRABALHO DE CHAPECO,1ª VARA DO TRABALHO DE CHAPECÓ,CEDENTE,2026-07-22 14:06:11,VARA DO TRABALHO DE MAFRA - TRIAGEM DE EQUALIZACAO,VARA DO TRABALHO DE MAFRA - TRIAGEM DE EQUALIZAÇÃO,REDISTRIBUICAO,VARA DO TRABALHO DE MAFRA,VARA DO TRABALHO DE MAFRA,DESTINATARIA,2026-07-22 14:17:21,REDISTRIBUICAO,VALIDA,
0001236-41.2026.5.12.0058,0001236-41.2026.5.12.0058,1,4 VARA DO TRABALHO DE CHAPECO,4ª VARA DO TRABALHO DE CHAPECÓ,CEDENTE,2026-07-21 17:42:10,2 VARA DO TRABALHO DE BLUMENAU - TRIAGEM DE EQUALIZACAO,2ª VARA DO TRABALHO DE BLUMENAU - TRIAGEM DE EQUALIZAÇÃO,REDISTRIBUICAO,2 VARA DO TRABALHO DE BLUMENAU,2ª VARA DO TRABALHO DE BLUMENAU,DESTINATARIA,2026-07-21 18:05:06,REDISTRIBUICAO,VALIDA,
0001236-91.2026.5.12.0009,0001236-91.2026.5.12.0009,1,1 VARA DO TRABALHO DE CHAPECO,1ª VARA DO TRABALHO DE CHAPECÓ,CEDENTE,2026-07-22 14:11:16,2 VARA DO TRABALHO DE BLUMENAU - TRIAGEM DE EQUALIZACAO,2ª VARA DO TRABALHO DE BLUMENAU - TRIAGEM DE EQUALIZAÇÃO,REDISTRIBUICAO,2 VARA DO TRABALHO DE BLUMENAU,2ª VARA DO TRABALHO DE BLUMENAU,DESTINATARIA,2026-07-22 14:15:57,REDISTRIBUICAO,VALIDA,
0001238-11.2026.5.12.0058,0001238-11.2026.5.12.0058,1,4 VARA DO TRABALHO DE CHAPECO,4ª VARA DO TRABALHO DE CHAPECÓ,CEDENTE,2026-07-21 17:42:21,VARA DO TRABALHO DE MAFRA - TRIAGEM DE EQUALIZACAO,VARA DO TRABALHO DE MAFRA - TRIAGEM DE EQUALIZAÇÃO,REDISTRIBUICAO,VARA DO TRABALHO DE MAFRA,VARA DO TRABALHO DE MAFRA,DESTINATARIA,2026-07-21 18:07:47,REDISTRIBUICAO,VALIDA,
0001238-61.2026.5.12.0009,0001238-61.2026.5.12.0009,1,1 VARA DO TRABALHO DE CHAPECO,1ª VARA DO TRABALHO DE CHAPECÓ,CEDENTE,2026-07-22 14:06:29,1 VARA DO TRABALHO DE BLUMENAU - TRIAGEM DE EQUALIZACAO,1ª VARA DO TRABALHO DE BLUMENAU - TRIAGEM DE EQUALIZAÇÃO,REDISTRIBUICAO,1 VARA DO TRABALHO DE BLUMENAU,1ª VARA DO TRABALHO DE BLUMENAU,DESTINATARIA,2026-07-22 14:15:26,REDISTRIBUICAO,VALIDA,
0001239-46.2026.5.12.0009,0001239-46.2026.5.12.0009,1,1 VARA DO TRABALHO DE CHAPECO,1ª VARA DO TRABALHO DE CHAPECÓ,CEDENTE,2026-07-22 14:11:33,3 VARA DO TRABALHO DE LAGES - TRIAGEM DE EQUALIZACAO,3ª VARA DO TRABALHO DE LAGES - TRIAGEM DE EQUALIZAÇÃO,REDISTRIBUICAO,3 VARA DO TRABALHO DE LAGES,3ª VARA DO TRABALHO DE LAGES,DESTINATARIA,2026-07-22 14:16:30,REDISTRIBUICAO,VALIDA,
0001240-31.2026.5.12.0009,0001240-31.2026.5.12.0009,1,1 VARA DO TRABALHO DE CHAPECO,1ª VARA DO TRABALHO DE CHAPECÓ,CEDENTE,2026-07-22 18:20:50,2 VARA DO TRABALHO DE LAGES - TRIAGEM DE EQUALIZACAO,2ª VARA DO TRABALHO DE LAGES - TRIAGEM DE EQUALIZAÇÃO,REDISTRIBUICAO,2 VARA DO TRABALHO DE LAGES,2ª VARA DO TRABALHO DE LAGES,DESTINATARIA,2026-07-22 18:37:31,REDISTRIBUICAO,VALIDA,
0001240-41.2026.5.12.0038,0001240-41.2026.5.12.0038,1,2 VARA DO TRABALHO DE CHAPECO,2ª VARA DO TRABALHO DE CHAPECÓ,CEDENTE,2026-07-13 14:18:33,2 VARA DO TRABALHO DE BLUMENAU - TRIAGEM DE EQUALIZACAO,2ª VARA DO TRABALHO DE BLUMENAU - TRIAGEM DE EQUALIZAÇÃO,REDISTRIBUICAO,2 VARA DO TRABALHO DE BLUMENAU,2ª VARA DO TRABALHO DE BLUMENAU,DESTINATARIA,2026-07-13 14:43:32,REDISTRIBUICAO,VALIDA,
0001240-78.2026.5.12.0058,0001240-78.2026.5.12.0058,1,4 VARA DO TRABALHO DE CHAPECO,4ª VARA DO TRABALHO DE CHAPECÓ,CEDENTE,2026-07-21 17:42:32,VARA DO TRABALHO DE SAO BENTO DO SUL - TRIAGEM DE EQUALIZACAO,VARA DO TRABALHO DE SÃO BENTO DO SUL - TRIAGEM DE EQUALIZAÇÃO,REDISTRIBUICAO,VARA DO TRABALHO DE SAO BENTO DO SUL,VARA DO TRABALHO DE SÃO BENTO DO SUL,DESTINATARIA,2026-07-21 18:08:19,REDISTRIBUICAO,VALIDA,
0001241-16.2026.5.12.0009,0001241-16.2026.5.12.0009,1,1 VARA DO TRABALHO DE CHAPECO,1ª VARA DO TRABALHO DE CHAPECÓ,CEDENTE,2026-07-22 18:21:01,2 VARA DO TRABALHO DE BLUMENAU - TRIAGEM DE EQUALIZACAO,2ª VARA DO TRABALHO DE BLUMENAU - TRIAGEM DE EQUALIZAÇÃO,REDISTRIBUICAO,2 VARA DO TRABALHO DE BLUMENAU,2ª VARA DO TRABALHO DE BLUMENAU,DESTINATARIA,2026-07-22 18:36:48,REDISTRIBUICAO,VALIDA,
0001241-26.2026.5.12.0038,0001241-26.2026.5.12.0038,1,2 VARA DO TRABALHO DE CHAPECO,2ª VARA DO TRABALHO DE CHAPECÓ,CEDENTE,2026-07-13 14:18:50,1 VARA DO TRABALHO DE BLUMENAU - TRIAGEM DE EQUALIZACAO,1ª VARA DO TRABALHO DE BLUMENAU - TRIAGEM DE EQUALIZAÇÃO,REDISTRIBUICAO,1 VARA DO TRABALHO DE BLUMENAU,1ª VARA DO TRABALHO DE BLUMENAU,DESTINATARIA,2026-07-13 14:41:04,REDISTRIBUICAO,VALIDA,
0001241-63.2026.5.12.0058,0001241-63.2026.5.12.0058,1,4 VARA DO TRABALHO DE CHAPECO,4ª VARA DO TRABALHO DE CHAPECÓ,CEDENTE,2026-07-21 17:42:42,2 VARA DO TRABALHO DE BLUMENAU - TRIAGEM DE EQUALIZACAO,2ª VARA DO TRABALHO DE BLUMENAU - TRIAGEM DE EQUALIZAÇÃO,REDISTRIBUICAO,2 VARA DO TRABALHO DE BLUMENAU,2ª VARA DO TRABALHO DE BLUMENAU,DESTINATARIA,2026-07-21 18:05:16,REDISTRIBUICAO,VALIDA,
0001242-11.2026.5.12.0038,0001242-11.2026.5.12.0038,1,2 VARA DO TRABALHO DE CHAPECO,2ª VARA DO TRABALHO DE CHAPECÓ,CEDENTE,2026-07-13 17:34:47,2 VARA DO TRABALHO DE BRUSQUE - TRIAGEM DE EQUALIZACAO,2ª VARA DO TRABALHO DE BRUSQUE - TRIAGEM DE EQUALIZAÇÃO,REDISTRIBUICAO,2 VARA DO TRABALHO DE BRUSQUE,2ª VARA DO TRABALHO DE BRUSQUE,DESTINATARIA,2026-07-13 18:09:19,REDISTRIBUICAO,VALIDA,
0001242-48.2026.5.12.0058,0001242-48.2026.5.12.0058,1,4 VARA DO TRABALHO DE CHAPECO,4ª VARA DO TRABALHO DE CHAPECÓ,CEDENTE,2026-07-31 17:54:50,1 VARA DO TRABALHO DE TUBARAO - TRIAGEM DE EQUALIZACAO,1ª VARA DO TRABALHO DE TUBARÃO - TRIAGEM DE EQUALIZAÇÃO,REDISTRIBUICAO,1 VARA DO TRABALHO DE TUBARAO,1ª VARA DO TRABALHO DE TUBARÃO,DESTINATARIA,2026-07-31 18:09:42,REDISTRIBUICAO,VALIDA,
0001242-98.2026.5.12.0009,0001242-98.2026.5.12.0009,1,1 VARA DO TRABALHO DE CHAPECO,1ª VARA DO TRABALHO DE CHAPECÓ,CEDENTE,2026-07-22 18:21:10,3 VARA DO TRABALHO DE LAGES - TRIAGEM DE EQUALIZACAO,3ª VARA DO TRABALHO DE LAGES - TRIAGEM DE EQUALIZAÇÃO,REDISTRIBUICAO,3 VARA DO TRABALHO DE LAGES,3ª VARA DO TRABALHO DE LAGES,DESTINATARIA,2026-07-22 18:43:45,REDISTRIBUICAO,VALIDA,
0001243-83.2026.5.12.0009,0001243-83.2026.5.12.0009,1,1 VARA DO TRABALHO DE CHAPECO,1ª VARA DO TRABALHO DE CHAPECÓ,CEDENTE,2026-07-22 18:21:20,2 VARA DO TRABALHO DE BLUMENAU - TRIAGEM DE EQUALIZACAO,2ª VARA DO TRABALHO DE BLUMENAU - TRIAGEM DE EQUALIZAÇÃO,REDISTRIBUICAO,2 VARA DO TRABALHO DE BLUMENAU,2ª VARA DO TRABALHO DE BLUMENAU,DESTINATARIA,2026-07-22 18:36:58,REDISTRIBUICAO,VALIDA,
0001243-93.2026.5.12.0038,0001243-93.2026.5.12.0038,1,3 VARA DO TRABALHO DE CHAPECO,3ª VARA DO TRABALHO DE CHAPECÓ,CEDENTE,2026-07-13 17:35:57,VARA DO TRABALHO DE MAFRA - TRIAGEM DE EQUALIZACAO,VARA DO TRABALHO DE MAFRA - TRIAGEM DE EQUALIZAÇÃO,REDISTRIBUICAO,VARA DO TRABALHO DE MAFRA,VARA DO TRABALHO DE MAFRA,DESTINATARIA,2026-07-13 18:17:49,REDISTRIBUICAO,VALIDA,
0001244-68.2026.5.12.0009,0001244-68.2026.5.12.0009,1,1 VARA DO TRABALHO DE CHAPECO,1ª VARA DO TRABALHO DE CHAPECÓ,CEDENTE,2026-07-22 18:21:30,1 VARA DO TRABALHO DE BLUMENAU - TRIAGEM DE EQUALIZACAO,1ª VARA DO TRABALHO DE BLUMENAU - TRIAGEM DE EQUALIZAÇÃO,REDISTRIBUICAO,1 VARA DO TRABALHO DE BLUMENAU,1ª VARA DO TRABALHO DE BLUMENAU,DESTINATARIA,2026-07-22 18:36:05,REDISTRIBUICAO,VALIDA,
0001244-78.2026.5.12.0038,0001244-78.2026.5.12.0038,1,2 VARA DO TRABALHO DE CHAPECO,2ª VARA DO TRABALHO DE CHAPECÓ,CEDENTE,2026-07-13 14:19:21,VARA DO TRABALHO DE MAFRA - TRIAGEM DE EQUALIZACAO,VARA DO TRABALHO DE MAFRA - TRIAGEM DE EQUALIZAÇÃO,REDISTRIBUICAO,VARA DO TRABALHO DE MAFRA,VARA DO TRABALHO DE MAFRA,DESTINATARIA,2026-07-13 14:54:49,REDISTRIBUICAO,VALIDA,
0001245-03.2026.5.12.0058,0001245-03.2026.5.12.0058,1,4 VARA DO TRABALHO DE CHAPECO,4ª VARA DO TRABALHO DE CHAPECÓ,CEDENTE,2026-07-22 18:22:29,2 VARA DO TRABALHO DE LAGES - TRIAGEM DE EQUALIZACAO,2ª VARA DO TRABALHO DE LAGES - TRIAGEM DE EQUALIZAÇÃO,REDISTRIBUICAO,2 VARA DO TRABALHO DE LAGES,2ª VARA DO TRABALHO DE LAGES,DESTINATARIA,2026-07-22 18:37:41,REDISTRIBUICAO,VALIDA,
0001245-53.2026.5.12.0009,0001245-53.2026.5.12.0009,1,1 VARA DO TRABALHO DE CHAPECO,1ª VARA DO TRABALHO DE CHAPECÓ,CEDENTE,2026-07-22 18:21:40,2 VARA DO TRABALHO DE BLUMENAU - TRIAGEM DE EQUALIZACAO,2ª VARA DO TRABALHO DE BLUMENAU - TRIAGEM DE EQUALIZAÇÃO,REDISTRIBUICAO,2 VARA DO TRABALHO DE BLUMENAU,2ª VARA DO TRABALHO DE BLUMENAU,DESTINATARIA,2026-07-22 18:37:09,REDISTRIBUICAO,VALIDA,
0001246-38.2026.5.12.0009,0001246-38.2026.5.12.0009,1,1 VARA DO TRABALHO DE CHAPECO,1ª VARA DO TRABALHO DE CHAPECÓ,CEDENTE,2026-07-23 14:01:51,3 VARA DO TRABALHO DE LAGES - TRIAGEM DE EQUALIZACAO,3ª VARA DO TRABALHO DE LAGES - TRIAGEM DE EQUALIZAÇÃO,REDISTRIBUICAO,3 VARA DO TRABALHO DE LAGES,3ª VARA DO TRABALHO DE LAGES,DESTINATARIA,2026-07-23 14:20:37,REDISTRIBUICAO,VALIDA,
0001246-85.2026.5.12.0058,0001246-85.2026.5.12.0058,1,4 VARA DO TRABALHO DE CHAPECO,4ª VARA DO TRABALHO DE CHAPECÓ,CEDENTE,2026-07-22 18:22:38,4 VARA DO TRABALHO DE BLUMENAU - TRIAGEM DE EQUALIZACAO,4ª VARA DO TRABALHO DE BLUMENAU - TRIAGEM DE EQUALIZAÇÃO,REDISTRIBUICAO,4 VARA DO TRABALHO DE BLUMENAU,4ª VARA DO TRABALHO DE BLUMENAU,DESTINATARIA,2026-07-22 18:38:05,REDISTRIBUICAO,VALIDA,
0001247-70.2026.5.12.0058,0001247-70.2026.5.12.0058,1,4 VARA DO TRABALHO DE CHAPECO,4ª VARA DO TRABALHO DE CHAPECÓ,CEDENTE,2026-07-22 18:22:48,VARA DO TRABALHO DE MAFRA - TRIAGEM DE EQUALIZACAO,VARA DO TRABALHO DE MAFRA - TRIAGEM DE EQUALIZAÇÃO,REDISTRIBUICAO,VARA DO TRABALHO DE MAFRA,VARA DO TRABALHO DE MAFRA,DESTINATARIA,2026-07-22 18:39:39,REDISTRIBUICAO,VALIDA,
0001248-08.2026.5.12.0009,0001248-08.2026.5.12.0009,1,1 VARA DO TRABALHO DE CHAPECO,1ª VARA DO TRABALHO DE CHAPECÓ,CEDENTE,2026-07-23 14:11:03,2 VARA DO TRABALHO DE LAGES - TRIAGEM DE EQUALIZACAO,2ª VARA DO TRABALHO DE LAGES - TRIAGEM DE EQUALIZAÇÃO,REDISTRIBUICAO,2 VARA DO TRABALHO DE LAGES,2ª VARA DO TRABALHO DE LAGES,DESTINATARIA,2026-07-23 14:18:39,REDISTRIBUICAO,VALIDA,
0001248-18.2026.5.12.0038,0001248-18.2026.5.12.0038,1,2 VARA DO TRABALHO DE CHAPECO,2ª VARA DO TRABALHO DE CHAPECÓ,CEDENTE,2026-07-13 17:35:03,1 VARA DO TRABALHO DE BLUMENAU - TRIAGEM DE EQUALIZACAO,1ª VARA DO TRABALHO DE BLUMENAU - TRIAGEM DE EQUALIZAÇÃO,REDISTRIBUICAO,1 VARA DO TRABALHO DE BLUMENAU,1ª VARA DO TRABALHO DE BLUMENAU,DESTINATARIA,2026-07-13 18:05:31,REDISTRIBUICAO,VALIDA,
0001248-55.2026.5.12.0058,0001248-55.2026.5.12.0058,1,4 VARA DO TRABALHO DE CHAPECO,4ª VARA DO TRABALHO DE CHAPECÓ,CEDENTE,2026-07-23 14:04:54,2 VARA DO TRABALHO DE TUBARAO - TRIAGEM DE EQUALIZACAO,2ª VARA DO TRABALHO DE TUBARÃO - TRIAGEM DE EQUALIZAÇÃO,REDISTRIBUICAO,2 VARA DO TRABALHO DE TUBARAO,2ª VARA DO TRABALHO DE TUBARÃO,DESTINATARIA,2026-07-23 14:19:18,REDISTRIBUICAO,VALIDA,
0001249-03.2026.5.12.0038,0001249-03.2026.5.12.0038,1,2 VARA DO TRABALHO DE CHAPECO,2ª VARA DO TRABALHO DE CHAPECÓ,CEDENTE,2026-07-14 13:51:39,VARA DO TRABALHO DE SAO BENTO DO SUL - TRIAGEM DE EQUALIZACAO,VARA DO TRABALHO DE SÃO BENTO DO SUL - TRIAGEM DE EQUALIZAÇÃO,REDISTRIBUICAO,VARA DO TRABALHO DE SAO BENTO DO SUL,VARA DO TRABALHO DE SÃO BENTO DO SUL,DESTINATARIA,2026-07-14 18:16:14,REDISTRIBUICAO,VALIDA,
0001249-40.2026.5.12.0058,0001249-40.2026.5.12.0058,1,4 VARA DO TRABALHO DE CHAPECO,4ª VARA DO TRABALHO DE CHAPECÓ,CEDENTE,2026-07-23 14:05:09,VARA DO TRABALHO DE SAO BENTO DO SUL - TRIAGEM DE EQUALIZACAO,VARA DO TRABALHO DE SÃO BENTO DO SUL - TRIAGEM DE EQUALIZAÇÃO,REDISTRIBUICAO,VARA DO TRABALHO DE SAO BENTO DO SUL,VARA DO TRABALHO DE SÃO BENTO DO SUL,DESTINATARIA,2026-07-23 14:22:38,REDISTRIBUICAO,VALIDA,
0001249-90.2026.5.12.0009,0001249-90.2026.5.12.0009,1,1 VARA DO TRABALHO DE CHAPECO,1ª VARA DO TRABALHO DE CHAPECÓ,CEDENTE,2026-07-23 14:02:50,VARA DO TRABALHO DE SAO BENTO DO SUL - TRIAGEM DE EQUALIZACAO,VARA DO TRABALHO DE SÃO BENTO DO SUL - TRIAGEM DE EQUALIZAÇÃO,REDISTRIBUICAO,VARA DO TRABALHO DE SAO BENTO DO SUL,VARA DO TRABALHO DE SÃO BENTO DO SUL,DESTINATARIA,2026-07-23 14:36:08,REDISTRIBUICAO,VALIDA,
0001250-25.2026.5.12.0058,0001250-25.2026.5.12.0058,1,4 VARA DO TRABALHO DE CHAPECO,4ª VARA DO TRABALHO DE CHAPECÓ,CEDENTE,2026-07-23 14:05:23,4 VARA DO TRABALHO DE BLUMENAU - TRIAGEM DE EQUALIZACAO,4ª VARA DO TRABALHO DE BLUMENAU - TRIAGEM DE EQUALIZAÇÃO,REDISTRIBUICAO,4 VARA DO TRABALHO DE BLUMENAU,4ª VARA DO TRABALHO DE BLUMENAU,DESTINATARIA,2026-07-23 14:21:28,REDISTRIBUICAO,VALIDA,
0001250-75.2026.5.12.0009,0001250-75.2026.5.12.0009,1,1 VARA DO TRABALHO DE CHAPECO,1ª VARA DO TRABALHO DE CHAPECÓ,CEDENTE,2026-07-23 14:03:06,VARA DO TRABALHO DE MAFRA - TRIAGEM DE EQUALIZACAO,VARA DO TRABALHO DE MAFRA - TRIAGEM DE EQUALIZAÇÃO,REDISTRIBUICAO,VARA DO TRABALHO DE MAFRA,VARA DO TRABALHO DE MAFRA,DESTINATARIA,2026-07-23 14:22:04,REDISTRIBUICAO,VALIDA,
0001250-85.2026.5.12.0038,0001250-85.2026.5.12.0038,1,2 VARA DO TRABALHO DE CHAPECO,2ª VARA DO TRABALHO DE CHAPECÓ,CEDENTE,2026-07-14 13:51:52,VARA DO TRABALHO DE CANOINHAS - TRIAGEM DE EQUALIZACAO,VARA DO TRABALHO DE CANOINHAS - TRIAGEM DE EQUALIZAÇÃO,REDISTRIBUICAO,VARA DO TRABALHO DE CANOINHAS,VARA DO TRABALHO DE CANOINHAS,DESTINATARIA,2026-07-14 18:10:59,REDISTRIBUICAO,VALIDA,
0001251-10.2026.5.12.0058,0001251-10.2026.5.12.0058,1,4 VARA DO TRABALHO DE CHAPECO,4ª VARA DO TRABALHO DE CHAPECÓ,CEDENTE,2026-07-23 14:05:39,3 VARA DO TRABALHO DE LAGES - TRIAGEM DE EQUALIZACAO,3ª VARA DO TRABALHO DE LAGES - TRIAGEM DE EQUALIZAÇÃO,REDISTRIBUICAO,3 VARA DO TRABALHO DE LAGES,3ª VARA DO TRABALHO DE LAGES,DESTINATARIA,2026-07-23 14:20:54,REDISTRIBUICAO,VALIDA,
0001251-60.2026.5.12.0009,0001251-60.2026.5.12.0009,1,1 VARA DO TRABALHO DE CHAPECO,1ª VARA DO TRABALHO DE CHAPECÓ,CEDENTE,2026-07-23 14:03:20,4 VARA DO TRABALHO DE BLUMENAU - TRIAGEM DE EQUALIZACAO,4ª VARA DO TRABALHO DE BLUMENAU - TRIAGEM DE EQUALIZAÇÃO,REDISTRIBUICAO,4 VARA DO TRABALHO DE BLUMENAU,4ª VARA DO TRABALHO DE BLUMENAU,DESTINATARIA,2026-07-23 14:21:44,REDISTRIBUICAO,VALIDA,
0001251-70.2026.5.12.0038,0001251-70.2026.5.12.0038,1,2 VARA DO TRABALHO DE CHAPECO,2ª VARA DO TRABALHO DE CHAPECÓ,CEDENTE,2026-07-14 13:52:04,VARA DO TRABALHO DE ARARANGUA - TRIAGEM DE EQUALIZACAO,VARA DO TRABALHO DE ARARANGUÁ - TRIAGEM DE EQUALIZAÇÃO,REDISTRIBUICAO,VARA DO TRABALHO DE ARARANGUA,VARA DO TRABALHO DE ARARANGUÁ,DESTINATARIA,2026-07-14 18:10:16,REDISTRIBUICAO,VALIDA,
0001252-45.2026.5.12.0009,0001252-45.2026.5.12.0009,1,1 VARA DO TRABALHO DE CHAPECO,1ª VARA DO TRABALHO DE CHAPECÓ,CEDENTE,2026-07-23 14:03:38,VARA DO TRABALHO DE SAO BENTO DO SUL - TRIAGEM DE EQUALIZACAO,VARA DO TRABALHO DE SÃO BENTO DO SUL - TRIAGEM DE EQUALIZAÇÃO,REDISTRIBUICAO,VARA DO TRABALHO DE SAO BENTO DO SUL,VARA DO TRABALHO DE SÃO BENTO DO SUL,DESTINATARIA,2026-07-23 14:23:32,REDISTRIBUICAO,VALIDA,
0001253-30.2026.5.12.0009,0001253-30.2026.5.12.0009,1,1 VARA DO TRABALHO DE CHAPECO,1ª VARA DO TRABALHO DE CHAPECÓ,CEDENTE,2026-07-23 14:11:16,2 VARA DO TRABALHO DE LAGES - TRIAGEM DE EQUALIZACAO,2ª VARA DO TRABALHO DE LAGES - TRIAGEM DE EQUALIZAÇÃO,REDISTRIBUICAO,2 VARA DO TRABALHO DE LAGES,2ª VARA DO TRABALHO DE LAGES,DESTINATARIA,2026-07-23 14:18:56,REDISTRIBUICAO,VALIDA,
0001253-77.2026.5.12.0058,0001253-77.2026.5.12.0058,1,4 VARA DO TRABALHO DE CHAPECO,4ª VARA DO TRABALHO DE CHAPECÓ,CEDENTE,2026-07-23 14:11:38,VARA DO TRABALHO DE SAO BENTO DO SUL - TRIAGEM DE EQUALIZACAO,VARA DO TRABALHO DE SÃO BENTO DO SUL - TRIAGEM DE EQUALIZAÇÃO,REDISTRIBUICAO,VARA DO TRABALHO DE SAO BENTO DO SUL,VARA DO TRABALHO DE SÃO BENTO DO SUL,DESTINATARIA,2026-07-23 14:23:53,REDISTRIBUICAO,VALIDA,
0001254-62.2026.5.12.0058,0001254-62.2026.5.12.0058,1,4 VARA DO TRABALHO DE CHAPECO,4ª VARA DO TRABALHO DE CHAPECÓ,CEDENTE,2026-07-23 14:11:52,3 VARA DO TRABALHO DE LAGES - TRIAGEM DE EQUALIZACAO,3ª VARA DO TRABALHO DE LAGES - TRIAGEM DE EQUALIZAÇÃO,REDISTRIBUICAO,3 VARA DO TRABALHO DE LAGES,3ª VARA DO TRABALHO DE LAGES,DESTINATARIA,2026-07-23 14:21:11,REDISTRIBUICAO,VALIDA,
0001255-10.2026.5.12.0038,0001255-10.2026.5.12.0038,1,2 VARA DO TRABALHO DE CHAPECO,2ª VARA DO TRABALHO DE CHAPECÓ,CEDENTE,2026-07-14 17:43:21,1 VARA DO TRABALHO DE TUBARAO - TRIAGEM DE EQUALIZACAO,1ª VARA DO TRABALHO DE TUBARÃO - TRIAGEM DE EQUALIZAÇÃO,REDISTRIBUICAO,1 VARA DO TRABALHO DE TUBARAO,1ª VARA DO TRABALHO DE TUBARÃO,DESTINATARIA,2026-07-14 18:04:06,REDISTRIBUICAO,VALIDA,
0001255-47.2026.5.12.0058,0001255-47.2026.5.12.0058,1,4 VARA DO TRABALHO DE CHAPECO,4ª VARA DO TRABALHO DE CHAPECÓ,CEDENTE,2026-07-23 17:35:11,VARA DO TRABALHO DE CANOINHAS - TRIAGEM DE EQUALIZACAO,VARA DO TRABALHO DE CANOINHAS - TRIAGEM DE EQUALIZAÇÃO,REDISTRIBUICAO,VARA DO TRABALHO DE CANOINHAS,VARA DO TRABALHO DE CANOINHAS,DESTINATARIA,2026-07-23 18:13:13,REDISTRIBUICAO,VALIDA,
0001255-97.2026.5.12.0009,0001255-97.2026.5.12.0009,1,1 VARA DO TRABALHO DE CHAPECO,1ª VARA DO TRABALHO DE CHAPECÓ,CEDENTE,2026-07-23 14:04:31,VARA DO TRABALHO DE MAFRA - TRIAGEM DE EQUALIZACAO,VARA DO TRABALHO DE MAFRA - TRIAGEM DE EQUALIZAÇÃO,REDISTRIBUICAO,VARA DO TRABALHO DE MAFRA,VARA DO TRABALHO DE MAFRA,DESTINATARIA,2026-07-23 14:22:20,REDISTRIBUICAO,VALIDA,
0001256-32.2026.5.12.0058,0001256-32.2026.5.12.0058,1,4 VARA DO TRABALHO DE CHAPECO,4ª VARA DO TRABALHO DE CHAPECÓ,CEDENTE,2026-07-23 17:35:21,VARA DO TRABALHO DE CANOINHAS - TRIAGEM DE EQUALIZACAO,VARA DO TRABALHO DE CANOINHAS - TRIAGEM DE EQUALIZAÇÃO,REDISTRIBUICAO,VARA DO TRABALHO DE CANOINHAS,VARA DO TRABALHO DE CANOINHAS,DESTINATARIA,2026-07-23 18:13:24,REDISTRIBUICAO,VALIDA,
0001256-82.2026.5.12.0009,0001256-82.2026.5.12.0009,1,1 VARA DO TRABALHO DE CHAPECO,1ª VARA DO TRABALHO DE CHAPECÓ,CEDENTE,2026-07-23 17:33:32,3 VARA DO TRABALHO DE LAGES - TRIAGEM DE EQUALIZACAO,3ª VARA DO TRABALHO DE LAGES - TRIAGEM DE EQUALIZAÇÃO,REDISTRIBUICAO,3 VARA DO TRABALHO DE LAGES,3ª VARA DO TRABALHO DE LAGES,DESTINATARIA,2026-07-23 18:12:01,REDISTRIBUICAO,VALIDA,
0001256-92.2026.5.12.0038,0001256-92.2026.5.12.0038,1,2 VARA DO TRABALHO DE CHAPECO,2ª VARA DO TRABALHO DE CHAPECÓ,CEDENTE,2026-07-14 17:43:36,VARA DO TRABALHO DE INDAIAL - TRIAGEM DE EQUALIZACAO,VARA DO TRABALHO DE INDAIAL - TRIAGEM DE EQUALIZAÇÃO,REDISTRIBUICAO,VARA DO TRABALHO DE INDAIAL,VARA DO TRABALHO DE INDAIAL,DESTINATARIA,2026-07-14 18:14:14,REDISTRIBUICAO,VALIDA,
0001257-67.2026.5.12.0009,0001257-67.2026.5.12.0009,1,1 VARA DO TRABALHO DE CHAPECO,1ª VARA DO TRABALHO DE CHAPECÓ,CEDENTE,2026-07-23 17:33:45,2 VARA DO TRABALHO DE BLUMENAU - TRIAGEM DE EQUALIZACAO,2ª VARA DO TRABALHO DE BLUMENAU - TRIAGEM DE EQUALIZAÇÃO,REDISTRIBUICAO,2 VARA DO TRABALHO DE BLUMENAU,2ª VARA DO TRABALHO DE BLUMENAU,DESTINATARIA,2026-07-23 18:10:15,REDISTRIBUICAO,VALIDA,
0001257-77.2026.5.12.0038,0001257-77.2026.5.12.0038,1,2 VARA DO TRABALHO DE CHAPECO,2ª VARA DO TRABALHO DE CHAPECÓ,CEDENTE,2026-07-15 13:37:07,VARA DO TRABALHO DE SAO BENTO DO SUL - TRIAGEM DE EQUALIZACAO,VARA DO TRABALHO DE SÃO BENTO DO SUL - TRIAGEM DE EQUALIZAÇÃO,REDISTRIBUICAO,VARA DO TRABALHO DE SAO BENTO DO SUL,VARA DO TRABALHO DE SÃO BENTO DO SUL,DESTINATARIA,2026-07-15 14:31:16,REDISTRIBUICAO,VALIDA,
0001258-02.2026.5.12.0058,0001258-02.2026.5.12.0058,1,4 VARA DO TRABALHO DE CHAPECO,4ª VARA DO TRABALHO DE CHAPECÓ,CEDENTE,2026-07-23 17:35:34,4 VARA DO TRABALHO DE BLUMENAU - TRIAGEM DE EQUALIZACAO,4ª VARA DO TRABALHO DE BLUMENAU - TRIAGEM DE EQUALIZAÇÃO,REDISTRIBUICAO,4 VARA DO TRABALHO DE BLUMENAU,4ª VARA DO TRABALHO DE BLUMENAU,DESTINATARIA,2026-07-23 18:12:36,REDISTRIBUICAO,VALIDA,
0001258-52.2026.5.12.0009,0001258-52.2026.5.12.0009,1,1 VARA DO TRABALHO DE CHAPECO,1ª VARA DO TRABALHO DE CHAPECÓ,CEDENTE,2026-07-23 17:33:59,3 VARA DO TRABALHO DE LAGES - TRIAGEM DE EQUALIZACAO,3ª VARA DO TRABALHO DE LAGES - TRIAGEM DE EQUALIZAÇÃO,REDISTRIBUICAO,3 VARA DO TRABALHO DE LAGES,3ª VARA DO TRABALHO DE LAGES,DESTINATARIA,2026-07-23 18:12:13,REDISTRIBUICAO,VALIDA,
0001258-62.2026.5.12.0038,0001258-62.2026.5.12.0038,1,2 VARA DO TRABALHO DE CHAPECO,2ª VARA DO TRABALHO DE CHAPECÓ,CEDENTE,2026-07-16 18:06:47,2 VARA DO TRABALHO DE BRUSQUE - TRIAGEM DE EQUALIZACAO,2ª VARA DO TRABALHO DE BRUSQUE - TRIAGEM DE EQUALIZAÇÃO,REDISTRIBUICAO,2 VARA DO TRABALHO DE BRUSQUE,2ª VARA DO TRABALHO DE BRUSQUE,DESTINATARIA,2026-07-16 18:34:23,REDISTRIBUICAO,VALIDA,
0001259-37.2026.5.12.0009,0001259-37.2026.5.12.0009,1,1 VARA DO TRABALHO DE CHAPECO,1ª VARA DO TRABALHO DE CHAPECÓ,CEDENTE,2026-07-23 17:44:40,1 VARA DO TRABALHO DE BLUMENAU - TRIAGEM DE EQUALIZACAO,1ª VARA DO TRABALHO DE BLUMENAU - TRIAGEM DE EQUALIZAÇÃO,REDISTRIBUICAO,1 VARA DO TRABALHO DE BLUMENAU,1ª VARA DO TRABALHO DE BLUMENAU,DESTINATARIA,2026-07-23 18:09:41,REDISTRIBUICAO,VALIDA,
0001259-47.2026.5.12.0038,0001259-47.2026.5.12.0038,1,2 VARA DO TRABALHO DE CHAPECO,2ª VARA DO TRABALHO DE CHAPECÓ,CEDENTE,2026-07-15 13:37:21,1 VARA DO TRABALHO DE TUBARAO - TRIAGEM DE EQUALIZACAO,1ª VARA DO TRABALHO DE TUBARÃO - TRIAGEM DE EQUALIZAÇÃO,REDISTRIBUICAO,1 VARA DO TRABALHO DE TUBARAO,1ª VARA DO TRABALHO DE TUBARÃO,DESTINATARIA,2026-07-15 14:18:56,REDISTRIBUICAO,VALIDA,
0001259-84.2026.5.12.0058,0001259-84.2026.5.12.0058,1,4 VARA DO TRABALHO DE CHAPECO,4ª VARA DO TRABALHO DE CHAPECÓ,CEDENTE,2026-07-23 17:35:46,VARA DO TRABALHO DE SAO BENTO DO SUL - TRIAGEM DE EQUALIZACAO,VARA DO TRABALHO DE SÃO BENTO DO SUL - TRIAGEM DE EQUALIZAÇÃO,REDISTRIBUICAO,VARA DO TRABALHO DE SAO BENTO DO SUL,VARA DO TRABALHO DE SÃO BENTO DO SUL,DESTINATARIA,2026-07-23 18:18:11,REDISTRIBUICAO,VALIDA,
0001260-22.2026.5.12.0009,0001260-22.2026.5.12.0009,1,1 VARA DO TRABALHO DE CHAPECO,1ª VARA DO TRABALHO DE CHAPECÓ,CEDENTE,2026-07-23 17:44:52,4 VARA DO TRABALHO DE BLUMENAU - TRIAGEM DE EQUALIZACAO,4ª VARA DO TRABALHO DE BLUMENAU - TRIAGEM DE EQUALIZAÇÃO,REDISTRIBUICAO,4 VARA DO TRABALHO DE BLUMENAU,4ª VARA DO TRABALHO DE BLUMENAU,DESTINATARIA,2026-07-23 18:12:48,REDISTRIBUICAO,VALIDA,
0001260-32.2026.5.12.0038,0001260-32.2026.5.12.0038,1,2 VARA DO TRABALHO DE CHAPECO,2ª VARA DO TRABALHO DE CHAPECÓ,CEDENTE,2026-07-15 17:37:11,1 VARA DO TRABALHO DE LAGES - TRIAGEM DE EQUALIZACAO,1ª VARA DO TRABALHO DE LAGES - TRIAGEM DE EQUALIZAÇÃO,REDISTRIBUICAO,1 VARA DO TRABALHO DE LAGES,1ª VARA DO TRABALHO DE LAGES,DESTINATARIA,2026-07-15 18:06:50,REDISTRIBUICAO,VALIDA,
0001260-69.2026.5.12.0058,0001260-69.2026.5.12.0058,1,4 VARA DO TRABALHO DE CHAPECO,4ª VARA DO TRABALHO DE CHAPECÓ,CEDENTE,2026-07-23 17:36:02,2 VARA DO TRABALHO DE TUBARAO - TRIAGEM DE EQUALIZACAO,2ª VARA DO TRABALHO DE TUBARÃO - TRIAGEM DE EQUALIZAÇÃO,REDISTRIBUICAO,2 VARA DO TRABALHO DE TUBARAO,2ª VARA DO TRABALHO DE TUBARÃO,DESTINATARIA,2026-07-23 18:11:03,REDISTRIBUICAO,VALIDA,
0001261-07.2026.5.12.0009,0001261-07.2026.5.12.0009,1,1 VARA DO TRABALHO DE CHAPECO,1ª VARA DO TRABALHO DE CHAPECÓ,CEDENTE,2026-07-23 17:34:52,VARA DO TRABALHO DE SAO BENTO DO SUL - TRIAGEM DE EQUALIZACAO,VARA DO TRABALHO DE SÃO BENTO DO SUL - TRIAGEM DE EQUALIZAÇÃO,REDISTRIBUICAO,VARA DO TRABALHO DE SAO BENTO DO SUL,VARA DO TRABALHO DE SÃO BENTO DO SUL,DESTINATARIA,2026-07-23 18:13:39,REDISTRIBUICAO,VALIDA,
0001261-17.2026.5.12.0038,0001261-17.2026.5.12.0038,1,2 VARA DO TRABALHO DE CHAPECO,2ª VARA DO TRABALHO DE CHAPECÓ,CEDENTE,2026-07-15 17:37:25,VARA DO TRABALHO DE CURITIBANOS - TRIAGEM DE EQUALIZACAO,VARA DO TRABALHO DE CURITIBANOS - TRIAGEM DE EQUALIZAÇÃO,REDISTRIBUICAO,VARA DO TRABALHO DE CURITIBANOS,VARA DO TRABALHO DE CURITIBANOS,DESTINATARIA,2026-07-15 18:16:57,REDISTRIBUICAO,VALIDA,
0001261-54.2026.5.12.0058,0001261-54.2026.5.12.0058,1,4 VARA DO TRABALHO DE CHAPECO,4ª VARA DO TRABALHO DE CHAPECÓ,CEDENTE,2026-07-23 17:36:14,2 VARA DO TRABALHO DE LAGES - TRIAGEM DE EQUALIZACAO,2ª VARA DO TRABALHO DE LAGES - TRIAGEM DE EQUALIZAÇÃO,REDISTRIBUICAO,2 VARA DO TRABALHO DE LAGES,2ª VARA DO TRABALHO DE LAGES,DESTINATARIA,2026-07-23 18:10:27,REDISTRIBUICAO,VALIDA,
0001262-02.2026.5.12.0038,0001262-02.2026.5.12.0038,1,2 VARA DO TRABALHO DE CHAPECO,2ª VARA DO TRABALHO DE CHAPECÓ,CEDENTE,2026-07-16 14:53:33,1 VARA DO TRABALHO DE TUBARAO - TRIAGEM DE EQUALIZACAO,1ª VARA DO TRABALHO DE TUBARÃO - TRIAGEM DE EQUALIZAÇÃO,REDISTRIBUICAO,1 VARA DO TRABALHO DE TUBARAO,1ª VARA DO TRABALHO DE TUBARÃO,DESTINATARIA,2026-07-16 15:13:22,REDISTRIBUICAO,VALIDA,
0001262-89.2026.5.12.0009,0001262-89.2026.5.12.0009,1,1 VARA DO TRABALHO DE CHAPECO,1ª VARA DO TRABALHO DE CHAPECÓ,CEDENTE,2026-07-23 17:45:03,3 VARA DO TRABALHO DE LAGES - TRIAGEM DE EQUALIZACAO,3ª VARA DO TRABALHO DE LAGES - TRIAGEM DE EQUALIZAÇÃO,REDISTRIBUICAO,3 VARA DO TRABALHO DE LAGES,3ª VARA DO TRABALHO DE LAGES,DESTINATARIA,2026-07-23 18:12:24,REDISTRIBUICAO,VALIDA,
0001263-24.2026.5.12.0058,0001263-24.2026.5.12.0058,1,4 VARA DO TRABALHO DE CHAPECO,4ª VARA DO TRABALHO DE CHAPECÓ,CEDENTE,2026-07-24 14:06:39,2 VARA DO TRABALHO DE TUBARAO - TRIAGEM DE EQUALIZACAO,2ª VARA DO TRABALHO DE TUBARÃO - TRIAGEM DE EQUALIZAÇÃO,REDISTRIBUICAO,2 VARA DO TRABALHO DE TUBARAO,2ª VARA DO TRABALHO DE TUBARÃO,DESTINATARIA,2026-07-24 14:23:23,REDISTRIBUICAO,VALIDA,
0001264-09.2026.5.12.0058,0001264-09.2026.5.12.0058,1,4 VARA DO TRABALHO DE CHAPECO,4ª VARA DO TRABALHO DE CHAPECÓ,CEDENTE,2026-07-24 14:06:50,3 VARA DO TRABALHO DE LAGES - TRIAGEM DE EQUALIZACAO,3ª VARA DO TRABALHO DE LAGES - TRIAGEM DE EQUALIZAÇÃO,REDISTRIBUICAO,3 VARA DO TRABALHO DE LAGES,3ª VARA DO TRABALHO DE LAGES,DESTINATARIA,2026-07-24 14:23:47,REDISTRIBUICAO,VALIDA,
0001264-59.2026.5.12.0009,0001264-59.2026.5.12.0009,1,1 VARA DO TRABALHO DE CHAPECO,1ª VARA DO TRABALHO DE CHAPECÓ,CEDENTE,2026-07-24 14:14:16,VARA DO TRABALHO DE SAO BENTO DO SUL - TRIAGEM DE EQUALIZACAO,VARA DO TRABALHO DE SÃO BENTO DO SUL - TRIAGEM DE EQUALIZAÇÃO,REDISTRIBUICAO,VARA DO TRABALHO DE SAO BENTO DO SUL,VARA DO TRABALHO DE SÃO BENTO DO SUL,DESTINATARIA,2026-07-24 14:25:56,REDISTRIBUICAO,VALIDA,
0001265-54.2026.5.12.0038,0001265-54.2026.5.12.0038,1,2 VARA DO TRABALHO DE CHAPECO,2ª VARA DO TRABALHO DE CHAPECÓ,CEDENTE,2026-07-16 14:53:46,2 VARA DO TRABALHO DE BLUMENAU - TRIAGEM DE EQUALIZACAO,2ª VARA DO TRABALHO DE BLUMENAU - TRIAGEM DE EQUALIZAÇÃO,REDISTRIBUICAO,2 VARA DO TRABALHO DE BLUMENAU,2ª VARA DO TRABALHO DE BLUMENAU,DESTINATARIA,2026-07-16 15:14:39,REDISTRIBUICAO,VALIDA,
0001265-91.2026.5.12.0058,0001265-91.2026.5.12.0058,1,4 VARA DO TRABALHO DE CHAPECO,4ª VARA DO TRABALHO DE CHAPECÓ,CEDENTE,2026-07-24 14:07:02,3 VARA DO TRABALHO DE LAGES - TRIAGEM DE EQUALIZACAO,3ª VARA DO TRABALHO DE LAGES - TRIAGEM DE EQUALIZAÇÃO,REDISTRIBUICAO,3 VARA DO TRABALHO DE LAGES,3ª VARA DO TRABALHO DE LAGES,DESTINATARIA,2026-07-24 14:23:59,REDISTRIBUICAO,VALIDA,
0001266-29.2026.5.12.0009,0001266-29.2026.5.12.0009,1,1 VARA DO TRABALHO DE CHAPECO,1ª VARA DO TRABALHO DE CHAPECÓ,CEDENTE,2026-07-24 14:14:25,1 VARA DO TRABALHO DE BLUMENAU - TRIAGEM DE EQUALIZACAO,1ª VARA DO TRABALHO DE BLUMENAU - TRIAGEM DE EQUALIZAÇÃO,REDISTRIBUICAO,1 VARA DO TRABALHO DE BLUMENAU,1ª VARA DO TRABALHO DE BLUMENAU,DESTINATARIA,2026-07-24 14:21:33,REDISTRIBUICAO,VALIDA,
0001266-39.2026.5.12.0038,0001266-39.2026.5.12.0038,1,2 VARA DO TRABALHO DE CHAPECO,2ª VARA DO TRABALHO DE CHAPECÓ,CEDENTE,2026-07-16 18:06:59,VARA DO TRABALHO DE ARARANGUA - TRIAGEM DE EQUALIZACAO,VARA DO TRABALHO DE ARARANGUÁ - TRIAGEM DE EQUALIZAÇÃO,REDISTRIBUICAO,VARA DO TRABALHO DE ARARANGUA,VARA DO TRABALHO DE ARARANGUÁ,DESTINATARIA,2026-07-16 18:42:00,REDISTRIBUICAO,VALIDA,
0001266-76.2026.5.12.0058,0001266-76.2026.5.12.0058,1,4 VARA DO TRABALHO DE CHAPECO,4ª VARA DO TRABALHO DE CHAPECÓ,CEDENTE,2026-07-24 14:07:11,2 VARA DO TRABALHO DE BLUMENAU - TRIAGEM DE EQUALIZACAO,2ª VARA DO TRABALHO DE BLUMENAU - TRIAGEM DE EQUALIZAÇÃO,REDISTRIBUICAO,2 VARA DO TRABALHO DE BLUMENAU,2ª VARA DO TRABALHO DE BLUMENAU,DESTINATARIA,2026-07-24 14:22:09,REDISTRIBUICAO,VALIDA,
0001267-14.2026.5.12.0009,0001267-14.2026.5.12.0009,1,1 VARA DO TRABALHO DE CHAPECO,1ª VARA DO TRABALHO DE CHAPECÓ,CEDENTE,2026-07-24 14:05:29,VARA DO TRABALHO DE MAFRA - TRIAGEM DE EQUALIZACAO,VARA DO TRABALHO DE MAFRA - TRIAGEM DE EQUALIZAÇÃO,REDISTRIBUICAO,VARA DO TRABALHO DE MAFRA,VARA DO TRABALHO DE MAFRA,DESTINATARIA,2026-07-24 14:25:00,REDISTRIBUICAO,VALIDA,
0001267-61.2026.5.12.0058,0001267-61.2026.5.12.0058,1,4 VARA DO TRABALHO DE CHAPECO,4ª VARA DO TRABALHO DE CHAPECÓ,CEDENTE,2026-07-24 14:07:22,2 VARA DO TRABALHO DE BLUMENAU - TRIAGEM DE EQUALIZACAO,2ª VARA DO TRABALHO DE BLUMENAU - TRIAGEM DE EQUALIZAÇÃO,REDISTRIBUICAO,2 VARA DO TRABALHO DE BLUMENAU,2ª VARA DO TRABALHO DE BLUMENAU,DESTINATARIA,2026-07-24 14:22:20,REDISTRIBUICAO,VALIDA,
0001268-96.2026.5.12.0009,0001268-96.2026.5.12.0009,1,1 VARA DO TRABALHO DE CHAPECO,1ª VARA DO TRABALHO DE CHAPECÓ,CEDENTE,2026-07-24 14:05:38,3 VARA DO TRABALHO DE LAGES - TRIAGEM DE EQUALIZACAO,3ª VARA DO TRABALHO DE LAGES - TRIAGEM DE EQUALIZAÇÃO,REDISTRIBUICAO,3 VARA DO TRABALHO DE LAGES,3ª VARA DO TRABALHO DE LAGES,DESTINATARIA,2026-07-24 14:24:10,REDISTRIBUICAO,VALIDA,
0001269-81.2026.5.12.0009,0001269-81.2026.5.12.0009,1,1 VARA DO TRABALHO DE CHAPECO,1ª VARA DO TRABALHO DE CHAPECÓ,CEDENTE,2026-07-24 14:05:49,2 VARA DO TRABALHO DE TUBARAO - TRIAGEM DE EQUALIZACAO,2ª VARA DO TRABALHO DE TUBARÃO - TRIAGEM DE EQUALIZAÇÃO,REDISTRIBUICAO,2 VARA DO TRABALHO DE TUBARAO,2ª VARA DO TRABALHO DE TUBARÃO,DESTINATARIA,2026-07-24 14:23:35,REDISTRIBUICAO,VALIDA,
0001270-16.2026.5.12.0058,0001270-16.2026.5.12.0058,1,4 VARA DO TRABALHO DE CHAPECO,4ª VARA DO TRABALHO DE CHAPECÓ,CEDENTE,2026-07-24 14:07:32,VARA DO TRABALHO DE MAFRA - TRIAGEM DE EQUALIZACAO,VARA DO TRABALHO DE MAFRA - TRIAGEM DE EQUALIZAÇÃO,REDISTRIBUICAO,VARA DO TRABALHO DE MAFRA,VARA DO TRABALHO DE MAFRA,DESTINATARIA,2026-07-24 14:25:12,REDISTRIBUICAO,VALIDA,
0001270-76.2026.5.12.0038,0001270-76.2026.5.12.0038,1,2 VARA DO TRABALHO DE CHAPECO,2ª VARA DO TRABALHO DE CHAPECÓ,CEDENTE,2026-07-17 13:51:26,VARA DO TRABALHO DE MAFRA - TRIAGEM DE EQUALIZACAO,VARA DO TRABALHO DE MAFRA - TRIAGEM DE EQUALIZAÇÃO,REDISTRIBUICAO,VARA DO TRABALHO DE MAFRA,VARA DO TRABALHO DE MAFRA,DESTINATARIA,2026-07-17 14:32:40,REDISTRIBUICAO,VALIDA,
0001271-51.2026.5.12.0009,0001271-51.2026.5.12.0009,1,1 VARA DO TRABALHO DE CHAPECO,1ª VARA DO TRABALHO DE CHAPECÓ,CEDENTE,2026-07-24 14:06:00,2 VARA DO TRABALHO DE BLUMENAU - TRIAGEM DE EQUALIZACAO,2ª VARA DO TRABALHO DE BLUMENAU - TRIAGEM DE EQUALIZAÇÃO,REDISTRIBUICAO,2 VARA DO TRABALHO DE BLUMENAU,2ª VARA DO TRABALHO DE BLUMENAU,DESTINATARIA,2026-07-24 14:22:33,REDISTRIBUICAO,VALIDA,
0001271-98.2026.5.12.0058,0001271-98.2026.5.12.0058,1,4 VARA DO TRABALHO DE CHAPECO,4ª VARA DO TRABALHO DE CHAPECÓ,CEDENTE,2026-07-24 17:34:20,2 VARA DO TRABALHO DE BLUMENAU - TRIAGEM DE EQUALIZACAO,2ª VARA DO TRABALHO DE BLUMENAU - TRIAGEM DE EQUALIZAÇÃO,REDISTRIBUICAO,2 VARA DO TRABALHO DE BLUMENAU,2ª VARA DO TRABALHO DE BLUMENAU,DESTINATARIA,2026-07-24 17:50:22,REDISTRIBUICAO,VALIDA,
0001272-36.2026.5.12.0009,0001272-36.2026.5.12.0009,1,1 VARA DO TRABALHO DE CHAPECO,1ª VARA DO TRABALHO DE CHAPECÓ,CEDENTE,2026-07-24 14:06:11,2 VARA DO TRABALHO DE LAGES - TRIAGEM DE EQUALIZACAO,2ª VARA DO TRABALHO DE LAGES - TRIAGEM DE EQUALIZAÇÃO,REDISTRIBUICAO,2 VARA DO TRABALHO DE LAGES,2ª VARA DO TRABALHO DE LAGES,DESTINATARIA,2026-07-24 14:22:46,REDISTRIBUICAO,VALIDA,
0001272-83.2026.5.12.0058,0001272-83.2026.5.12.0058,1,4 VARA DO TRABALHO DE CHAPECO,4ª VARA DO TRABALHO DE CHAPECÓ,CEDENTE,2026-07-24 17:27:55,4 VARA DO TRABALHO DE BLUMENAU - TRIAGEM DE EQUALIZACAO,4ª VARA DO TRABALHO DE BLUMENAU - TRIAGEM DE EQUALIZAÇÃO,REDISTRIBUICAO,4 VARA DO TRABALHO DE BLUMENAU,4ª VARA DO TRABALHO DE BLUMENAU,DESTINATARIA,2026-07-24 17:44:33,REDISTRIBUICAO,VALIDA,
0001273-21.2026.5.12.0009,0001273-21.2026.5.12.0009,1,1 VARA DO TRABALHO DE CHAPECO,1ª VARA DO TRABALHO DE CHAPECÓ,CEDENTE,2026-07-24 14:06:22,VARA DO TRABALHO DE SAO BENTO DO SUL - TRIAGEM DE EQUALIZACAO,VARA DO TRABALHO DE SÃO BENTO DO SUL - TRIAGEM DE EQUALIZAÇÃO,REDISTRIBUICAO,VARA DO TRABALHO DE SAO BENTO DO SUL,VARA DO TRABALHO DE SÃO BENTO DO SUL,DESTINATARIA,2026-07-24 14:26:07,REDISTRIBUICAO,VALIDA,
0001273-31.2026.5.12.0038,0001273-31.2026.5.12.0038,1,2 VARA DO TRABALHO DE CHAPECO,2ª VARA DO TRABALHO DE CHAPECÓ,CEDENTE,2026-07-17 17:45:29,1 VARA DO TRABALHO DE BLUMENAU - TRIAGEM DE EQUALIZACAO,1ª VARA DO TRABALHO DE BLUMENAU - TRIAGEM DE EQUALIZAÇÃO,REDISTRIBUICAO,1 VARA DO TRABALHO DE BLUMENAU,1ª VARA DO TRABALHO DE BLUMENAU,DESTINATARIA,2026-07-17 18:08:20,REDISTRIBUICAO,VALIDA,
0001273-68.2026.5.12.0058,0001273-68.2026.5.12.0058,1,4 VARA DO TRABALHO DE CHAPECO,4ª VARA DO TRABALHO DE CHAPECÓ,CEDENTE,2026-07-24 17:28:07,VARA DO TRABALHO DE MAFRA - TRIAGEM DE EQUALIZACAO,VARA DO TRABALHO DE MAFRA - TRIAGEM DE EQUALIZAÇÃO,REDISTRIBUICAO,VARA DO TRABALHO DE MAFRA,VARA DO TRABALHO DE MAFRA,DESTINATARIA,2026-07-24 17:45:17,REDISTRIBUICAO,VALIDA,
0001274-16.2026.5.12.0038,0001274-16.2026.5.12.0038,1,2 VARA DO TRABALHO DE CHAPECO,2ª VARA DO TRABALHO DE CHAPECÓ,CEDENTE,2026-07-17 17:27:43,VARA DO TRABALHO DE MAFRA - TRIAGEM DE EQUALIZACAO,VARA DO TRABALHO DE MAFRA - TRIAGEM DE EQUALIZAÇÃO,REDISTRIBUICAO,VARA DO TRABALHO DE MAFRA,VARA DO TRABALHO DE MAFRA,DESTINATARIA,2026-07-17 18:21:46,REDISTRIBUICAO,VALIDA,
0001274-53.2026.5.12.0058,0001274-53.2026.5.12.0058,1,4 VARA DO TRABALHO DE CHAPECO,4ª VARA DO TRABALHO DE CHAPECÓ,CEDENTE,2026-07-24 17:28:17,4 VARA DO TRABALHO DE BLUMENAU - TRIAGEM DE EQUALIZACAO,4ª VARA DO TRABALHO DE BLUMENAU - TRIAGEM DE EQUALIZAÇÃO,REDISTRIBUICAO,4 VARA DO TRABALHO DE BLUMENAU,4ª VARA DO TRABALHO DE BLUMENAU,DESTINATARIA,2026-07-24 17:44:43,REDISTRIBUICAO,VALIDA,
0001275-98.2026.5.12.0038,0001275-98.2026.5.12.0038,1,2 VARA DO TRABALHO DE CHAPECO,2ª VARA DO TRABALHO DE CHAPECÓ,CEDENTE,2026-07-17 17:27:58,1 VARA DO TRABALHO DE BRUSQUE - TRIAGEM DE EQUALIZACAO,1ª VARA DO TRABALHO DE BRUSQUE - TRIAGEM DE EQUALIZAÇÃO,REDISTRIBUICAO,1 VARA DO TRABALHO DE BRUSQUE,1ª VARA DO TRABALHO DE BRUSQUE,DESTINATARIA,2026-07-17 18:08:56,REDISTRIBUICAO,VALIDA,
0001276-73.2026.5.12.0009,0001276-73.2026.5.12.0009,1,1 VARA DO TRABALHO DE CHAPECO,1ª VARA DO TRABALHO DE CHAPECÓ,CEDENTE,2026-07-24 17:27:16,VARA DO TRABALHO DE CANOINHAS - TRIAGEM DE EQUALIZACAO,VARA DO TRABALHO DE CANOINHAS - TRIAGEM DE EQUALIZAÇÃO,REDISTRIBUICAO,VARA DO TRABALHO DE CANOINHAS,VARA DO TRABALHO DE CANOINHAS,DESTINATARIA,2026-07-24 17:44:54,REDISTRIBUICAO,VALIDA,
0001277-58.2026.5.12.0009,0001277-58.2026.5.12.0009,1,1 VARA DO TRABALHO DE CHAPECO,1ª VARA DO TRABALHO DE CHAPECÓ,CEDENTE,2026-07-24 17:27:28,2 VARA DO TRABALHO DE TUBARAO - TRIAGEM DE EQUALIZACAO,2ª VARA DO TRABALHO DE TUBARÃO - TRIAGEM DE EQUALIZAÇÃO,REDISTRIBUICAO,2 VARA DO TRABALHO DE TUBARAO,2ª VARA DO TRABALHO DE TUBARÃO,DESTINATARIA,2026-07-24 17:43:59,REDISTRIBUICAO,VALIDA,
0001278-43.2026.5.12.0009,0001278-43.2026.5.12.0009,1,1 VARA DO TRABALHO DE CHAPECO,1ª VARA DO TRABALHO DE CHAPECÓ,CEDENTE,2026-07-24 17:34:04,2 VARA DO TRABALHO DE BLUMENAU - TRIAGEM DE EQUALIZACAO,2ª VARA DO TRABALHO DE BLUMENAU - TRIAGEM DE EQUALIZAÇÃO,REDISTRIBUICAO,2 VARA DO TRABALHO DE BLUMENAU,2ª VARA DO TRABALHO DE BLUMENAU,DESTINATARIA,2026-07-24 17:43:09,REDISTRIBUICAO,VALIDA,
0001279-28.2026.5.12.0009,0001279-28.2026.5.12.0009,1,1 VARA DO TRABALHO DE CHAPECO,1ª VARA DO TRABALHO DE CHAPECÓ,CEDENTE,2026-07-24 17:27:40,2 VARA DO TRABALHO DE LAGES - TRIAGEM DE EQUALIZACAO,2ª VARA DO TRABALHO DE LAGES - TRIAGEM DE EQUALIZAÇÃO,REDISTRIBUICAO,2 VARA DO TRABALHO DE LAGES,2ª VARA DO TRABALHO DE LAGES,DESTINATARIA,2026-07-24 17:43:22,REDISTRIBUICAO,VALIDA,
0001292-37.2026.5.12.0038,0001292-37.2026.5.12.0038,1,1 VARA DO TRABALHO DE CHAPECO,1ª VARA DO TRABALHO DE CHAPECÓ,CEDENTE,2026-07-22 18:30:55,VARA DO TRABALHO DE CANOINHAS - TRIAGEM DE EQUALIZACAO,VARA DO TRABALHO DE CANOINHAS - TRIAGEM DE EQUALIZAÇÃO,REDISTRIBUICAO,VARA DO TRABALHO DE CANOINHAS,VARA DO TRABALHO DE CANOINHAS,DESTINATARIA,2026-07-22 18:38:42,REDISTRIBUICAO,VALIDA,
0001294-07.2026.5.12.0038,0001294-07.2026.5.12.0038,1,4 VARA DO TRABALHO DE CHAPECO,4ª VARA DO TRABALHO DE CHAPECÓ,CEDENTE,2026-07-22 18:31:13,VARA DO TRABALHO DE MAFRA - TRIAGEM DE EQUALIZACAO,VARA DO TRABALHO DE MAFRA - TRIAGEM DE EQUALIZAÇÃO,REDISTRIBUICAO,VARA DO TRABALHO DE MAFRA,VARA DO TRABALHO DE MAFRA,DESTINATARIA,2026-07-22 18:43:54,REDISTRIBUICAO,VALIDA,
0001295-32.2026.5.12.0057,0001295-32.2026.5.12.0057,1,3 VARA DO TRABALHO DE CHAPECO,3ª VARA DO TRABALHO DE CHAPECÓ,CEDENTE,2026-08-03 14:11:28,VARA DO TRABALHO DE CANOINHAS - TRIAGEM DE EQUALIZACAO,VARA DO TRABALHO DE CANOINHAS - TRIAGEM DE EQUALIZAÇÃO,REDISTRIBUICAO,VARA DO TRABALHO DE CANOINHAS,VARA DO TRABALHO DE CANOINHAS,DESTINATARIA,2026-08-03 14:16:24,REDISTRIBUICAO,VALIDA,
0001296-17.2026.5.12.0057,0001296-17.2026.5.12.0057,1,3 VARA DO TRABALHO DE CHAPECO,3ª VARA DO TRABALHO DE CHAPECÓ,CEDENTE,2026-08-03 14:05:58,VARA DO TRABALHO DE ARARANGUA - TRIAGEM DE EQUALIZACAO,VARA DO TRABALHO DE ARARANGUÁ - TRIAGEM DE EQUALIZAÇÃO,REDISTRIBUICAO,VARA DO TRABALHO DE ARARANGUA,VARA DO TRABALHO DE ARARANGUÁ,DESTINATARIA,2026-08-03 14:15:47,REDISTRIBUICAO,VALIDA,
0001297-02.2026.5.12.0057,0001297-02.2026.5.12.0057,1,3 VARA DO TRABALHO DE CHAPECO,3ª VARA DO TRABALHO DE CHAPECÓ,CEDENTE,2026-08-03 14:06:14,VARA DO TRABALHO DE CANOINHAS - TRIAGEM DE EQUALIZACAO,VARA DO TRABALHO DE CANOINHAS - TRIAGEM DE EQUALIZAÇÃO,REDISTRIBUICAO,VARA DO TRABALHO DE CANOINHAS,VARA DO TRABALHO DE CANOINHAS,DESTINATARIA,2026-08-03 14:22:50,REDISTRIBUICAO,VALIDA,
0001299-69.2026.5.12.0057,0001299-69.2026.5.12.0057,1,3 VARA DO TRABALHO DE CHAPECO,3ª VARA DO TRABALHO DE CHAPECÓ,CEDENTE,2026-08-03 14:06:30,VARA DO TRABALHO DE INDAIAL - TRIAGEM DE EQUALIZACAO,VARA DO TRABALHO DE INDAIAL - TRIAGEM DE EQUALIZAÇÃO,REDISTRIBUICAO,VARA DO TRABALHO DE INDAIAL,VARA DO TRABALHO DE INDAIAL,DESTINATARIA,2026-08-03 14:17:28,REDISTRIBUICAO,VALIDA,
0001300-54.2026.5.12.0057,0001300-54.2026.5.12.0057,1,3 VARA DO TRABALHO DE CHAPECO,3ª VARA DO TRABALHO DE CHAPECÓ,CEDENTE,2026-08-03 14:06:47,VARA DO TRABALHO DE INDAIAL - TRIAGEM DE EQUALIZACAO,VARA DO TRABALHO DE INDAIAL - TRIAGEM DE EQUALIZAÇÃO,REDISTRIBUICAO,VARA DO TRABALHO DE INDAIAL,VARA DO TRABALHO DE INDAIAL,DESTINATARIA,2026-08-03 14:17:46,REDISTRIBUICAO,VALIDA,
0001301-39.2026.5.12.0057,0001301-39.2026.5.12.0057,1,3 VARA DO TRABALHO DE CHAPECO,3ª VARA DO TRABALHO DE CHAPECÓ,CEDENTE,2026-08-03 14:07:04,2 VARA DO TRABALHO DE LAGES - TRIAGEM DE EQUALIZACAO,2ª VARA DO TRABALHO DE LAGES - TRIAGEM DE EQUALIZAÇÃO,REDISTRIBUICAO,2 VARA DO TRABALHO DE LAGES,2ª VARA DO TRABALHO DE LAGES,DESTINATARIA,2026-08-03 14:14:43,REDISTRIBUICAO,VALIDA,
0001303-09.2026.5.12.0057,0001303-09.2026.5.12.0057,1,3 VARA DO TRABALHO DE CHAPECO,3ª VARA DO TRABALHO DE CHAPECÓ,CEDENTE,2026-08-03 17:45:19,2 VARA DO TRABALHO DE LAGES - TRIAGEM DE EQUALIZACAO,2ª VARA DO TRABALHO DE LAGES - TRIAGEM DE EQUALIZAÇÃO,REDISTRIBUICAO,2 VARA DO TRABALHO DE LAGES,2ª VARA DO TRABALHO DE LAGES,DESTINATARIA,2026-08-03 17:54:17,REDISTRIBUICAO,VALIDA,
0001304-91.2026.5.12.0057,0001304-91.2026.5.12.0057,1,3 VARA DO TRABALHO DE CHAPECO,3ª VARA DO TRABALHO DE CHAPECÓ,CEDENTE,2026-08-03 17:45:30,VARA DO TRABALHO DE CANOINHAS - TRIAGEM DE EQUALIZACAO,VARA DO TRABALHO DE CANOINHAS - TRIAGEM DE EQUALIZAÇÃO,REDISTRIBUICAO,VARA DO TRABALHO DE CANOINHAS,VARA DO TRABALHO DE CANOINHAS,DESTINATARIA,2026-08-03 17:54:41,REDISTRIBUICAO,VALIDA,
0001305-76.2026.5.12.0057,0001305-76.2026.5.12.0057,1,3 VARA DO TRABALHO DE CHAPECO,3ª VARA DO TRABALHO DE CHAPECÓ,CEDENTE,2026-08-03 17:45:41,1 VARA DO TRABALHO DE LAGES - TRIAGEM DE EQUALIZACAO,1ª VARA DO TRABALHO DE LAGES - TRIAGEM DE EQUALIZAÇÃO,REDISTRIBUICAO,1 VARA DO TRABALHO DE LAGES,1ª VARA DO TRABALHO DE LAGES,DESTINATARIA,2026-08-03 17:53:52,REDISTRIBUICAO,VALIDA,
0001307-46.2026.5.12.0057,0001307-46.2026.5.12.0057,1,3 VARA DO TRABALHO DE CHAPECO,3ª VARA DO TRABALHO DE CHAPECÓ,CEDENTE,2026-08-04 14:05:18,VARA DO TRABALHO DE MAFRA - TRIAGEM DE EQUALIZACAO,VARA DO TRABALHO DE MAFRA - TRIAGEM DE EQUALIZAÇÃO,REDISTRIBUICAO,VARA DO TRABALHO DE MAFRA,VARA DO TRABALHO DE MAFRA,DESTINATARIA,2026-08-04 14:18:10,REDISTRIBUICAO,VALIDA,
0001309-16.2026.5.12.0057,0001309-16.2026.5.12.0057,1,3 VARA DO TRABALHO DE CHAPECO,3ª VARA DO TRABALHO DE CHAPECÓ,CEDENTE,2026-08-04 14:05:33,1 VARA DO TRABALHO DE LAGES - TRIAGEM DE EQUALIZACAO,1ª VARA DO TRABALHO DE LAGES - TRIAGEM DE EQUALIZAÇÃO,REDISTRIBUICAO,1 VARA DO TRABALHO DE LAGES,1ª VARA DO TRABALHO DE LAGES,DESTINATARIA,2026-08-04 14:15:26,REDISTRIBUICAO,VALIDA,
0001311-83.2026.5.12.0057,0001311-83.2026.5.12.0057,1,3 VARA DO TRABALHO DE CHAPECO,3ª VARA DO TRABALHO DE CHAPECÓ,CEDENTE,2026-08-04 14:05:51,VARA DO TRABALHO DE MAFRA - TRIAGEM DE EQUALIZACAO,VARA DO TRABALHO DE MAFRA - TRIAGEM DE EQUALIZAÇÃO,REDISTRIBUICAO,VARA DO TRABALHO DE MAFRA,VARA DO TRABALHO DE MAFRA,DESTINATARIA,2026-08-04 14:18:26,REDISTRIBUICAO,VALIDA,
0001312-68.2026.5.12.0057,0001312-68.2026.5.12.0057,1,3 VARA DO TRABALHO DE CHAPECO,3ª VARA DO TRABALHO DE CHAPECÓ,CEDENTE,2026-08-04 17:24:31,2 VARA DO TRABALHO DE LAGES - TRIAGEM DE EQUALIZACAO,2ª VARA DO TRABALHO DE LAGES - TRIAGEM DE EQUALIZAÇÃO,REDISTRIBUICAO,2 VARA DO TRABALHO DE LAGES,2ª VARA DO TRABALHO DE LAGES,DESTINATARIA,2026-08-04 17:44:08,REDISTRIBUICAO,VALIDA,
0001314-38.2026.5.12.0057,0001314-38.2026.5.12.0057,1,3 VARA DO TRABALHO DE CHAPECO,3ª VARA DO TRABALHO DE CHAPECÓ,CEDENTE,2026-08-04 17:24:44,VARA DO TRABALHO DE ARARANGUA - TRIAGEM DE EQUALIZACAO,VARA DO TRABALHO DE ARARANGUÁ - TRIAGEM DE EQUALIZAÇÃO,REDISTRIBUICAO,VARA DO TRABALHO DE ARARANGUA,VARA DO TRABALHO DE ARARANGUÁ,DESTINATARIA,2026-08-04 17:44:53,REDISTRIBUICAO,VALIDA,
0001315-23.2026.5.12.0057,0001315-23.2026.5.12.0057,1,3 VARA DO TRABALHO DE CHAPECO,3ª VARA DO TRABALHO DE CHAPECÓ,CEDENTE,2026-08-05 14:18:10,1 VARA DO TRABALHO DE LAGES - TRIAGEM DE EQUALIZACAO,1ª VARA DO TRABALHO DE LAGES - TRIAGEM DE EQUALIZAÇÃO,REDISTRIBUICAO,1 VARA DO TRABALHO DE LAGES,1ª VARA DO TRABALHO DE LAGES,DESTINATARIA,2026-08-05 14:23:51,REDISTRIBUICAO,VALIDA,
0001316-08.2026.5.12.0057,0001316-08.2026.5.12.0057,1,3 VARA DO TRABALHO DE CHAPECO,3ª VARA DO TRABALHO DE CHAPECÓ,CEDENTE,2026-08-05 14:18:25,VARA DO TRABALHO DE INDAIAL - TRIAGEM DE EQUALIZACAO,VARA DO TRABALHO DE INDAIAL - TRIAGEM DE EQUALIZAÇÃO,REDISTRIBUICAO,VARA DO TRABALHO DE INDAIAL,VARA DO TRABALHO DE INDAIAL,DESTINATARIA,2026-08-05 14:25:45,REDISTRIBUICAO,VALIDA,
0001318-75.2026.5.12.0057,0001318-75.2026.5.12.0057,1,3 VARA DO TRABALHO DE CHAPECO,3ª VARA DO TRABALHO DE CHAPECÓ,CEDENTE,2026-08-05 18:00:56,VARA DO TRABALHO DE CANOINHAS - TRIAGEM DE EQUALIZACAO,VARA DO TRABALHO DE CANOINHAS - TRIAGEM DE EQUALIZAÇÃO,REDISTRIBUICAO,VARA DO TRABALHO DE CANOINHAS,VARA DO TRABALHO DE CANOINHAS,DESTINATARIA,2026-08-05 18:16:11,REDISTRIBUICAO,VALIDA,
0001319-60.2026.5.12.0057,0001319-60.2026.5.12.0057,1,3 VARA DO TRABALHO DE CHAPECO,3ª VARA DO TRABALHO DE CHAPECÓ,CEDENTE,2026-08-05 18:01:08,1 VARA DO TRABALHO DE LAGES - TRIAGEM DE EQUALIZACAO,1ª VARA DO TRABALHO DE LAGES - TRIAGEM DE EQUALIZAÇÃO,REDISTRIBUICAO,1 VARA DO TRABALHO DE LAGES,1ª VARA DO TRABALHO DE LAGES,DESTINATARIA,2026-08-05 18:14:26,REDISTRIBUICAO,VALIDA,
0001320-45.2026.5.12.0057,0001320-45.2026.5.12.0057,1,3 VARA DO TRABALHO DE CHAPECO,3ª VARA DO TRABALHO DE CHAPECÓ,CEDENTE,2026-08-05 18:01:20,VARA DO TRABALHO DE INDAIAL - TRIAGEM DE EQUALIZACAO,VARA DO TRABALHO DE INDAIAL - TRIAGEM DE EQUALIZAÇÃO,REDISTRIBUICAO,VARA DO TRABALHO DE INDAIAL,VARA DO TRABALHO DE INDAIAL,DESTINATARIA,2026-08-05 18:16:34,REDISTRIBUICAO,VALIDA,
0001321-30.2026.5.12.0057,0001321-30.2026.5.12.0057,1,3 VARA DO TRABALHO DE CHAPECO,3ª VARA DO TRABALHO DE CHAPECÓ,CEDENTE,2026-08-05 18:01:31,VARA DO TRABALHO DE INDAIAL - TRIAGEM DE EQUALIZACAO,VARA DO TRABALHO DE INDAIAL - TRIAGEM DE EQUALIZAÇÃO,REDISTRIBUICAO,VARA DO TRABALHO DE INDAIAL,VARA DO TRABALHO DE INDAIAL,DESTINATARIA,2026-08-05 18:16:46,REDISTRIBUICAO,VALIDA,
0001322-15.2026.5.12.0057,0001322-15.2026.5.12.0057,1,3 VARA DO TRABALHO DE CHAPECO,3ª VARA DO TRABALHO DE CHAPECÓ,CEDENTE,2026-08-05 18:01:41,2 VARA DO TRABALHO DE LAGES - TRIAGEM DE EQUALIZACAO,2ª VARA DO TRABALHO DE LAGES - TRIAGEM DE EQUALIZAÇÃO,REDISTRIBUICAO,2 VARA DO TRABALHO DE LAGES,2ª VARA DO TRABALHO DE LAGES,DESTINATARIA,2026-08-05 18:15:02,REDISTRIBUICAO,VALIDA,
0001323-97.2026.5.12.0057,0001323-97.2026.5.12.0057,1,3 VARA DO TRABALHO DE CHAPECO,3ª VARA DO TRABALHO DE CHAPECÓ,CEDENTE,2026-08-05 18:01:53,VARA DO TRABALHO DE ARARANGUA - TRIAGEM DE EQUALIZACAO,VARA DO TRABALHO DE ARARANGUÁ - TRIAGEM DE EQUALIZAÇÃO,REDISTRIBUICAO,VARA DO TRABALHO DE ARARANGUA,VARA DO TRABALHO DE ARARANGUÁ,DESTINATARIA,2026-08-05 18:15:37,REDISTRIBUICAO,VALIDA,
0001324-82.2026.5.12.0057,0001324-82.2026.5.12.0057,1,3 VARA DO TRABALHO DE CHAPECO,3ª VARA DO TRABALHO DE CHAPECÓ,CEDENTE,2026-08-05 18:02:03,VARA DO TRABALHO DE MAFRA - TRIAGEM DE EQUALIZACAO,VARA DO TRABALHO DE MAFRA - TRIAGEM DE EQUALIZAÇÃO,REDISTRIBUICAO,VARA DO TRABALHO DE MAFRA,VARA DO TRABALHO DE MAFRA,DESTINATARIA,2026-08-05 18:17:09,REDISTRIBUICAO,VALIDA,
0001325-67.2026.5.12.0057,0001325-67.2026.5.12.0057,1,3 VARA DO TRABALHO DE CHAPECO,3ª VARA DO TRABALHO DE CHAPECÓ,CEDENTE,2026-08-06 14:04:18,VARA DO TRABALHO DE ARARANGUA - TRIAGEM DE EQUALIZACAO,VARA DO TRABALHO DE ARARANGUÁ - TRIAGEM DE EQUALIZAÇÃO,REDISTRIBUICAO,VARA DO TRABALHO DE ARARANGUA,VARA DO TRABALHO DE ARARANGUÁ,DESTINATARIA,2026-08-06 14:44:03,REDISTRIBUICAO,VALIDA,
0001326-52.2026.5.12.0057,0001326-52.2026.5.12.0057,1,3 VARA DO TRABALHO DE CHAPECO,3ª VARA DO TRABALHO DE CHAPECÓ,CEDENTE,2026-08-06 14:04:41,2 VARA DO TRABALHO DE LAGES - TRIAGEM DE EQUALIZACAO,2ª VARA DO TRABALHO DE LAGES - TRIAGEM DE EQUALIZAÇÃO,REDISTRIBUICAO,2 VARA DO TRABALHO DE LAGES,2ª VARA DO TRABALHO DE LAGES,DESTINATARIA,2026-08-06 14:31:47,REDISTRIBUICAO,VALIDA,
0001329-07.2026.5.12.0057,0001329-07.2026.5.12.0057,1,3 VARA DO TRABALHO DE CHAPECO,3ª VARA DO TRABALHO DE CHAPECÓ,CEDENTE,2026-08-06 14:04:56,2 VARA DO TRABALHO DE LAGES - TRIAGEM DE EQUALIZACAO,2ª VARA DO TRABALHO DE LAGES - TRIAGEM DE EQUALIZAÇÃO,REDISTRIBUICAO,2 VARA DO TRABALHO DE LAGES,2ª VARA DO TRABALHO DE LAGES,DESTINATARIA,2026-08-06 14:32:09,REDISTRIBUICAO,VALIDA,
0001330-89.2026.5.12.0057,0001330-89.2026.5.12.0057,1,3 VARA DO TRABALHO DE CHAPECO,3ª VARA DO TRABALHO DE CHAPECÓ,CEDENTE,2026-08-06 14:18:24,3 VARA DO TRABALHO DE LAGES - TRIAGEM DE EQUALIZACAO,3ª VARA DO TRABALHO DE LAGES - TRIAGEM DE EQUALIZAÇÃO,REDISTRIBUICAO,3 VARA DO TRABALHO DE LAGES,3ª VARA DO TRABALHO DE LAGES,DESTINATARIA,2026-08-06 14:39:52,REDISTRIBUICAO,VALIDA,
0001331-74.2026.5.12.0057,0001331-74.2026.5.12.0057,1,3 VARA DO TRABALHO DE CHAPECO,3ª VARA DO TRABALHO DE CHAPECÓ,CEDENTE,2026-08-06 18:00:04,2 VARA DO TRABALHO DE LAGES - TRIAGEM DE EQUALIZACAO,2ª VARA DO TRABALHO DE LAGES - TRIAGEM DE EQUALIZAÇÃO,REDISTRIBUICAO,2 VARA DO TRABALHO DE LAGES,2ª VARA DO TRABALHO DE LAGES,DESTINATARIA,2026-08-06 18:08:48,REDISTRIBUICAO,VALIDA,
0001332-59.2026.5.12.0057,0001332-59.2026.5.12.0057,1,3 VARA DO TRABALHO DE CHAPECO,3ª VARA DO TRABALHO DE CHAPECÓ,CEDENTE,2026-08-06 18:00:15,2 VARA DO TRABALHO DE LAGES - TRIAGEM DE EQUALIZACAO,2ª VARA DO TRABALHO DE LAGES - TRIAGEM DE EQUALIZAÇÃO,REDISTRIBUICAO,2 VARA DO TRABALHO DE LAGES,2ª VARA DO TRABALHO DE LAGES,DESTINATARIA,2026-08-06 18:08:57,REDISTRIBUICAO,VALIDA,
0001333-44.2026.5.12.0057,0001333-44.2026.5.12.0057,1,3 VARA DO TRABALHO DE CHAPECO,3ª VARA DO TRABALHO DE CHAPECÓ,CEDENTE,2026-08-06 17:55:35,VARA DO TRABALHO DE ARARANGUA - TRIAGEM DE EQUALIZACAO,VARA DO TRABALHO DE ARARANGUÁ - TRIAGEM DE EQUALIZAÇÃO,REDISTRIBUICAO,VARA DO TRABALHO DE ARARANGUA,VARA DO TRABALHO DE ARARANGUÁ,DESTINATARIA,2026-08-06 18:09:30,REDISTRIBUICAO,VALIDA,
0001334-29.2026.5.12.0057,0001334-29.2026.5.12.0057,1,3 VARA DO TRABALHO DE CHAPECO,3ª VARA DO TRABALHO DE CHAPECÓ,CEDENTE,2026-08-06 17:55:46,VARA DO TRABALHO DE CANOINHAS - TRIAGEM DE EQUALIZACAO,VARA DO TRABALHO DE CANOINHAS - TRIAGEM DE EQUALIZAÇÃO,REDISTRIBUICAO,VARA DO TRABALHO DE CANOINHAS,VARA DO TRABALHO DE CANOINHAS,DESTINATARIA,2026-08-06 18:10:01,REDISTRIBUICAO,VALIDA,
0001336-96.2026.5.12.0057,0001336-96.2026.5.12.0057,1,3 VARA DO TRABALHO DE CHAPECO,3ª VARA DO TRABALHO DE CHAPECÓ,CEDENTE,2026-08-06 17:55:57,1 VARA DO TRABALHO DE LAGES - TRIAGEM DE EQUALIZACAO,1ª VARA DO TRABALHO DE LAGES - TRIAGEM DE EQUALIZAÇÃO,REDISTRIBUICAO,1 VARA DO TRABALHO DE LAGES,1ª VARA DO TRABALHO DE LAGES,DESTINATARIA,2026-08-06 18:08:26,REDISTRIBUICAO,VALIDA,
0001337-81.2026.5.12.0057,0001337-81.2026.5.12.0057,1,3 VARA DO TRABALHO DE CHAPECO,3ª VARA DO TRABALHO DE CHAPECÓ,CEDENTE,2026-08-06 17:56:07,VARA DO TRABALHO DE ARARANGUA - TRIAGEM DE EQUALIZACAO,VARA DO TRABALHO DE ARARANGUÁ - TRIAGEM DE EQUALIZAÇÃO,REDISTRIBUICAO,VARA DO TRABALHO DE ARARANGUA,VARA DO TRABALHO DE ARARANGUÁ,DESTINATARIA,2026-08-06 18:09:40,REDISTRIBUICAO,VALIDA,
0001338-66.2026.5.12.0057,0001338-66.2026.5.12.0057,1,3 VARA DO TRABALHO DE CHAPECO,3ª VARA DO TRABALHO DE CHAPECÓ,CEDENTE,2026-08-06 17:56:15,VARA DO TRABALHO DE CANOINHAS - TRIAGEM DE EQUALIZACAO,VARA DO TRABALHO DE CANOINHAS - TRIAGEM DE EQUALIZAÇÃO,REDISTRIBUICAO,VARA DO TRABALHO DE CANOINHAS,VARA DO TRABALHO DE CANOINHAS,DESTINATARIA,2026-08-06 18:10:11,REDISTRIBUICAO,VALIDA,
0001339-51.2026.5.12.0057,0001339-51.2026.5.12.0057,1,3 VARA DO TRABALHO DE CHAPECO,3ª VARA DO TRABALHO DE CHAPECÓ,CEDENTE,2026-08-06 17:56:25,VARA DO TRABALHO DE MAFRA - TRIAGEM DE EQUALIZACAO,VARA DO TRABALHO DE MAFRA - TRIAGEM DE EQUALIZAÇÃO,REDISTRIBUICAO,VARA DO TRABALHO DE MAFRA,VARA DO TRABALHO DE MAFRA,DESTINATARIA,2026-08-06 18:10:53,REDISTRIBUICAO,VALIDA,
0001340-36.2026.5.12.0057,0001340-36.2026.5.12.0057,1,3 VARA DO TRABALHO DE CHAPECO,3ª VARA DO TRABALHO DE CHAPECÓ,CEDENTE,2026-08-07 14:19:54,VARA DO TRABALHO DE ARARANGUA - TRIAGEM DE EQUALIZACAO,VARA DO TRABALHO DE ARARANGUÁ - TRIAGEM DE EQUALIZAÇÃO,REDISTRIBUICAO,VARA DO TRABALHO DE ARARANGUA,VARA DO TRABALHO DE ARARANGUÁ,DESTINATARIA,2026-08-07 14:28:45,REDISTRIBUICAO,VALIDA,
0001341-21.2026.5.12.0057,0001341-21.2026.5.12.0057,1,3 VARA DO TRABALHO DE CHAPECO,3ª VARA DO TRABALHO DE CHAPECÓ,CEDENTE,2026-08-07 14:20:05,VARA DO TRABALHO DE MAFRA - TRIAGEM DE EQUALIZACAO,VARA DO TRABALHO DE MAFRA - TRIAGEM DE EQUALIZAÇÃO,REDISTRIBUICAO,VARA DO TRABALHO DE MAFRA,VARA DO TRABALHO DE MAFRA,DESTINATARIA,2026-08-07 14:29:53,REDISTRIBUICAO,VALIDA,
0001342-06.2026.5.12.0057,0001342-06.2026.5.12.0057,1,3 VARA DO TRABALHO DE CHAPECO,3ª VARA DO TRABALHO DE CHAPECÓ,CEDENTE,2026-08-07 14:25:46,VARA DO TRABALHO DE ARARANGUA - TRIAGEM DE EQUALIZACAO,VARA DO TRABALHO DE ARARANGUÁ - TRIAGEM DE EQUALIZAÇÃO,REDISTRIBUICAO,VARA DO TRABALHO DE ARARANGUA,VARA DO TRABALHO DE ARARANGUÁ,DESTINATARIA,2026-08-07 18:25:10,REDISTRIBUICAO,VALIDA,
0001343-88.2026.5.12.0057,0001343-88.2026.5.12.0057,1,3 VARA DO TRABALHO DE CHAPECO,3ª VARA DO TRABALHO DE CHAPECÓ,CEDENTE,2026-08-07 14:20:17,3 VARA DO TRABALHO DE LAGES - TRIAGEM DE EQUALIZACAO,3ª VARA DO TRABALHO DE LAGES - TRIAGEM DE EQUALIZAÇÃO,REDISTRIBUICAO,3 VARA DO TRABALHO DE LAGES,3ª VARA DO TRABALHO DE LAGES,DESTINATARIA,2026-08-07 14:28:22,REDISTRIBUICAO,VALIDA,
0001344-73.2026.5.12.0057,0001344-73.2026.5.12.0057,1,3 VARA DO TRABALHO DE CHAPECO,3ª VARA DO TRABALHO DE CHAPECÓ,CEDENTE,2026-08-07 14:20:27,VARA DO TRABALHO DE ARARANGUA - TRIAGEM DE EQUALIZACAO,VARA DO TRABALHO DE ARARANGUÁ - TRIAGEM DE EQUALIZAÇÃO,REDISTRIBUICAO,VARA DO TRABALHO DE ARARANGUA,VARA DO TRABALHO DE ARARANGUÁ,DESTINATARIA,2026-08-07 14:28:56,REDISTRIBUICAO,VALIDA,
0001345-58.2026.5.12.0057,0001345-58.2026.5.12.0057,1,3 VARA DO TRABALHO DE CHAPECO,3ª VARA DO TRABALHO DE CHAPECÓ,CEDENTE,2026-08-07 14:20:38,VARA DO TRABALHO DE CANOINHAS - TRIAGEM DE EQUALIZACAO,VARA DO TRABALHO DE CANOINHAS - TRIAGEM DE EQUALIZAÇÃO,REDISTRIBUICAO,VARA DO TRABALHO DE CANOINHAS,VARA DO TRABALHO DE CANOINHAS,DESTINATARIA,2026-08-07 14:29:17,REDISTRIBUICAO,VALIDA,
0001350-80.2026.5.12.0057,0001350-80.2026.5.12.0057,1,3 VARA DO TRABALHO DE CHAPECO,3ª VARA DO TRABALHO DE CHAPECÓ,CEDENTE,2026-08-07 18:04:55,VARA DO TRABALHO DE MAFRA - TRIAGEM DE EQUALIZACAO,VARA DO TRABALHO DE MAFRA - TRIAGEM DE EQUALIZAÇÃO,REDISTRIBUICAO,VARA DO TRABALHO DE MAFRA,VARA DO TRABALHO DE MAFRA,DESTINATARIA,2026-08-07 18:26:17,REDISTRIBUICAO,VALIDA,
0001351-65.2026.5.12.0057,0001351-65.2026.5.12.0057,1,3 VARA DO TRABALHO DE CHAPECO,3ª VARA DO TRABALHO DE CHAPECÓ,CEDENTE,2026-08-07 18:05:06,2 VARA DO TRABALHO DE LAGES - TRIAGEM DE EQUALIZACAO,2ª VARA DO TRABALHO DE LAGES - TRIAGEM DE EQUALIZAÇÃO,REDISTRIBUICAO,2 VARA DO TRABALHO DE LAGES,2ª VARA DO TRABALHO DE LAGES,DESTINATARIA,2026-08-07 18:24:45,REDISTRIBUICAO,VALIDA,
0001352-10.2026.5.12.0038,0001352-10.2026.5.12.0038,1,2 VARA DO TRABALHO DE CHAPECO,2ª VARA DO TRABALHO DE CHAPECÓ,CEDENTE,2026-08-03 14:03:11,VARA DO TRABALHO DE ARARANGUA - TRIAGEM DE EQUALIZACAO,VARA DO TRABALHO DE ARARANGUÁ - TRIAGEM DE EQUALIZAÇÃO,REDISTRIBUICAO,VARA DO TRABALHO DE ARARANGUA,VARA DO TRABALHO DE ARARANGUÁ,DESTINATARIA,2026-08-03 14:16:07,REDISTRIBUICAO,VALIDA,
0001352-50.2026.5.12.0057,0001352-50.2026.5.12.0057,1,3 VARA DO TRABALHO DE CHAPECO,3ª VARA DO TRABALHO DE CHAPECÓ,CEDENTE,2026-08-11 14:23:49,1 VARA DO TRABALHO DE TUBARAO - TRIAGEM DE EQUALIZACAO,1ª VARA DO TRABALHO DE TUBARÃO - TRIAGEM DE EQUALIZAÇÃO,REDISTRIBUICAO,1 VARA DO TRABALHO DE TUBARAO,1ª VARA DO TRABALHO DE TUBARÃO,DESTINATARIA,2026-08-11 14:46:42,REDISTRIBUICAO,VALIDA,
0001353-92.2026.5.12.0038,0001353-92.2026.5.12.0038,1,2 VARA DO TRABALHO DE CHAPECO,2ª VARA DO TRABALHO DE CHAPECÓ,CEDENTE,2026-08-03 14:11:12,VARA DO TRABALHO DE INDAIAL - TRIAGEM DE EQUALIZACAO,VARA DO TRABALHO DE INDAIAL - TRIAGEM DE EQUALIZAÇÃO,REDISTRIBUICAO,VARA DO TRABALHO DE INDAIAL,VARA DO TRABALHO DE INDAIAL,DESTINATARIA,2026-08-03 14:18:03,REDISTRIBUICAO,VALIDA,
0001354-77.2026.5.12.0038,0001354-77.2026.5.12.0038,1,2 VARA DO TRABALHO DE CHAPECO,2ª VARA DO TRABALHO DE CHAPECÓ,CEDENTE,2026-08-03 14:04:11,VARA DO TRABALHO DE INDAIAL - TRIAGEM DE EQUALIZACAO,VARA DO TRABALHO DE INDAIAL - TRIAGEM DE EQUALIZAÇÃO,REDISTRIBUICAO,VARA DO TRABALHO DE INDAIAL,VARA DO TRABALHO DE INDAIAL,DESTINATARIA,2026-08-03 14:18:20,REDISTRIBUICAO,VALIDA,
0001355-62.2026.5.12.0038,0001355-62.2026.5.12.0038,1,2 VARA DO TRABALHO DE CHAPECO,2ª VARA DO TRABALHO DE CHAPECÓ,CEDENTE,2026-08-03 14:04:31,2 VARA DO TRABALHO DE LAGES - TRIAGEM DE EQUALIZACAO,2ª VARA DO TRABALHO DE LAGES - TRIAGEM DE EQUALIZAÇÃO,REDISTRIBUICAO,2 VARA DO TRABALHO DE LAGES,2ª VARA DO TRABALHO DE LAGES,DESTINATARIA,2026-08-03 14:15:00,REDISTRIBUICAO,VALIDA,
0001356-47.2026.5.12.0038,0001356-47.2026.5.12.0038,1,2 VARA DO TRABALHO DE CHAPECO,2ª VARA DO TRABALHO DE CHAPECÓ,CEDENTE,2026-08-03 14:04:47,VARA DO TRABALHO DE MAFRA - TRIAGEM DE EQUALIZACAO,VARA DO TRABALHO DE MAFRA - TRIAGEM DE EQUALIZAÇÃO,REDISTRIBUICAO,VARA DO TRABALHO DE MAFRA,VARA DO TRABALHO DE MAFRA,DESTINATARIA,2026-08-03 14:18:37,REDISTRIBUICAO,VALIDA,
0001357-32.2026.5.12.0038,0001357-32.2026.5.12.0038,1,2 VARA DO TRABALHO DE CHAPECO,2ª VARA DO TRABALHO DE CHAPECÓ,CEDENTE,2026-08-03 17:44:35,VARA DO TRABALHO DE MAFRA - TRIAGEM DE EQUALIZACAO,VARA DO TRABALHO DE MAFRA - TRIAGEM DE EQUALIZAÇÃO,REDISTRIBUICAO,VARA DO TRABALHO DE MAFRA,VARA DO TRABALHO DE MAFRA,DESTINATARIA,2026-08-03 17:55:03,REDISTRIBUICAO,VALIDA,
0001358-17.2026.5.12.0038,0001358-17.2026.5.12.0038,1,2 VARA DO TRABALHO DE CHAPECO,2ª VARA DO TRABALHO DE CHAPECÓ,CEDENTE,2026-08-03 14:05:03,3 VARA DO TRABALHO DE LAGES - TRIAGEM DE EQUALIZACAO,3ª VARA DO TRABALHO DE LAGES - TRIAGEM DE EQUALIZAÇÃO,REDISTRIBUICAO,3 VARA DO TRABALHO DE LAGES,3ª VARA DO TRABALHO DE LAGES,DESTINATARIA,2026-08-03 14:15:20,REDISTRIBUICAO,VALIDA,
0001361-69.2026.5.12.0038,0001361-69.2026.5.12.0038,1,2 VARA DO TRABALHO DE CHAPECO,2ª VARA DO TRABALHO DE CHAPECÓ,CEDENTE,2026-08-03 17:44:46,VARA DO TRABALHO DE MAFRA - TRIAGEM DE EQUALIZACAO,VARA DO TRABALHO DE MAFRA - TRIAGEM DE EQUALIZAÇÃO,REDISTRIBUICAO,VARA DO TRABALHO DE MAFRA,VARA DO TRABALHO DE MAFRA,DESTINATARIA,2026-08-03 17:55:14,REDISTRIBUICAO,VALIDA,
0001362-54.2026.5.12.0038,0001362-54.2026.5.12.0038,1,2 VARA DO TRABALHO DE CHAPECO,2ª VARA DO TRABALHO DE CHAPECÓ,CEDENTE,2026-08-03 17:44:57,1 VARA DO TRABALHO DE LAGES - TRIAGEM DE EQUALIZACAO,1ª VARA DO TRABALHO DE LAGES - TRIAGEM DE EQUALIZAÇÃO,REDISTRIBUICAO,1 VARA DO TRABALHO DE LAGES,1ª VARA DO TRABALHO DE LAGES,DESTINATARIA,2026-08-03 17:54:04,REDISTRIBUICAO,VALIDA,
0001363-39.2026.5.12.0038,0001363-39.2026.5.12.0038,1,2 VARA DO TRABALHO DE CHAPECO,2ª VARA DO TRABALHO DE CHAPECÓ,CEDENTE,2026-08-03 17:45:07,VARA DO TRABALHO DE MAFRA - TRIAGEM DE EQUALIZACAO,VARA DO TRABALHO DE MAFRA - TRIAGEM DE EQUALIZAÇÃO,REDISTRIBUICAO,VARA DO TRABALHO DE MAFRA,VARA DO TRABALHO DE MAFRA,DESTINATARIA,2026-08-03 17:55:24,REDISTRIBUICAO,VALIDA,
0001364-24.2026.5.12.0038,0001364-24.2026.5.12.0038,1,2 VARA DO TRABALHO DE CHAPECO,2ª VARA DO TRABALHO DE CHAPECÓ,CEDENTE,2026-08-04 14:02:36,VARA DO TRABALHO DE ARARANGUA - TRIAGEM DE EQUALIZACAO,VARA DO TRABALHO DE ARARANGUÁ - TRIAGEM DE EQUALIZAÇÃO,REDISTRIBUICAO,VARA DO TRABALHO DE ARARANGUA,VARA DO TRABALHO DE ARARANGUÁ,DESTINATARIA,2026-08-04 14:16:30,REDISTRIBUICAO,VALIDA,
0001365-09.2026.5.12.0038,0001365-09.2026.5.12.0038,1,2 VARA DO TRABALHO DE CHAPECO,2ª VARA DO TRABALHO DE CHAPECÓ,CEDENTE,2026-08-04 14:02:50,VARA DO TRABALHO DE ARARANGUA - TRIAGEM DE EQUALIZACAO,VARA DO TRABALHO DE ARARANGUÁ - TRIAGEM DE EQUALIZAÇÃO,REDISTRIBUICAO,VARA DO TRABALHO DE ARARANGUA,VARA DO TRABALHO DE ARARANGUÁ,DESTINATARIA,2026-08-04 14:16:48,REDISTRIBUICAO,VALIDA,
0001366-91.2026.5.12.0038,0001366-91.2026.5.12.0038,1,2 VARA DO TRABALHO DE CHAPECO,2ª VARA DO TRABALHO DE CHAPECÓ,CEDENTE,2026-08-04 14:08:59,1 VARA DO TRABALHO DE LAGES - TRIAGEM DE EQUALIZACAO,1ª VARA DO TRABALHO DE LAGES - TRIAGEM DE EQUALIZAÇÃO,REDISTRIBUICAO,1 VARA DO TRABALHO DE LAGES,1ª VARA DO TRABALHO DE LAGES,DESTINATARIA,2026-08-04 14:15:42,REDISTRIBUICAO,VALIDA,
0001367-76.2026.5.12.0038,0001367-76.2026.5.12.0038,1,2 VARA DO TRABALHO DE CHAPECO,2ª VARA DO TRABALHO DE CHAPECÓ,CEDENTE,2026-08-04 14:09:20,VARA DO TRABALHO DE MAFRA - TRIAGEM DE EQUALIZACAO,VARA DO TRABALHO DE MAFRA - TRIAGEM DE EQUALIZAÇÃO,REDISTRIBUICAO,VARA DO TRABALHO DE MAFRA,VARA DO TRABALHO DE MAFRA,DESTINATARIA,2026-08-04 14:18:41,REDISTRIBUICAO,VALIDA,
0001369-46.2026.5.12.0038,0001369-46.2026.5.12.0038,1,2 VARA DO TRABALHO DE CHAPECO,2ª VARA DO TRABALHO DE CHAPECÓ,CEDENTE,2026-08-04 14:04:18,3 VARA DO TRABALHO DE LAGES - TRIAGEM DE EQUALIZACAO,3ª VARA DO TRABALHO DE LAGES - TRIAGEM DE EQUALIZAÇÃO,REDISTRIBUICAO,3 VARA DO TRABALHO DE LAGES,3ª VARA DO TRABALHO DE LAGES,DESTINATARIA,2026-08-04 14:16:14,REDISTRIBUICAO,VALIDA,
0001370-31.2026.5.12.0038,0001370-31.2026.5.12.0038,1,2 VARA DO TRABALHO DE CHAPECO,2ª VARA DO TRABALHO DE CHAPECÓ,CEDENTE,2026-08-04 14:04:33,1 VARA DO TRABALHO DE LAGES - TRIAGEM DE EQUALIZACAO,1ª VARA DO TRABALHO DE LAGES - TRIAGEM DE EQUALIZAÇÃO,REDISTRIBUICAO,1 VARA DO TRABALHO DE LAGES,1ª VARA DO TRABALHO DE LAGES,DESTINATARIA,2026-08-04 14:15:58,REDISTRIBUICAO,VALIDA,
0001371-16.2026.5.12.0038,0001371-16.2026.5.12.0038,1,2 VARA DO TRABALHO DE CHAPECO,2ª VARA DO TRABALHO DE CHAPECÓ,CEDENTE,2026-08-04 14:04:48,VARA DO TRABALHO DE ARARANGUA - TRIAGEM DE EQUALIZACAO,VARA DO TRABALHO DE ARARANGUÁ - TRIAGEM DE EQUALIZAÇÃO,REDISTRIBUICAO,VARA DO TRABALHO DE ARARANGUA,VARA DO TRABALHO DE ARARANGUÁ,DESTINATARIA,2026-08-04 14:17:02,REDISTRIBUICAO,VALIDA,
0001372-98.2026.5.12.0038,0001372-98.2026.5.12.0038,1,2 VARA DO TRABALHO DE CHAPECO,2ª VARA DO TRABALHO DE CHAPECÓ,CEDENTE,2026-08-04 14:05:03,VARA DO TRABALHO DE INDAIAL - TRIAGEM DE EQUALIZACAO,VARA DO TRABALHO DE INDAIAL - TRIAGEM DE EQUALIZAÇÃO,REDISTRIBUICAO,VARA DO TRABALHO DE INDAIAL,VARA DO TRABALHO DE INDAIAL,DESTINATARIA,2026-08-04 14:17:37,REDISTRIBUICAO,VALIDA,
0001373-83.2026.5.12.0038,0001373-83.2026.5.12.0038,1,2 VARA DO TRABALHO DE CHAPECO,2ª VARA DO TRABALHO DE CHAPECÓ,CEDENTE,2026-08-04 17:30:58,VARA DO TRABALHO DE ARARANGUA - TRIAGEM DE EQUALIZACAO,VARA DO TRABALHO DE ARARANGUÁ - TRIAGEM DE EQUALIZAÇÃO,REDISTRIBUICAO,VARA DO TRABALHO DE ARARANGUA,VARA DO TRABALHO DE ARARANGUÁ,DESTINATARIA,2026-08-04 17:45:03,REDISTRIBUICAO,VALIDA,
0001374-68.2026.5.12.0038,0001374-68.2026.5.12.0038,1,2 VARA DO TRABALHO DE CHAPECO,2ª VARA DO TRABALHO DE CHAPECÓ,CEDENTE,2026-08-04 17:23:09,3 VARA DO TRABALHO DE LAGES - TRIAGEM DE EQUALIZACAO,3ª VARA DO TRABALHO DE LAGES - TRIAGEM DE EQUALIZAÇÃO,REDISTRIBUICAO,3 VARA DO TRABALHO DE LAGES,3ª VARA DO TRABALHO DE LAGES,DESTINATARIA,2026-08-04 17:44:31,REDISTRIBUICAO,VALIDA,
0001375-53.2026.5.12.0038,0001375-53.2026.5.12.0038,1,2 VARA DO TRABALHO DE CHAPECO,2ª VARA DO TRABALHO DE CHAPECÓ,CEDENTE,2026-08-04 17:31:08,VARA DO TRABALHO DE CANOINHAS - TRIAGEM DE EQUALIZACAO,VARA DO TRABALHO DE CANOINHAS - TRIAGEM DE EQUALIZAÇÃO,REDISTRIBUICAO,VARA DO TRABALHO DE CANOINHAS,VARA DO TRABALHO DE CANOINHAS,DESTINATARIA,2026-08-04 17:45:13,REDISTRIBUICAO,VALIDA,
0001376-38.2026.5.12.0038,0001376-38.2026.5.12.0038,1,2 VARA DO TRABALHO DE CHAPECO,2ª VARA DO TRABALHO DE CHAPECÓ,CEDENTE,2026-08-04 17:23:33,3 VARA DO TRABALHO DE LAGES - TRIAGEM DE EQUALIZACAO,3ª VARA DO TRABALHO DE LAGES - TRIAGEM DE EQUALIZAÇÃO,REDISTRIBUICAO,3 VARA DO TRABALHO DE LAGES,3ª VARA DO TRABALHO DE LAGES,DESTINATARIA,2026-08-04 17:44:42,REDISTRIBUICAO,VALIDA,
0001377-23.2026.5.12.0038,0001377-23.2026.5.12.0038,1,2 VARA DO TRABALHO DE CHAPECO,2ª VARA DO TRABALHO DE CHAPECÓ,CEDENTE,2026-08-04 17:23:44,VARA DO TRABALHO DE CANOINHAS - TRIAGEM DE EQUALIZACAO,VARA DO TRABALHO DE CANOINHAS - TRIAGEM DE EQUALIZAÇÃO,REDISTRIBUICAO,VARA DO TRABALHO DE CANOINHAS,VARA DO TRABALHO DE CANOINHAS,DESTINATARIA,2026-08-04 17:45:23,REDISTRIBUICAO,VALIDA,
0001378-08.2026.5.12.0038,0001378-08.2026.5.12.0038,1,2 VARA DO TRABALHO DE CHAPECO,2ª VARA DO TRABALHO DE CHAPECÓ,CEDENTE,2026-08-04 17:23:56,VARA DO TRABALHO DE INDAIAL - TRIAGEM DE EQUALIZACAO,VARA DO TRABALHO DE INDAIAL - TRIAGEM DE EQUALIZAÇÃO,REDISTRIBUICAO,VARA DO TRABALHO DE INDAIAL,VARA DO TRABALHO DE INDAIAL,DESTINATARIA,2026-08-04 17:45:34,REDISTRIBUICAO,VALIDA,
0001379-90.2026.5.12.0038,0001379-90.2026.5.12.0038,1,2 VARA DO TRABALHO DE CHAPECO,2ª VARA DO TRABALHO DE CHAPECÓ,CEDENTE,2026-08-04 17:24:06,VARA DO TRABALHO DE MAFRA - TRIAGEM DE EQUALIZACAO,VARA DO TRABALHO DE MAFRA - TRIAGEM DE EQUALIZAÇÃO,REDISTRIBUICAO,VARA DO TRABALHO DE MAFRA,VARA DO TRABALHO DE MAFRA,DESTINATARIA,2026-08-04 17:45:55,REDISTRIBUICAO,VALIDA,
0001380-75.2026.5.12.0038,0001380-75.2026.5.12.0038,1,2 VARA DO TRABALHO DE CHAPECO,2ª VARA DO TRABALHO DE CHAPECÓ,CEDENTE,2026-08-04 17:24:18,1 VARA DO TRABALHO DE LAGES - TRIAGEM DE EQUALIZACAO,1ª VARA DO TRABALHO DE LAGES - TRIAGEM DE EQUALIZAÇÃO,REDISTRIBUICAO,1 VARA DO TRABALHO DE LAGES,1ª VARA DO TRABALHO DE LAGES,DESTINATARIA,2026-08-04 18:02:35,REDISTRIBUICAO,VALIDA,
0001381-60.2026.5.12.0038,0001381-60.2026.5.12.0038,1,2 VARA DO TRABALHO DE CHAPECO,2ª VARA DO TRABALHO DE CHAPECÓ,CEDENTE,2026-08-05 14:16:13,1 VARA DO TRABALHO DE LAGES - TRIAGEM DE EQUALIZACAO,1ª VARA DO TRABALHO DE LAGES - TRIAGEM DE EQUALIZAÇÃO,REDISTRIBUICAO,1 VARA DO TRABALHO DE LAGES,1ª VARA DO TRABALHO DE LAGES,DESTINATARIA,2026-08-05 14:24:09,REDISTRIBUICAO,VALIDA,
0001382-45.2026.5.12.0038,0001382-45.2026.5.12.0038,1,2 VARA DO TRABALHO DE CHAPECO,2ª VARA DO TRABALHO DE CHAPECÓ,CEDENTE,2026-08-05 14:16:38,VARA DO TRABALHO DE MAFRA - TRIAGEM DE EQUALIZACAO,VARA DO TRABALHO DE MAFRA - TRIAGEM DE EQUALIZAÇÃO,REDISTRIBUICAO,VARA DO TRABALHO DE MAFRA,VARA DO TRABALHO DE MAFRA,DESTINATARIA,2026-08-05 14:26:23,REDISTRIBUICAO,VALIDA,
0001383-30.2026.5.12.0038,0001383-30.2026.5.12.0038,1,2 VARA DO TRABALHO DE CHAPECO,2ª VARA DO TRABALHO DE CHAPECÓ,CEDENTE,2026-08-05 14:17:03,VARA DO TRABALHO DE CANOINHAS - TRIAGEM DE EQUALIZACAO,VARA DO TRABALHO DE CANOINHAS - TRIAGEM DE EQUALIZAÇÃO,REDISTRIBUICAO,VARA DO TRABALHO DE CANOINHAS,VARA DO TRABALHO DE CANOINHAS,DESTINATARIA,2026-08-05 14:25:13,REDISTRIBUICAO,VALIDA,
0001385-97.2026.5.12.0038,0001385-97.2026.5.12.0038,1,2 VARA DO TRABALHO DE CHAPECO,2ª VARA DO TRABALHO DE CHAPECÓ,CEDENTE,2026-08-05 14:17:20,VARA DO TRABALHO DE CANOINHAS - TRIAGEM DE EQUALIZACAO,VARA DO TRABALHO DE CANOINHAS - TRIAGEM DE EQUALIZAÇÃO,REDISTRIBUICAO,VARA DO TRABALHO DE CANOINHAS,VARA DO TRABALHO DE CANOINHAS,DESTINATARIA,2026-08-05 14:25:29,REDISTRIBUICAO,VALIDA,
0001386-82.2026.5.12.0038,0001386-82.2026.5.12.0038,1,2 VARA DO TRABALHO DE CHAPECO,2ª VARA DO TRABALHO DE CHAPECÓ,CEDENTE,2026-08-05 17:59:33,1 VARA DO TRABALHO DE LAGES - TRIAGEM DE EQUALIZACAO,1ª VARA DO TRABALHO DE LAGES - TRIAGEM DE EQUALIZAÇÃO,REDISTRIBUICAO,1 VARA DO TRABALHO DE LAGES,1ª VARA DO TRABALHO DE LAGES,DESTINATARIA,2026-08-05 18:14:38,REDISTRIBUICAO,VALIDA,
0001387-67.2026.5.12.0038,0001387-67.2026.5.12.0038,1,2 VARA DO TRABALHO DE CHAPECO,2ª VARA DO TRABALHO DE CHAPECÓ,CEDENTE,2026-08-05 14:17:38,VARA DO TRABALHO DE INDAIAL - TRIAGEM DE EQUALIZACAO,VARA DO TRABALHO DE INDAIAL - TRIAGEM DE EQUALIZAÇÃO,REDISTRIBUICAO,VARA DO TRABALHO DE INDAIAL,VARA DO TRABALHO DE INDAIAL,DESTINATARIA,2026-08-05 14:26:01,REDISTRIBUICAO,VALIDA,
0001388-52.2026.5.12.0038,0001388-52.2026.5.12.0038,1,2 VARA DO TRABALHO DE CHAPECO,2ª VARA DO TRABALHO DE CHAPECÓ,CEDENTE,2026-08-05 14:17:53,3 VARA DO TRABALHO DE LAGES - TRIAGEM DE EQUALIZACAO,3ª VARA DO TRABALHO DE LAGES - TRIAGEM DE EQUALIZAÇÃO,REDISTRIBUICAO,3 VARA DO TRABALHO DE LAGES,3ª VARA DO TRABALHO DE LAGES,DESTINATARIA,2026-08-05 14:24:40,REDISTRIBUICAO,VALIDA,
0001390-22.2026.5.12.0038,0001390-22.2026.5.12.0038,1,2 VARA DO TRABALHO DE CHAPECO,2ª VARA DO TRABALHO DE CHAPECÓ,CEDENTE,2026-08-05 17:59:46,VARA DO TRABALHO DE ARARANGUA - TRIAGEM DE EQUALIZACAO,VARA DO TRABALHO DE ARARANGUÁ - TRIAGEM DE EQUALIZAÇÃO,REDISTRIBUICAO,VARA DO TRABALHO DE ARARANGUA,VARA DO TRABALHO DE ARARANGUÁ,DESTINATARIA,2026-08-05 18:15:48,REDISTRIBUICAO,VALIDA,
0001391-07.2026.5.12.0038,0001391-07.2026.5.12.0038,1,2 VARA DO TRABALHO DE CHAPECO,2ª VARA DO TRABALHO DE CHAPECÓ,CEDENTE,2026-08-05 17:59:58,VARA DO TRABALHO DE MAFRA - TRIAGEM DE EQUALIZACAO,VARA DO TRABALHO DE MAFRA - TRIAGEM DE EQUALIZAÇÃO,REDISTRIBUICAO,VARA DO TRABALHO DE MAFRA,VARA DO TRABALHO DE MAFRA,DESTINATARIA,2026-08-05 18:17:21,REDISTRIBUICAO,VALIDA,
0001392-89.2026.5.12.0038,0001392-89.2026.5.12.0038,1,2 VARA DO TRABALHO DE CHAPECO,2ª VARA DO TRABALHO DE CHAPECÓ,CEDENTE,2026-08-05 18:00:11,VARA DO TRABALHO DE CANOINHAS - TRIAGEM DE EQUALIZACAO,VARA DO TRABALHO DE CANOINHAS - TRIAGEM DE EQUALIZAÇÃO,REDISTRIBUICAO,VARA DO TRABALHO DE CANOINHAS,VARA DO TRABALHO DE CANOINHAS,DESTINATARIA,2026-08-05 18:16:22,REDISTRIBUICAO,VALIDA,
0001394-59.2026.5.12.0038,0001394-59.2026.5.12.0038,1,2 VARA DO TRABALHO DE CHAPECO,2ª VARA DO TRABALHO DE CHAPECÓ,CEDENTE,2026-08-05 18:00:23,1 VARA DO TRABALHO DE LAGES - TRIAGEM DE EQUALIZACAO,1ª VARA DO TRABALHO DE LAGES - TRIAGEM DE EQUALIZAÇÃO,REDISTRIBUICAO,1 VARA DO TRABALHO DE LAGES,1ª VARA DO TRABALHO DE LAGES,DESTINATARIA,2026-08-05 18:14:49,REDISTRIBUICAO,VALIDA,
0001396-29.2026.5.12.0038,0001396-29.2026.5.12.0038,1,2 VARA DO TRABALHO DE CHAPECO,2ª VARA DO TRABALHO DE CHAPECÓ,CEDENTE,2026-08-05 18:00:34,VARA DO TRABALHO DE INDAIAL - TRIAGEM DE EQUALIZACAO,VARA DO TRABALHO DE INDAIAL - TRIAGEM DE EQUALIZAÇÃO,REDISTRIBUICAO,VARA DO TRABALHO DE INDAIAL,VARA DO TRABALHO DE INDAIAL,DESTINATARIA,2026-08-05 18:16:57,REDISTRIBUICAO,VALIDA,
0001397-14.2026.5.12.0038,0001397-14.2026.5.12.0038,1,2 VARA DO TRABALHO DE CHAPECO,2ª VARA DO TRABALHO DE CHAPECÓ,CEDENTE,2026-08-05 18:00:45,2 VARA DO TRABALHO DE LAGES - TRIAGEM DE EQUALIZACAO,2ª VARA DO TRABALHO DE LAGES - TRIAGEM DE EQUALIZAÇÃO,REDISTRIBUICAO,2 VARA DO TRABALHO DE LAGES,2ª VARA DO TRABALHO DE LAGES,DESTINATARIA,2026-08-05 18:15:14,REDISTRIBUICAO,VALIDA,
0001398-96.2026.5.12.0038,0001398-96.2026.5.12.0038,1,2 VARA DO TRABALHO DE CHAPECO,2ª VARA DO TRABALHO DE CHAPECÓ,CEDENTE,2026-08-06 14:02:02,VARA DO TRABALHO DE MAFRA - TRIAGEM DE EQUALIZACAO,VARA DO TRABALHO DE MAFRA - TRIAGEM DE EQUALIZAÇÃO,REDISTRIBUICAO,VARA DO TRABALHO DE MAFRA,VARA DO TRABALHO DE MAFRA,DESTINATARIA,2026-08-06 14:36:44,REDISTRIBUICAO,VALIDA,
0001399-81.2026.5.12.0038,0001399-81.2026.5.12.0038,1,2 VARA DO TRABALHO DE CHAPECO,2ª VARA DO TRABALHO DE CHAPECÓ,CEDENTE,2026-08-06 14:02:19,VARA DO TRABALHO DE CANOINHAS - TRIAGEM DE EQUALIZACAO,VARA DO TRABALHO DE CANOINHAS - TRIAGEM DE EQUALIZAÇÃO,REDISTRIBUICAO,VARA DO TRABALHO DE CANOINHAS,VARA DO TRABALHO DE CANOINHAS,DESTINATARIA,2026-08-06 14:41:55,REDISTRIBUICAO,VALIDA,
0001400-66.2026.5.12.0038,0001400-66.2026.5.12.0038,1,2 VARA DO TRABALHO DE CHAPECO,2ª VARA DO TRABALHO DE CHAPECÓ,CEDENTE,2026-08-06 14:14:54,VARA DO TRABALHO DE MAFRA - TRIAGEM DE EQUALIZACAO,VARA DO TRABALHO DE MAFRA - TRIAGEM DE EQUALIZAÇÃO,REDISTRIBUICAO,VARA DO TRABALHO DE MAFRA,VARA DO TRABALHO DE MAFRA,DESTINATARIA,2026-08-06 14:36:58,REDISTRIBUICAO,VALIDA,
0001401-51.2026.5.12.0038,0001401-51.2026.5.12.0038,1,2 VARA DO TRABALHO DE CHAPECO,2ª VARA DO TRABALHO DE CHAPECÓ,CEDENTE,2026-08-06 14:03:15,VARA DO TRABALHO DE CANOINHAS - TRIAGEM DE EQUALIZACAO,VARA DO TRABALHO DE CANOINHAS - TRIAGEM DE EQUALIZAÇÃO,REDISTRIBUICAO,VARA DO TRABALHO DE CANOINHAS,VARA DO TRABALHO DE CANOINHAS,DESTINATARIA,2026-08-06 14:35:57,REDISTRIBUICAO,VALIDA,
0001402-36.2026.5.12.0038,0001402-36.2026.5.12.0038,1,2 VARA DO TRABALHO DE CHAPECO,2ª VARA DO TRABALHO DE CHAPECÓ,CEDENTE,2026-08-06 14:03:30,1 VARA DO TRABALHO DE LAGES - TRIAGEM DE EQUALIZACAO,1ª VARA DO TRABALHO DE LAGES - TRIAGEM DE EQUALIZAÇÃO,REDISTRIBUICAO,1 VARA DO TRABALHO DE LAGES,1ª VARA DO TRABALHO DE LAGES,DESTINATARIA,2026-08-06 14:27:03,REDISTRIBUICAO,VALIDA,
0001403-21.2026.5.12.0038,0001403-21.2026.5.12.0038,1,2 VARA DO TRABALHO DE CHAPECO,2ª VARA DO TRABALHO DE CHAPECÓ,CEDENTE,2026-08-06 14:03:46,VARA DO TRABALHO DE CANOINHAS - TRIAGEM DE EQUALIZACAO,VARA DO TRABALHO DE CANOINHAS - TRIAGEM DE EQUALIZAÇÃO,REDISTRIBUICAO,VARA DO TRABALHO DE CANOINHAS,VARA DO TRABALHO DE CANOINHAS,DESTINATARIA,2026-08-06 14:36:13,REDISTRIBUICAO,VALIDA,
0001404-06.2026.5.12.0038,0001404-06.2026.5.12.0038,1,2 VARA DO TRABALHO DE CHAPECO,2ª VARA DO TRABALHO DE CHAPECÓ,CEDENTE,2026-08-06 14:04:02,2 VARA DO TRABALHO DE LAGES - TRIAGEM DE EQUALIZACAO,2ª VARA DO TRABALHO DE LAGES - TRIAGEM DE EQUALIZAÇÃO,REDISTRIBUICAO,2 VARA DO TRABALHO DE LAGES,2ª VARA DO TRABALHO DE LAGES,DESTINATARIA,2026-08-06 14:32:34,REDISTRIBUICAO,VALIDA,
0001407-58.2026.5.12.0038,0001407-58.2026.5.12.0038,1,2 VARA DO TRABALHO DE CHAPECO,2ª VARA DO TRABALHO DE CHAPECÓ,CEDENTE,2026-08-06 17:54:29,3 VARA DO TRABALHO DE LAGES - TRIAGEM DE EQUALIZACAO,3ª VARA DO TRABALHO DE LAGES - TRIAGEM DE EQUALIZAÇÃO,REDISTRIBUICAO,3 VARA DO TRABALHO DE LAGES,3ª VARA DO TRABALHO DE LAGES,DESTINATARIA,2026-08-06 18:09:19,REDISTRIBUICAO,VALIDA,
0001409-28.2026.5.12.0038,0001409-28.2026.5.12.0038,1,2 VARA DO TRABALHO DE CHAPECO,2ª VARA DO TRABALHO DE CHAPECÓ,CEDENTE,2026-08-06 17:54:40,VARA DO TRABALHO DE INDAIAL - TRIAGEM DE EQUALIZACAO,VARA DO TRABALHO DE INDAIAL - TRIAGEM DE EQUALIZAÇÃO,REDISTRIBUICAO,VARA DO TRABALHO DE INDAIAL,VARA DO TRABALHO DE INDAIAL,DESTINATARIA,2026-08-06 18:10:32,REDISTRIBUICAO,VALIDA,
0001410-13.2026.5.12.0038,0001410-13.2026.5.12.0038,1,2 VARA DO TRABALHO DE CHAPECO,2ª VARA DO TRABALHO DE CHAPECÓ,CEDENTE,2026-08-06 17:54:50,VARA DO TRABALHO DE INDAIAL - TRIAGEM DE EQUALIZACAO,VARA DO TRABALHO DE INDAIAL - TRIAGEM DE EQUALIZAÇÃO,REDISTRIBUICAO,VARA DO TRABALHO DE INDAIAL,VARA DO TRABALHO DE INDAIAL,DESTINATARIA,2026-08-06 18:10:43,REDISTRIBUICAO,VALIDA,
0001412-80.2026.5.12.0038,0001412-80.2026.5.12.0038,1,2 VARA DO TRABALHO DE CHAPECO,2ª VARA DO TRABALHO DE CHAPECÓ,CEDENTE,2026-08-06 17:54:59,VARA DO TRABALHO DE CANOINHAS - TRIAGEM DE EQUALIZACAO,VARA DO TRABALHO DE CANOINHAS - TRIAGEM DE EQUALIZAÇÃO,REDISTRIBUICAO,VARA DO TRABALHO DE CANOINHAS,VARA DO TRABALHO DE CANOINHAS,DESTINATARIA,2026-08-06 18:10:23,REDISTRIBUICAO,VALIDA,
0001413-65.2026.5.12.0038,0001413-65.2026.5.12.0038,1,2 VARA DO TRABALHO DE CHAPECO,2ª VARA DO TRABALHO DE CHAPECÓ,CEDENTE,2026-08-06 17:55:09,VARA DO TRABALHO DE ARARANGUA - TRIAGEM DE EQUALIZACAO,VARA DO TRABALHO DE ARARANGUÁ - TRIAGEM DE EQUALIZAÇÃO,REDISTRIBUICAO,VARA DO TRABALHO DE ARARANGUA,VARA DO TRABALHO DE ARARANGUÁ,DESTINATARIA,2026-08-06 18:09:50,REDISTRIBUICAO,VALIDA,
0001414-50.2026.5.12.0038,0001414-50.2026.5.12.0038,1,2 VARA DO TRABALHO DE CHAPECO,2ª VARA DO TRABALHO DE CHAPECÓ,CEDENTE,2026-08-06 17:59:55,1 VARA DO TRABALHO DE LAGES - TRIAGEM DE EQUALIZACAO,1ª VARA DO TRABALHO DE LAGES - TRIAGEM DE EQUALIZAÇÃO,REDISTRIBUICAO,1 VARA DO TRABALHO DE LAGES,1ª VARA DO TRABALHO DE LAGES,DESTINATARIA,2026-08-06 18:08:37,REDISTRIBUICAO,VALIDA,
0001415-35.2026.5.12.0038,0001415-35.2026.5.12.0038,1,2 VARA DO TRABALHO DE CHAPECO,2ª VARA DO TRABALHO DE CHAPECÓ,CEDENTE,2026-08-07 14:19:08,VARA DO TRABALHO DE MAFRA - TRIAGEM DE EQUALIZACAO,VARA DO TRABALHO DE MAFRA - TRIAGEM DE EQUALIZAÇÃO,REDISTRIBUICAO,VARA DO TRABALHO DE MAFRA,VARA DO TRABALHO DE MAFRA,DESTINATARIA,2026-08-07 14:30:04,REDISTRIBUICAO,VALIDA,
0001416-20.2026.5.12.0038,0001416-20.2026.5.12.0038,1,2 VARA DO TRABALHO DE CHAPECO,2ª VARA DO TRABALHO DE CHAPECÓ,CEDENTE,2026-08-07 14:25:24,VARA DO TRABALHO DE INDAIAL - TRIAGEM DE EQUALIZACAO,VARA DO TRABALHO DE INDAIAL - TRIAGEM DE EQUALIZAÇÃO,REDISTRIBUICAO,VARA DO TRABALHO DE INDAIAL,VARA DO TRABALHO DE INDAIAL,DESTINATARIA,2026-08-07 18:25:54,REDISTRIBUICAO,VALIDA,
0001417-05.2026.5.12.0038,0001417-05.2026.5.12.0038,1,2 VARA DO TRABALHO DE CHAPECO,2ª VARA DO TRABALHO DE CHAPECÓ,CEDENTE,2026-08-07 14:25:35,VARA DO TRABALHO DE CANOINHAS - TRIAGEM DE EQUALIZACAO,VARA DO TRABALHO DE CANOINHAS - TRIAGEM DE EQUALIZAÇÃO,REDISTRIBUICAO,VARA DO TRABALHO DE CANOINHAS,VARA DO TRABALHO DE CANOINHAS,DESTINATARIA,2026-08-07 18:25:33,REDISTRIBUICAO,VALIDA,
0001418-87.2026.5.12.0038,0001418-87.2026.5.12.0038,1,2 VARA DO TRABALHO DE CHAPECO,2ª VARA DO TRABALHO DE CHAPECÓ,CEDENTE,2026-08-07 14:19:22,VARA DO TRABALHO DE CANOINHAS - TRIAGEM DE EQUALIZACAO,VARA DO TRABALHO DE CANOINHAS - TRIAGEM DE EQUALIZAÇÃO,REDISTRIBUICAO,VARA DO TRABALHO DE CANOINHAS,VARA DO TRABALHO DE CANOINHAS,DESTINATARIA,2026-08-07 14:29:29,REDISTRIBUICAO,VALIDA,
0001419-72.2026.5.12.0038,0001419-72.2026.5.12.0038,1,2 VARA DO TRABALHO DE CHAPECO,2ª VARA DO TRABALHO DE CHAPECÓ,CEDENTE,2026-08-07 14:19:32,VARA DO TRABALHO DE ARARANGUA - TRIAGEM DE EQUALIZACAO,VARA DO TRABALHO DE ARARANGUÁ - TRIAGEM DE EQUALIZAÇÃO,REDISTRIBUICAO,VARA DO TRABALHO DE ARARANGUA,VARA DO TRABALHO DE ARARANGUÁ,DESTINATARIA,2026-08-07 14:29:06,REDISTRIBUICAO,VALIDA,
0001422-27.2026.5.12.0038,0001422-27.2026.5.12.0038,1,2 VARA DO TRABALHO DE CHAPECO,2ª VARA DO TRABALHO DE CHAPECÓ,CEDENTE,2026-08-07 14:19:43,VARA DO TRABALHO DE MAFRA - TRIAGEM DE EQUALIZACAO,VARA DO TRABALHO DE MAFRA - TRIAGEM DE EQUALIZAÇÃO,REDISTRIBUICAO,VARA DO TRABALHO DE MAFRA,VARA DO TRABALHO DE MAFRA,DESTINATARIA,2026-08-07 14:30:15,REDISTRIBUICAO,VALIDA,
0001423-12.2026.5.12.0038,0001423-12.2026.5.12.0038,1,2 VARA DO TRABALHO DE CHAPECO,2ª VARA DO TRABALHO DE CHAPECÓ,CEDENTE,2026-08-07 18:13:53,3 VARA DO TRABALHO DE LAGES - TRIAGEM DE EQUALIZACAO,3ª VARA DO TRABALHO DE LAGES - TRIAGEM DE EQUALIZAÇÃO,REDISTRIBUICAO,3 VARA DO TRABALHO DE LAGES,3ª VARA DO TRABALHO DE LAGES,DESTINATARIA,2026-08-07 18:24:58,REDISTRIBUICAO,VALIDA,
0001509-85.2026.5.12.0004,0001509-85.2026.5.12.0004,1,1 VARA DO TRABALHO DE JOINVILLE,1ª VARA DO TRABALHO DE JOINVILLE,CEDENTE,2026-07-13 14:23:58,VARA DO TRABALHO DE SAO BENTO DO SUL - TRIAGEM DE EQUALIZACAO,VARA DO TRABALHO DE SÃO BENTO DO SUL - TRIAGEM DE EQUALIZAÇÃO,REDISTRIBUICAO,VARA DO TRABALHO DE SAO BENTO DO SUL,VARA DO TRABALHO DE SÃO BENTO DO SUL,DESTINATARIA,2026-07-13 14:55:10,REDISTRIBUICAO,VALIDA,
0001511-55.2026.5.12.0004,0001511-55.2026.5.12.0004,1,1 VARA DO TRABALHO DE JOINVILLE,1ª VARA DO TRABALHO DE JOINVILLE,CEDENTE,2026-07-13 17:37:41,4 VARA DO TRABALHO DE BLUMENAU - TRIAGEM DE EQUALIZACAO,4ª VARA DO TRABALHO DE BLUMENAU - TRIAGEM DE EQUALIZAÇÃO,REDISTRIBUICAO,4 VARA DO TRABALHO DE BLUMENAU,4ª VARA DO TRABALHO DE BLUMENAU,DESTINATARIA,2026-07-13 18:12:29,REDISTRIBUICAO,VALIDA,
0001512-40.2026.5.12.0004,0001512-40.2026.5.12.0004,1,1 VARA DO TRABALHO DE JOINVILLE,1ª VARA DO TRABALHO DE JOINVILLE,CEDENTE,2026-07-13 17:51:53,3 VARA DO TRABALHO DE BLUMENAU - TRIAGEM DE EQUALIZACAO,3ª VARA DO TRABALHO DE BLUMENAU - TRIAGEM DE EQUALIZAÇÃO,REDISTRIBUICAO,3 VARA DO TRABALHO DE BLUMENAU,3ª VARA DO TRABALHO DE BLUMENAU,DESTINATARIA,2026-07-13 18:11:24,REDISTRIBUICAO,VALIDA,
0001513-25.2026.5.12.0004,0001513-25.2026.5.12.0004,1,1 VARA DO TRABALHO DE JOINVILLE,1ª VARA DO TRABALHO DE JOINVILLE,CEDENTE,2026-07-13 17:38:30,1 VARA DO TRABALHO DE LAGES - TRIAGEM DE EQUALIZACAO,1ª VARA DO TRABALHO DE LAGES - TRIAGEM DE EQUALIZAÇÃO,REDISTRIBUICAO,1 VARA DO TRABALHO DE LAGES,1ª VARA DO TRABALHO DE LAGES,DESTINATARIA,2026-07-13 18:07:05,REDISTRIBUICAO,VALIDA,
0001514-10.2026.5.12.0004,0001514-10.2026.5.12.0004,1,1 VARA DO TRABALHO DE JOINVILLE,1ª VARA DO TRABALHO DE JOINVILLE,CEDENTE,2026-07-13 17:38:43,VARA DO TRABALHO DE INDAIAL - TRIAGEM DE EQUALIZACAO,VARA DO TRABALHO DE INDAIAL - TRIAGEM DE EQUALIZAÇÃO,REDISTRIBUICAO,VARA DO TRABALHO DE INDAIAL,VARA DO TRABALHO DE INDAIAL,DESTINATARIA,2026-07-13 18:16:46,REDISTRIBUICAO,VALIDA,
0001520-17.2026.5.12.0004,0001520-17.2026.5.12.0004,1,1 VARA DO TRABALHO DE JOINVILLE,1ª VARA DO TRABALHO DE JOINVILLE,CEDENTE,2026-07-14 17:46:39,2 VARA DO TRABALHO DE TUBARAO - TRIAGEM DE EQUALIZACAO,2ª VARA DO TRABALHO DE TUBARÃO - TRIAGEM DE EQUALIZAÇÃO,REDISTRIBUICAO,2 VARA DO TRABALHO DE TUBARAO,2ª VARA DO TRABALHO DE TUBARÃO,DESTINATARIA,2026-07-14 18:08:04,REDISTRIBUICAO,VALIDA,
0001522-84.2026.5.12.0004,0001522-84.2026.5.12.0004,1,1 VARA DO TRABALHO DE JOINVILLE,1ª VARA DO TRABALHO DE JOINVILLE,CEDENTE,2026-07-14 17:46:53,1 VARA DO TRABALHO DE LAGES - TRIAGEM DE EQUALIZACAO,1ª VARA DO TRABALHO DE LAGES - TRIAGEM DE EQUALIZAÇÃO,REDISTRIBUICAO,1 VARA DO TRABALHO DE LAGES,1ª VARA DO TRABALHO DE LAGES,DESTINATARIA,2026-07-14 18:03:08,REDISTRIBUICAO,VALIDA,
0001523-69.2026.5.12.0004,0001523-69.2026.5.12.0004,1,1 VARA DO TRABALHO DE JOINVILLE,1ª VARA DO TRABALHO DE JOINVILLE,CEDENTE,2026-07-14 17:47:08,2 VARA DO TRABALHO DE BRUSQUE - TRIAGEM DE EQUALIZACAO,2ª VARA DO TRABALHO DE BRUSQUE - TRIAGEM DE EQUALIZAÇÃO,REDISTRIBUICAO,2 VARA DO TRABALHO DE BRUSQUE,2ª VARA DO TRABALHO DE BRUSQUE,DESTINATARIA,2026-07-14 18:05:33,REDISTRIBUICAO,VALIDA,
0001525-39.2026.5.12.0004,0001525-39.2026.5.12.0004,1,1 VARA DO TRABALHO DE JOINVILLE,1ª VARA DO TRABALHO DE JOINVILLE,CEDENTE,2026-07-14 17:47:20,2 VARA DO TRABALHO DE BLUMENAU - TRIAGEM DE EQUALIZACAO,2ª VARA DO TRABALHO DE BLUMENAU - TRIAGEM DE EQUALIZAÇÃO,REDISTRIBUICAO,2 VARA DO TRABALHO DE BLUMENAU,2ª VARA DO TRABALHO DE BLUMENAU,DESTINATARIA,2026-07-14 18:04:51,REDISTRIBUICAO,VALIDA,
0001526-24.2026.5.12.0004,0001526-24.2026.5.12.0004,1,1 VARA DO TRABALHO DE JOINVILLE,1ª VARA DO TRABALHO DE JOINVILLE,CEDENTE,2026-07-15 13:42:21,3 VARA DO TRABALHO DE BLUMENAU - TRIAGEM DE EQUALIZACAO,3ª VARA DO TRABALHO DE BLUMENAU - TRIAGEM DE EQUALIZAÇÃO,REDISTRIBUICAO,3 VARA DO TRABALHO DE BLUMENAU,3ª VARA DO TRABALHO DE BLUMENAU,DESTINATARIA,2026-07-15 14:24:30,REDISTRIBUICAO,VALIDA,
0001527-09.2026.5.12.0004,0001527-09.2026.5.12.0004,1,1 VARA DO TRABALHO DE JOINVILLE,1ª VARA DO TRABALHO DE JOINVILLE,CEDENTE,2026-07-15 13:42:34,VARA DO TRABALHO DE FRAIBURGO - TRIAGEM DE EQUALIZACAO,VARA DO TRABALHO DE FRAIBURGO - TRIAGEM DE EQUALIZAÇÃO,REDISTRIBUICAO,VARA DO TRABALHO DE FRAIBURGO,VARA DO TRABALHO DE FRAIBURGO,DESTINATARIA,2026-07-15 14:27:52,REDISTRIBUICAO,VALIDA,
0001528-91.2026.5.12.0004,0001528-91.2026.5.12.0004,1,1 VARA DO TRABALHO DE JOINVILLE,1ª VARA DO TRABALHO DE JOINVILLE,CEDENTE,2026-07-15 13:42:49,VARA DO TRABALHO DE ARARANGUA - TRIAGEM DE EQUALIZACAO,VARA DO TRABALHO DE ARARANGUÁ - TRIAGEM DE EQUALIZAÇÃO,REDISTRIBUICAO,VARA DO TRABALHO DE ARARANGUA,VARA DO TRABALHO DE ARARANGUÁ,DESTINATARIA,2026-07-15 14:25:44,REDISTRIBUICAO,VALIDA,
0001529-76.2026.5.12.0004,0001529-76.2026.5.12.0004,1,1 VARA DO TRABALHO DE JOINVILLE,1ª VARA DO TRABALHO DE JOINVILLE,CEDENTE,2026-07-15 13:43:03,2 VARA DO TRABALHO DE BRUSQUE - TRIAGEM DE EQUALIZACAO,2ª VARA DO TRABALHO DE BRUSQUE - TRIAGEM DE EQUALIZAÇÃO,REDISTRIBUICAO,2 VARA DO TRABALHO DE BRUSQUE,2ª VARA DO TRABALHO DE BRUSQUE,DESTINATARIA,2026-07-15 14:34:38,REDISTRIBUICAO,VALIDA,
0001530-61.2026.5.12.0004,0001530-61.2026.5.12.0004,1,1 VARA DO TRABALHO DE JOINVILLE,1ª VARA DO TRABALHO DE JOINVILLE,CEDENTE,2026-07-15 17:41:28,VARA DO TRABALHO DE CURITIBANOS - TRIAGEM DE EQUALIZACAO,VARA DO TRABALHO DE CURITIBANOS - TRIAGEM DE EQUALIZAÇÃO,REDISTRIBUICAO,VARA DO TRABALHO DE CURITIBANOS,VARA DO TRABALHO DE CURITIBANOS,DESTINATARIA,2026-07-15 18:17:11,REDISTRIBUICAO,VALIDA,
0001531-05.2026.5.12.0050,0001531-05.2026.5.12.0050,1,5 VARA DO TRABALHO DE JOINVILLE,5ª VARA DO TRABALHO DE JOINVILLE,CEDENTE,2026-07-13 14:25:51,1 VARA DO TRABALHO DE BRUSQUE - TRIAGEM DE EQUALIZACAO,1ª VARA DO TRABALHO DE BRUSQUE - TRIAGEM DE EQUALIZAÇÃO,REDISTRIBUICAO,1 VARA DO TRABALHO DE BRUSQUE,1ª VARA DO TRABALHO DE BRUSQUE,DESTINATARIA,2026-07-13 14:42:08,REDISTRIBUICAO,VALIDA,
0001531-46.2026.5.12.0004,0001531-46.2026.5.12.0004,1,1 VARA DO TRABALHO DE JOINVILLE,1ª VARA DO TRABALHO DE JOINVILLE,CEDENTE,2026-07-15 17:41:42,3 VARA DO TRABALHO DE BLUMENAU - TRIAGEM DE EQUALIZACAO,3ª VARA DO TRABALHO DE BLUMENAU - TRIAGEM DE EQUALIZAÇÃO,REDISTRIBUICAO,3 VARA DO TRABALHO DE BLUMENAU,3ª VARA DO TRABALHO DE BLUMENAU,DESTINATARIA,2026-07-15 18:12:28,REDISTRIBUICAO,VALIDA,
0001532-31.2026.5.12.0004,0001532-31.2026.5.12.0004,1,1 VARA DO TRABALHO DE JOINVILLE,1ª VARA DO TRABALHO DE JOINVILLE,CEDENTE,2026-07-15 17:55:18,3 VARA DO TRABALHO DE BLUMENAU - TRIAGEM DE EQUALIZACAO,3ª VARA DO TRABALHO DE BLUMENAU - TRIAGEM DE EQUALIZAÇÃO,REDISTRIBUICAO,3 VARA DO TRABALHO DE BLUMENAU,3ª VARA DO TRABALHO DE BLUMENAU,DESTINATARIA,2026-07-15 18:12:44,REDISTRIBUICAO,VALIDA,
0001532-87.2026.5.12.0050,0001532-87.2026.5.12.0050,1,5 VARA DO TRABALHO DE JOINVILLE,5ª VARA DO TRABALHO DE JOINVILLE,CEDENTE,2026-07-13 14:26:13,3 VARA DO TRABALHO DE BLUMENAU - TRIAGEM DE EQUALIZACAO,3ª VARA DO TRABALHO DE BLUMENAU - TRIAGEM DE EQUALIZAÇÃO,REDISTRIBUICAO,3 VARA DO TRABALHO DE BLUMENAU,3ª VARA DO TRABALHO DE BLUMENAU,DESTINATARIA,2026-07-13 18:11:34,REDISTRIBUICAO,VALIDA,
0001533-72.2026.5.12.0050,0001533-72.2026.5.12.0050,1,5 VARA DO TRABALHO DE JOINVILLE,5ª VARA DO TRABALHO DE JOINVILLE,CEDENTE,2026-07-13 17:52:27,VARA DO TRABALHO DE SAO BENTO DO SUL - TRIAGEM DE EQUALIZACAO,VARA DO TRABALHO DE SÃO BENTO DO SUL - TRIAGEM DE EQUALIZAÇÃO,REDISTRIBUICAO,VARA DO TRABALHO DE SAO BENTO DO SUL,VARA DO TRABALHO DE SÃO BENTO DO SUL,DESTINATARIA,2026-07-13 18:18:29,REDISTRIBUICAO,VALIDA,
0001534-57.2026.5.12.0050,0001534-57.2026.5.12.0050,1,5 VARA DO TRABALHO DE JOINVILLE,5ª VARA DO TRABALHO DE JOINVILLE,CEDENTE,2026-07-13 14:27:12,3 VARA DO TRABALHO DE LAGES - TRIAGEM DE EQUALIZACAO,3ª VARA DO TRABALHO DE LAGES - TRIAGEM DE EQUALIZAÇÃO,REDISTRIBUICAO,3 VARA DO TRABALHO DE LAGES,3ª VARA DO TRABALHO DE LAGES,DESTINATARIA,2026-07-13 14:48:15,REDISTRIBUICAO,VALIDA,
0001534-62.2026.5.12.0016,0001534-62.2026.5.12.0016,1,2 VARA DO TRABALHO DE JOINVILLE,2ª VARA DO TRABALHO DE JOINVILLE,CEDENTE,2026-07-13 14:24:58,VARA DO TRABALHO DE CURITIBANOS - TRIAGEM DE EQUALIZACAO,VARA DO TRABALHO DE CURITIBANOS - TRIAGEM DE EQUALIZAÇÃO,REDISTRIBUICAO,VARA DO TRABALHO DE CURITIBANOS,VARA DO TRABALHO DE CURITIBANOS,DESTINATARIA,2026-07-13 18:14:49,REDISTRIBUICAO,VALIDA,
0001534-98.2026.5.12.0004,0001534-98.2026.5.12.0004,1,1 VARA DO TRABALHO DE JOINVILLE,1ª VARA DO TRABALHO DE JOINVILLE,CEDENTE,2026-07-15 17:55:32,VARA DO TRABALHO DE FRAIBURGO - TRIAGEM DE EQUALIZACAO,VARA DO TRABALHO DE FRAIBURGO - TRIAGEM DE EQUALIZAÇÃO,REDISTRIBUICAO,VARA DO TRABALHO DE FRAIBURGO,VARA DO TRABALHO DE FRAIBURGO,DESTINATARIA,2026-07-15 18:17:51,REDISTRIBUICAO,VALIDA,
0001535-47.2026.5.12.0016,0001535-47.2026.5.12.0016,1,2 VARA DO TRABALHO DE JOINVILLE,2ª VARA DO TRABALHO DE JOINVILLE,CEDENTE,2026-07-13 14:25:16,2 VARA DO TRABALHO DE BLUMENAU - TRIAGEM DE EQUALIZACAO,2ª VARA DO TRABALHO DE BLUMENAU - TRIAGEM DE EQUALIZAÇÃO,REDISTRIBUICAO,2 VARA DO TRABALHO DE BLUMENAU,2ª VARA DO TRABALHO DE BLUMENAU,DESTINATARIA,2026-07-13 18:08:24,REDISTRIBUICAO,VALIDA,
0001535-83.2026.5.12.0004,0001535-83.2026.5.12.0004,1,1 VARA DO TRABALHO DE JOINVILLE,1ª VARA DO TRABALHO DE JOINVILLE,CEDENTE,2026-07-16 14:58:43,2 VARA DO TRABALHO DE TUBARAO - TRIAGEM DE EQUALIZACAO,2ª VARA DO TRABALHO DE TUBARÃO - TRIAGEM DE EQUALIZAÇÃO,REDISTRIBUICAO,2 VARA DO TRABALHO DE TUBARAO,2ª VARA DO TRABALHO DE TUBARÃO,DESTINATARIA,2026-07-16 15:16:45,REDISTRIBUICAO,VALIDA,
0001536-27.2026.5.12.0050,0001536-27.2026.5.12.0050,1,5 VARA DO TRABALHO DE JOINVILLE,5ª VARA DO TRABALHO DE JOINVILLE,CEDENTE,2026-07-15 17:44:09,VARA DO TRABALHO DE INDAIAL - TRIAGEM DE EQUALIZACAO,VARA DO TRABALHO DE INDAIAL - TRIAGEM DE EQUALIZAÇÃO,REDISTRIBUICAO,VARA DO TRABALHO DE INDAIAL,VARA DO TRABALHO DE INDAIAL,DESTINATARIA,2026-07-15 18:19:34,REDISTRIBUICAO,VALIDA,
0001536-32.2026.5.12.0016,0001536-32.2026.5.12.0016,1,2 VARA DO TRABALHO DE JOINVILLE,2ª VARA DO TRABALHO DE JOINVILLE,CEDENTE,2026-07-13 14:25:32,VARA DO TRABALHO DE CANOINHAS - TRIAGEM DE EQUALIZACAO,VARA DO TRABALHO DE CANOINHAS - TRIAGEM DE EQUALIZAÇÃO,REDISTRIBUICAO,VARA DO TRABALHO DE CANOINHAS,VARA DO TRABALHO DE CANOINHAS,DESTINATARIA,2026-07-13 18:20:45,REDISTRIBUICAO,VALIDA,
0001536-68.2026.5.12.0004,0001536-68.2026.5.12.0004,1,1 VARA DO TRABALHO DE JOINVILLE,1ª VARA DO TRABALHO DE JOINVILLE,CEDENTE,2026-07-16 14:58:57,3 VARA DO TRABALHO DE LAGES - TRIAGEM DE EQUALIZACAO,3ª VARA DO TRABALHO DE LAGES - TRIAGEM DE EQUALIZAÇÃO,REDISTRIBUICAO,3 VARA DO TRABALHO DE LAGES,3ª VARA DO TRABALHO DE LAGES,DESTINATARIA,2026-07-16 15:56:07,REDISTRIBUICAO,VALIDA,
0001537-12.2026.5.12.0050,0001537-12.2026.5.12.0050,1,5 VARA DO TRABALHO DE JOINVILLE,5ª VARA DO TRABALHO DE JOINVILLE,CEDENTE,2026-07-13 17:52:40,1 VARA DO TRABALHO DE BRUSQUE - TRIAGEM DE EQUALIZACAO,1ª VARA DO TRABALHO DE BRUSQUE - TRIAGEM DE EQUALIZAÇÃO,REDISTRIBUICAO,1 VARA DO TRABALHO DE BRUSQUE,1ª VARA DO TRABALHO DE BRUSQUE,DESTINATARIA,2026-07-13 18:06:12,REDISTRIBUICAO,VALIDA,
0001537-17.2026.5.12.0016,0001537-17.2026.5.12.0016,1,2 VARA DO TRABALHO DE JOINVILLE,2ª VARA DO TRABALHO DE JOINVILLE,CEDENTE,2026-07-13 17:38:57,2 VARA DO TRABALHO DE BLUMENAU - TRIAGEM DE EQUALIZACAO,2ª VARA DO TRABALHO DE BLUMENAU - TRIAGEM DE EQUALIZAÇÃO,REDISTRIBUICAO,2 VARA DO TRABALHO DE BLUMENAU,2ª VARA DO TRABALHO DE BLUMENAU,DESTINATARIA,2026-07-13 18:08:37,REDISTRIBUICAO,VALIDA,
0001537-53.2026.5.12.0004,0001537-53.2026.5.12.0004,1,1 VARA DO TRABALHO DE JOINVILLE,1ª VARA DO TRABALHO DE JOINVILLE,CEDENTE,2026-07-16 14:59:10,VARA DO TRABALHO DE FRAIBURGO - TRIAGEM DE EQUALIZACAO,VARA DO TRABALHO DE FRAIBURGO - TRIAGEM DE EQUALIZAÇÃO,REDISTRIBUICAO,VARA DO TRABALHO DE FRAIBURGO,VARA DO TRABALHO DE FRAIBURGO,DESTINATARIA,2026-07-16 15:57:42,REDISTRIBUICAO,VALIDA,
0001538-02.2026.5.12.0016,0001538-02.2026.5.12.0016,1,2 VARA DO TRABALHO DE JOINVILLE,2ª VARA DO TRABALHO DE JOINVILLE,CEDENTE,2026-07-13 17:39:10,2 VARA DO TRABALHO DE BRUSQUE - TRIAGEM DE EQUALIZACAO,2ª VARA DO TRABALHO DE BRUSQUE - TRIAGEM DE EQUALIZAÇÃO,REDISTRIBUICAO,2 VARA DO TRABALHO DE BRUSQUE,2ª VARA DO TRABALHO DE BRUSQUE,DESTINATARIA,2026-07-13 18:09:33,REDISTRIBUICAO,VALIDA,
0001538-38.2026.5.12.0004,0001538-38.2026.5.12.0004,1,1 VARA DO TRABALHO DE JOINVILLE,1ª VARA DO TRABALHO DE JOINVILLE,CEDENTE,2026-07-16 14:59:22,VARA DO TRABALHO DE MAFRA - TRIAGEM DE EQUALIZACAO,VARA DO TRABALHO DE MAFRA - TRIAGEM DE EQUALIZAÇÃO,REDISTRIBUICAO,VARA DO TRABALHO DE MAFRA,VARA DO TRABALHO DE MAFRA,DESTINATARIA,2026-07-16 16:00:02,REDISTRIBUICAO,VALIDA,
0001538-94.2026.5.12.0050,0001538-94.2026.5.12.0050,1,5 VARA DO TRABALHO DE JOINVILLE,5ª VARA DO TRABALHO DE JOINVILLE,CEDENTE,2026-07-13 17:52:52,1 VARA DO TRABALHO DE LAGES - TRIAGEM DE EQUALIZACAO,1ª VARA DO TRABALHO DE LAGES - TRIAGEM DE EQUALIZAÇÃO,REDISTRIBUICAO,1 VARA DO TRABALHO DE LAGES,1ª VARA DO TRABALHO DE LAGES,DESTINATARIA,2026-07-13 18:07:17,REDISTRIBUICAO,VALIDA,
0001539-42.2026.5.12.0030,0001539-42.2026.5.12.0030,1,1 VARA DO TRABALHO DE JOINVILLE,1ª VARA DO TRABALHO DE JOINVILLE,CEDENTE,2026-07-16 14:59:34,2 VARA DO TRABALHO DE LAGES - TRIAGEM DE EQUALIZACAO,2ª VARA DO TRABALHO DE LAGES - TRIAGEM DE EQUALIZAÇÃO,REDISTRIBUICAO,2 VARA DO TRABALHO DE LAGES,2ª VARA DO TRABALHO DE LAGES,DESTINATARIA,2026-07-16 15:55:28,REDISTRIBUICAO,VALIDA,
0001539-79.2026.5.12.0050,0001539-79.2026.5.12.0050,1,5 VARA DO TRABALHO DE JOINVILLE,5ª VARA DO TRABALHO DE JOINVILLE,CEDENTE,2026-07-14 13:56:06,2 VARA DO TRABALHO DE TUBARAO - TRIAGEM DE EQUALIZACAO,2ª VARA DO TRABALHO DE TUBARÃO - TRIAGEM DE EQUALIZAÇÃO,REDISTRIBUICAO,2 VARA DO TRABALHO DE TUBARAO,2ª VARA DO TRABALHO DE TUBARÃO,DESTINATARIA,2026-07-15 18:52:26,REDISTRIBUICAO,VALIDA,
0001539-84.2026.5.12.0016,0001539-84.2026.5.12.0016,1,2 VARA DO TRABALHO DE JOINVILLE,2ª VARA DO TRABALHO DE JOINVILLE,CEDENTE,2026-07-13 17:39:24,VARA DO TRABALHO DE INDAIAL - TRIAGEM DE EQUALIZACAO,VARA DO TRABALHO DE INDAIAL - TRIAGEM DE EQUALIZAÇÃO,REDISTRIBUICAO,VARA DO TRABALHO DE INDAIAL,VARA DO TRABALHO DE INDAIAL,DESTINATARIA,2026-07-13 18:16:58,REDISTRIBUICAO,VALIDA,
0001540-08.2026.5.12.0004,0001540-08.2026.5.12.0004,1,1 VARA DO TRABALHO DE JOINVILLE,1ª VARA DO TRABALHO DE JOINVILLE,CEDENTE,2026-07-16 14:59:47,1 VARA DO TRABALHO DE LAGES - TRIAGEM DE EQUALIZACAO,1ª VARA DO TRABALHO DE LAGES - TRIAGEM DE EQUALIZAÇÃO,REDISTRIBUICAO,1 VARA DO TRABALHO DE LAGES,1ª VARA DO TRABALHO DE LAGES,DESTINATARIA,2026-07-16 15:12:24,REDISTRIBUICAO,VALIDA,
0001540-64.2026.5.12.0050,0001540-64.2026.5.12.0050,1,5 VARA DO TRABALHO DE JOINVILLE,5ª VARA DO TRABALHO DE JOINVILLE,CEDENTE,2026-07-14 13:56:20,VARA DO TRABALHO DE INDAIAL - TRIAGEM DE EQUALIZACAO,VARA DO TRABALHO DE INDAIAL - TRIAGEM DE EQUALIZAÇÃO,REDISTRIBUICAO,VARA DO TRABALHO DE INDAIAL,VARA DO TRABALHO DE INDAIAL,DESTINATARIA,2026-07-14 18:14:27,REDISTRIBUICAO,VALIDA,
0001540-69.2026.5.12.0016,0001540-69.2026.5.12.0016,1,2 VARA DO TRABALHO DE JOINVILLE,2ª VARA DO TRABALHO DE JOINVILLE,CEDENTE,2026-07-13 17:39:38,2 VARA DO TRABALHO DE BRUSQUE - TRIAGEM DE EQUALIZACAO,2ª VARA DO TRABALHO DE BRUSQUE - TRIAGEM DE EQUALIZAÇÃO,REDISTRIBUICAO,2 VARA DO TRABALHO DE BRUSQUE,2ª VARA DO TRABALHO DE BRUSQUE,DESTINATARIA,2026-07-13 18:09:46,REDISTRIBUICAO,VALIDA,
0001541-49.2026.5.12.0050,0001541-49.2026.5.12.0050,1,5 VARA DO TRABALHO DE JOINVILLE,5ª VARA DO TRABALHO DE JOINVILLE,CEDENTE,2026-07-14 13:56:33,VARA DO TRABALHO DE MAFRA - TRIAGEM DE EQUALIZACAO,VARA DO TRABALHO DE MAFRA - TRIAGEM DE EQUALIZAÇÃO,REDISTRIBUICAO,VARA DO TRABALHO DE MAFRA,VARA DO TRABALHO DE MAFRA,DESTINATARIA,2026-07-14 18:20:13,REDISTRIBUICAO,VALIDA,
0001541-54.2026.5.12.0016,0001541-54.2026.5.12.0016,1,2 VARA DO TRABALHO DE JOINVILLE,2ª VARA DO TRABALHO DE JOINVILLE,CEDENTE,2026-07-13 17:39:51,4 VARA DO TRABALHO DE BLUMENAU - TRIAGEM DE EQUALIZACAO,4ª VARA DO TRABALHO DE BLUMENAU - TRIAGEM DE EQUALIZAÇÃO,REDISTRIBUICAO,4 VARA DO TRABALHO DE BLUMENAU,4ª VARA DO TRABALHO DE BLUMENAU,DESTINATARIA,2026-07-13 18:12:43,REDISTRIBUICAO,VALIDA,
0001541-90.2026.5.12.0004,0001541-90.2026.5.12.0004,1,1 VARA DO TRABALHO DE JOINVILLE,1ª VARA DO TRABALHO DE JOINVILLE,CEDENTE,2026-07-16 14:59:59,VARA DO TRABALHO DE FRAIBURGO - TRIAGEM DE EQUALIZACAO,VARA DO TRABALHO DE FRAIBURGO - TRIAGEM DE EQUALIZAÇÃO,REDISTRIBUICAO,VARA DO TRABALHO DE FRAIBURGO,VARA DO TRABALHO DE FRAIBURGO,DESTINATARIA,2026-07-16 15:57:54,REDISTRIBUICAO,VALIDA,
0001542-34.2026.5.12.0050,0001542-34.2026.5.12.0050,1,5 VARA DO TRABALHO DE JOINVILLE,5ª VARA DO TRABALHO DE JOINVILLE,CEDENTE,2026-07-14 13:56:45,1 VARA DO TRABALHO DE BRUSQUE - TRIAGEM DE EQUALIZACAO,1ª VARA DO TRABALHO DE BRUSQUE - TRIAGEM DE EQUALIZAÇÃO,REDISTRIBUICAO,1 VARA DO TRABALHO DE BRUSQUE,1ª VARA DO TRABALHO DE BRUSQUE,DESTINATARIA,2026-07-14 18:02:39,REDISTRIBUICAO,VALIDA,
0001542-39.2026.5.12.0016,0001542-39.2026.5.12.0016,1,2 VARA DO TRABALHO DE JOINVILLE,2ª VARA DO TRABALHO DE JOINVILLE,CEDENTE,2026-07-13 17:52:02,1 VARA DO TRABALHO DE TUBARAO - TRIAGEM DE EQUALIZACAO,1ª VARA DO TRABALHO DE TUBARÃO - TRIAGEM DE EQUALIZAÇÃO,REDISTRIBUICAO,1 VARA DO TRABALHO DE TUBARAO,1ª VARA DO TRABALHO DE TUBARÃO,DESTINATARIA,2026-07-13 18:07:45,REDISTRIBUICAO,VALIDA,
0001542-75.2026.5.12.0004,0001542-75.2026.5.12.0004,1,1 VARA DO TRABALHO DE JOINVILLE,1ª VARA DO TRABALHO DE JOINVILLE,CEDENTE,2026-07-16 15:00:21,3 VARA DO TRABALHO DE LAGES - TRIAGEM DE EQUALIZACAO,3ª VARA DO TRABALHO DE LAGES - TRIAGEM DE EQUALIZAÇÃO,REDISTRIBUICAO,3 VARA DO TRABALHO DE LAGES,3ª VARA DO TRABALHO DE LAGES,DESTINATARIA,2026-07-16 15:18:49,REDISTRIBUICAO,VALIDA,
0001543-19.2026.5.12.0050,0001543-19.2026.5.12.0050,1,5 VARA DO TRABALHO DE JOINVILLE,5ª VARA DO TRABALHO DE JOINVILLE,CEDENTE,2026-07-14 13:56:59,1 VARA DO TRABALHO DE TUBARAO - TRIAGEM DE EQUALIZACAO,1ª VARA DO TRABALHO DE TUBARÃO - TRIAGEM DE EQUALIZAÇÃO,REDISTRIBUICAO,1 VARA DO TRABALHO DE TUBARAO,1ª VARA DO TRABALHO DE TUBARÃO,DESTINATARIA,2026-07-14 18:04:22,REDISTRIBUICAO,VALIDA,
0001543-24.2026.5.12.0016,0001543-24.2026.5.12.0016,1,2 VARA DO TRABALHO DE JOINVILLE,2ª VARA DO TRABALHO DE JOINVILLE,CEDENTE,2026-07-13 17:52:16,2 VARA DO TRABALHO DE BLUMENAU - TRIAGEM DE EQUALIZACAO,2ª VARA DO TRABALHO DE BLUMENAU - TRIAGEM DE EQUALIZAÇÃO,REDISTRIBUICAO,2 VARA DO TRABALHO DE BLUMENAU,2ª VARA DO TRABALHO DE BLUMENAU,DESTINATARIA,2026-07-13 18:08:50,REDISTRIBUICAO,VALIDA,
0001543-60.2026.5.12.0004,0001543-60.2026.5.12.0004,1,1 VARA DO TRABALHO DE JOINVILLE,1ª VARA DO TRABALHO DE JOINVILLE,CEDENTE,2026-07-16 18:10:38,4 VARA DO TRABALHO DE BLUMENAU - TRIAGEM DE EQUALIZACAO,4ª VARA DO TRABALHO DE BLUMENAU - TRIAGEM DE EQUALIZAÇÃO,REDISTRIBUICAO,4 VARA DO TRABALHO DE BLUMENAU,4ª VARA DO TRABALHO DE BLUMENAU,DESTINATARIA,2026-07-16 18:41:38,REDISTRIBUICAO,VALIDA,
0001544-45.2026.5.12.0004,0001544-45.2026.5.12.0004,1,1 VARA DO TRABALHO DE JOINVILLE,1ª VARA DO TRABALHO DE JOINVILLE,CEDENTE,2026-07-16 18:10:50,4 VARA DO TRABALHO DE BLUMENAU - TRIAGEM DE EQUALIZACAO,4ª VARA DO TRABALHO DE BLUMENAU - TRIAGEM DE EQUALIZAÇÃO,REDISTRIBUICAO,4 VARA DO TRABALHO DE BLUMENAU,4ª VARA DO TRABALHO DE BLUMENAU,DESTINATARIA,2026-07-16 18:41:49,REDISTRIBUICAO,VALIDA,
0001545-91.2026.5.12.0016,0001545-91.2026.5.12.0016,1,2 VARA DO TRABALHO DE JOINVILLE,2ª VARA DO TRABALHO DE JOINVILLE,CEDENTE,2026-07-14 13:54:59,VARA DO TRABALHO DE FRAIBURGO - TRIAGEM DE EQUALIZACAO,VARA DO TRABALHO DE FRAIBURGO - TRIAGEM DE EQUALIZAÇÃO,REDISTRIBUICAO,VARA DO TRABALHO DE FRAIBURGO,VARA DO TRABALHO DE FRAIBURGO,DESTINATARIA,2026-07-14 18:12:51,REDISTRIBUICAO,VALIDA,
0001546-15.2026.5.12.0004,0001546-15.2026.5.12.0004,1,1 VARA DO TRABALHO DE JOINVILLE,1ª VARA DO TRABALHO DE JOINVILLE,CEDENTE,2026-07-16 18:11:02,VARA DO TRABALHO DE ARARANGUA - TRIAGEM DE EQUALIZACAO,VARA DO TRABALHO DE ARARANGUÁ - TRIAGEM DE EQUALIZAÇÃO,REDISTRIBUICAO,VARA DO TRABALHO DE ARARANGUA,VARA DO TRABALHO DE ARARANGUÁ,DESTINATARIA,2026-07-16 18:42:11,REDISTRIBUICAO,VALIDA,
0001546-76.2026.5.12.0016,0001546-76.2026.5.12.0016,1,2 VARA DO TRABALHO DE JOINVILLE,2ª VARA DO TRABALHO DE JOINVILLE,CEDENTE,2026-07-14 13:55:13,2 VARA DO TRABALHO DE BLUMENAU - TRIAGEM DE EQUALIZACAO,2ª VARA DO TRABALHO DE BLUMENAU - TRIAGEM DE EQUALIZAÇÃO,REDISTRIBUICAO,2 VARA DO TRABALHO DE BLUMENAU,2ª VARA DO TRABALHO DE BLUMENAU,DESTINATARIA,2026-07-14 18:05:05,REDISTRIBUICAO,VALIDA,
0001548-10.2026.5.12.0028,0001548-10.2026.5.12.0028,1,5 VARA DO TRABALHO DE JOINVILLE,5ª VARA DO TRABALHO DE JOINVILLE,CEDENTE,2026-07-16 15:01:40,2 VARA DO TRABALHO DE BRUSQUE - TRIAGEM DE EQUALIZACAO,2ª VARA DO TRABALHO DE BRUSQUE - TRIAGEM DE EQUALIZAÇÃO,REDISTRIBUICAO,2 VARA DO TRABALHO DE BRUSQUE,2ª VARA DO TRABALHO DE BRUSQUE,DESTINATARIA,2026-07-16 15:14:55,REDISTRIBUICAO,VALIDA,
0001548-41.2026.5.12.0050,0001548-41.2026.5.12.0050,1,1 VARA DO TRABALHO DE JOINVILLE,1ª VARA DO TRABALHO DE JOINVILLE,CEDENTE,2026-07-15 17:42:31,VARA DO TRABALHO DE FRAIBURGO - TRIAGEM DE EQUALIZACAO,VARA DO TRABALHO DE FRAIBURGO - TRIAGEM DE EQUALIZAÇÃO,REDISTRIBUICAO,VARA DO TRABALHO DE FRAIBURGO,VARA DO TRABALHO DE FRAIBURGO,DESTINATARIA,2026-07-15 18:18:04,REDISTRIBUICAO,VALIDA,
0001548-46.2026.5.12.0016,0001548-46.2026.5.12.0016,1,2 VARA DO TRABALHO DE JOINVILLE,2ª VARA DO TRABALHO DE JOINVILLE,CEDENTE,2026-07-14 13:55:27,VARA DO TRABALHO DE CANOINHAS - TRIAGEM DE EQUALIZACAO,VARA DO TRABALHO DE CANOINHAS - TRIAGEM DE EQUALIZAÇÃO,REDISTRIBUICAO,VARA DO TRABALHO DE CANOINHAS,VARA DO TRABALHO DE CANOINHAS,DESTINATARIA,2026-07-14 18:11:13,REDISTRIBUICAO,VALIDA,
0001548-82.2026.5.12.0004,0001548-82.2026.5.12.0004,1,1 VARA DO TRABALHO DE JOINVILLE,1ª VARA DO TRABALHO DE JOINVILLE,CEDENTE,2026-07-16 18:11:15,VARA DO TRABALHO DE FRAIBURGO - TRIAGEM DE EQUALIZACAO,VARA DO TRABALHO DE FRAIBURGO - TRIAGEM DE EQUALIZAÇÃO,REDISTRIBUICAO,VARA DO TRABALHO DE FRAIBURGO,VARA DO TRABALHO DE FRAIBURGO,DESTINATARIA,2026-07-16 18:44:48,REDISTRIBUICAO,VALIDA,
0001549-31.2026.5.12.0016,0001549-31.2026.5.12.0016,1,2 VARA DO TRABALHO DE JOINVILLE,2ª VARA DO TRABALHO DE JOINVILLE,CEDENTE,2026-07-14 13:55:40,VARA DO TRABALHO DE FRAIBURGO - TRIAGEM DE EQUALIZACAO,VARA DO TRABALHO DE FRAIBURGO - TRIAGEM DE EQUALIZAÇÃO,REDISTRIBUICAO,VARA DO TRABALHO DE FRAIBURGO,VARA DO TRABALHO DE FRAIBURGO,DESTINATARIA,2026-07-14 18:13:05,REDISTRIBUICAO,VALIDA,
0001550-52.2026.5.12.0004,0001550-52.2026.5.12.0004,1,1 VARA DO TRABALHO DE JOINVILLE,1ª VARA DO TRABALHO DE JOINVILLE,CEDENTE,2026-07-20 14:06:39,VARA DO TRABALHO DE SAO BENTO DO SUL - TRIAGEM DE EQUALIZACAO,VARA DO TRABALHO DE SÃO BENTO DO SUL - TRIAGEM DE EQUALIZAÇÃO,REDISTRIBUICAO,VARA DO TRABALHO DE SAO BENTO DO SUL,VARA DO TRABALHO DE SÃO BENTO DO SUL,DESTINATARIA,2026-07-20 14:43:23,REDISTRIBUICAO,VALIDA,
0001551-37.2026.5.12.0004,0001551-37.2026.5.12.0004,1,1 VARA DO TRABALHO DE JOINVILLE,1ª VARA DO TRABALHO DE JOINVILLE,CEDENTE,2026-07-17 13:55:07,2 VARA DO TRABALHO DE BLUMENAU - TRIAGEM DE EQUALIZACAO,2ª VARA DO TRABALHO DE BLUMENAU - TRIAGEM DE EQUALIZAÇÃO,REDISTRIBUICAO,2 VARA DO TRABALHO DE BLUMENAU,2ª VARA DO TRABALHO DE BLUMENAU,DESTINATARIA,2026-07-17 14:20:21,REDISTRIBUICAO,VALIDA,
0001551-93.2026.5.12.0050,0001551-93.2026.5.12.0050,1,5 VARA DO TRABALHO DE JOINVILLE,5ª VARA DO TRABALHO DE JOINVILLE,CEDENTE,2026-07-14 17:47:47,VARA DO TRABALHO DE CURITIBANOS - TRIAGEM DE EQUALIZACAO,VARA DO TRABALHO DE CURITIBANOS - TRIAGEM DE EQUALIZAÇÃO,REDISTRIBUICAO,VARA DO TRABALHO DE CURITIBANOS,VARA DO TRABALHO DE CURITIBANOS,DESTINATARIA,2026-07-14 18:12:09,REDISTRIBUICAO,VALIDA,
0001551-98.2026.5.12.0016,0001551-98.2026.5.12.0016,1,2 VARA DO TRABALHO DE JOINVILLE,2ª VARA DO TRABALHO DE JOINVILLE,CEDENTE,2026-07-14 13:55:52,VARA DO TRABALHO DE SAO BENTO DO SUL - TRIAGEM DE EQUALIZACAO,VARA DO TRABALHO DE SÃO BENTO DO SUL - TRIAGEM DE EQUALIZAÇÃO,REDISTRIBUICAO,VARA DO TRABALHO DE SAO BENTO DO SUL,VARA DO TRABALHO DE SÃO BENTO DO SUL,DESTINATARIA,2026-07-14 18:16:28,REDISTRIBUICAO,VALIDA,
0001552-22.2026.5.12.0004,0001552-22.2026.5.12.0004,1,1 VARA DO TRABALHO DE JOINVILLE,1ª VARA DO TRABALHO DE JOINVILLE,CEDENTE,2026-07-17 13:55:20,1 VARA DO TRABALHO DE LAGES - TRIAGEM DE EQUALIZACAO,1ª VARA DO TRABALHO DE LAGES - TRIAGEM DE EQUALIZAÇÃO,REDISTRIBUICAO,1 VARA DO TRABALHO DE LAGES,1ª VARA DO TRABALHO DE LAGES,DESTINATARIA,2026-07-17 14:19:13,REDISTRIBUICAO,VALIDA,
0001553-07.2026.5.12.0004,0001553-07.2026.5.12.0004,1,1 VARA DO TRABALHO DE JOINVILLE,1ª VARA DO TRABALHO DE JOINVILLE,CEDENTE,2026-07-17 13:55:34,1 VARA DO TRABALHO DE LAGES - TRIAGEM DE EQUALIZACAO,1ª VARA DO TRABALHO DE LAGES - TRIAGEM DE EQUALIZAÇÃO,REDISTRIBUICAO,1 VARA DO TRABALHO DE LAGES,1ª VARA DO TRABALHO DE LAGES,DESTINATARIA,2026-07-17 14:19:26,REDISTRIBUICAO,VALIDA,
0001553-63.2026.5.12.0050,0001553-63.2026.5.12.0050,1,5 VARA DO TRABALHO DE JOINVILLE,5ª VARA DO TRABALHO DE JOINVILLE,CEDENTE,2026-07-14 17:48:02,VARA DO TRABALHO DE ARARANGUA - TRIAGEM DE EQUALIZACAO,VARA DO TRABALHO DE ARARANGUÁ - TRIAGEM DE EQUALIZAÇÃO,REDISTRIBUICAO,VARA DO TRABALHO DE ARARANGUA,VARA DO TRABALHO DE ARARANGUÁ,DESTINATARIA,2026-07-14 18:10:31,REDISTRIBUICAO,VALIDA,
0001554-17.2026.5.12.0028,0001554-17.2026.5.12.0028,1,2 VARA DO TRABALHO DE JOINVILLE,2ª VARA DO TRABALHO DE JOINVILLE,CEDENTE,2026-07-16 18:11:29,2 VARA DO TRABALHO DE BRUSQUE - TRIAGEM DE EQUALIZACAO,2ª VARA DO TRABALHO DE BRUSQUE - TRIAGEM DE EQUALIZAÇÃO,REDISTRIBUICAO,2 VARA DO TRABALHO DE BRUSQUE,2ª VARA DO TRABALHO DE BRUSQUE,DESTINATARIA,2026-07-16 18:34:35,REDISTRIBUICAO,VALIDA,
0001555-33.2026.5.12.0050,0001555-33.2026.5.12.0050,1,5 VARA DO TRABALHO DE JOINVILLE,5ª VARA DO TRABALHO DE JOINVILLE,CEDENTE,2026-07-15 13:44:35,VARA DO TRABALHO DE CANOINHAS - TRIAGEM DE EQUALIZACAO,VARA DO TRABALHO DE CANOINHAS - TRIAGEM DE EQUALIZAÇÃO,REDISTRIBUICAO,VARA DO TRABALHO DE CANOINHAS,VARA DO TRABALHO DE CANOINHAS,DESTINATARIA,2026-07-15 14:26:29,REDISTRIBUICAO,VALIDA,
0001555-38.2026.5.12.0016,0001555-38.2026.5.12.0016,1,5 VARA DO TRABALHO DE JOINVILLE,5ª VARA DO TRABALHO DE JOINVILLE,CEDENTE,2026-07-16 18:11:56,1 VARA DO TRABALHO DE LAGES - TRIAGEM DE EQUALIZACAO,1ª VARA DO TRABALHO DE LAGES - TRIAGEM DE EQUALIZAÇÃO,REDISTRIBUICAO,1 VARA DO TRABALHO DE LAGES,1ª VARA DO TRABALHO DE LAGES,DESTINATARIA,2026-07-16 18:32:35,REDISTRIBUICAO,VALIDA,
0001555-74.2026.5.12.0004,0001555-74.2026.5.12.0004,1,1 VARA DO TRABALHO DE JOINVILLE,1ª VARA DO TRABALHO DE JOINVILLE,CEDENTE,2026-07-17 13:55:48,2 VARA DO TRABALHO DE TUBARAO - TRIAGEM DE EQUALIZACAO,2ª VARA DO TRABALHO DE TUBARÃO - TRIAGEM DE EQUALIZAÇÃO,REDISTRIBUICAO,2 VARA DO TRABALHO DE TUBARAO,2ª VARA DO TRABALHO DE TUBARÃO,DESTINATARIA,2026-07-17 14:23:11,REDISTRIBUICAO,VALIDA,
0001556-18.2026.5.12.0050,0001556-18.2026.5.12.0050,1,1 VARA DO TRABALHO DE JOINVILLE,1ª VARA DO TRABALHO DE JOINVILLE,CEDENTE,2026-07-15 17:42:45,VARA DO TRABALHO DE INDAIAL - TRIAGEM DE EQUALIZACAO,VARA DO TRABALHO DE INDAIAL - TRIAGEM DE EQUALIZAÇÃO,REDISTRIBUICAO,VARA DO TRABALHO DE INDAIAL,VARA DO TRABALHO DE INDAIAL,DESTINATARIA,2026-07-15 18:19:48,REDISTRIBUICAO,VALIDA,
0001556-23.2026.5.12.0016,0001556-23.2026.5.12.0016,1,2 VARA DO TRABALHO DE JOINVILLE,2ª VARA DO TRABALHO DE JOINVILLE,CEDENTE,2026-07-14 17:47:34,1 VARA DO TRABALHO DE LAGES - TRIAGEM DE EQUALIZACAO,1ª VARA DO TRABALHO DE LAGES - TRIAGEM DE EQUALIZAÇÃO,REDISTRIBUICAO,1 VARA DO TRABALHO DE LAGES,1ª VARA DO TRABALHO DE LAGES,DESTINATARIA,2026-07-14 18:03:23,REDISTRIBUICAO,VALIDA,
0001557-03.2026.5.12.0050,0001557-03.2026.5.12.0050,1,5 VARA DO TRABALHO DE JOINVILLE,5ª VARA DO TRABALHO DE JOINVILLE,CEDENTE,2026-07-15 13:44:50,3 VARA DO TRABALHO DE LAGES - TRIAGEM DE EQUALIZACAO,3ª VARA DO TRABALHO DE LAGES - TRIAGEM DE EQUALIZAÇÃO,REDISTRIBUICAO,3 VARA DO TRABALHO DE LAGES,3ª VARA DO TRABALHO DE LAGES,DESTINATARIA,2026-07-15 14:25:00,REDISTRIBUICAO,VALIDA,
0001557-44.2026.5.12.0004,0001557-44.2026.5.12.0004,1,1 VARA DO TRABALHO DE JOINVILLE,1ª VARA DO TRABALHO DE JOINVILLE,CEDENTE,2026-07-17 17:34:06,3 VARA DO TRABALHO DE BLUMENAU - TRIAGEM DE EQUALIZACAO,3ª VARA DO TRABALHO DE BLUMENAU - TRIAGEM DE EQUALIZAÇÃO,REDISTRIBUICAO,3 VARA DO TRABALHO DE BLUMENAU,3ª VARA DO TRABALHO DE BLUMENAU,DESTINATARIA,2026-07-17 18:14:02,REDISTRIBUICAO,VALIDA,
0001558-29.2026.5.12.0004,0001558-29.2026.5.12.0004,1,1 VARA DO TRABALHO DE JOINVILLE,1ª VARA DO TRABALHO DE JOINVILLE,CEDENTE,2026-07-17 17:34:19,1 VARA DO TRABALHO DE LAGES - TRIAGEM DE EQUALIZACAO,1ª VARA DO TRABALHO DE LAGES - TRIAGEM DE EQUALIZAÇÃO,REDISTRIBUICAO,1 VARA DO TRABALHO DE LAGES,1ª VARA DO TRABALHO DE LAGES,DESTINATARIA,2026-07-17 18:09:21,REDISTRIBUICAO,VALIDA,
0001558-85.2026.5.12.0050,0001558-85.2026.5.12.0050,1,5 VARA DO TRABALHO DE JOINVILLE,5ª VARA DO TRABALHO DE JOINVILLE,CEDENTE,2026-07-15 17:44:22,VARA DO TRABALHO DE MAFRA - TRIAGEM DE EQUALIZACAO,VARA DO TRABALHO DE MAFRA - TRIAGEM DE EQUALIZAÇÃO,REDISTRIBUICAO,VARA DO TRABALHO DE MAFRA,VARA DO TRABALHO DE MAFRA,DESTINATARIA,2026-07-15 18:20:31,REDISTRIBUICAO,VALIDA,
0001559-14.2026.5.12.0004,0001559-14.2026.5.12.0004,1,1 VARA DO TRABALHO DE JOINVILLE,1ª VARA DO TRABALHO DE JOINVILLE,CEDENTE,2026-07-17 17:34:32,1 VARA DO TRABALHO DE LAGES - TRIAGEM DE EQUALIZACAO,1ª VARA DO TRABALHO DE LAGES - TRIAGEM DE EQUALIZAÇÃO,REDISTRIBUICAO,1 VARA DO TRABALHO DE LAGES,1ª VARA DO TRABALHO DE LAGES,DESTINATARIA,2026-07-17 18:09:34,REDISTRIBUICAO,VALIDA,
0001559-70.2026.5.12.0050,0001559-70.2026.5.12.0050,1,5 VARA DO TRABALHO DE JOINVILLE,5ª VARA DO TRABALHO DE JOINVILLE,CEDENTE,2026-07-15 17:44:36,VARA DO TRABALHO DE FRAIBURGO - TRIAGEM DE EQUALIZACAO,VARA DO TRABALHO DE FRAIBURGO - TRIAGEM DE EQUALIZAÇÃO,REDISTRIBUICAO,VARA DO TRABALHO DE FRAIBURGO,VARA DO TRABALHO DE FRAIBURGO,DESTINATARIA,2026-07-15 18:18:17,REDISTRIBUICAO,VALIDA,
0001559-75.2026.5.12.0016,0001559-75.2026.5.12.0016,1,2 VARA DO TRABALHO DE JOINVILLE,2ª VARA DO TRABALHO DE JOINVILLE,CEDENTE,2026-07-14 17:55:50,1 VARA DO TRABALHO DE LAGES - TRIAGEM DE EQUALIZACAO,1ª VARA DO TRABALHO DE LAGES - TRIAGEM DE EQUALIZAÇÃO,REDISTRIBUICAO,1 VARA DO TRABALHO DE LAGES,1ª VARA DO TRABALHO DE LAGES,DESTINATARIA,2026-07-14 18:03:36,REDISTRIBUICAO,VALIDA,
0001560-55.2026.5.12.0050,0001560-55.2026.5.12.0050,1,5 VARA DO TRABALHO DE JOINVILLE,5ª VARA DO TRABALHO DE JOINVILLE,CEDENTE,2026-07-15 17:44:49,VARA DO TRABALHO DE ARARANGUA - TRIAGEM DE EQUALIZACAO,VARA DO TRABALHO DE ARARANGUÁ - TRIAGEM DE EQUALIZAÇÃO,REDISTRIBUICAO,VARA DO TRABALHO DE ARARANGUA,VARA DO TRABALHO DE ARARANGUÁ,DESTINATARIA,2026-07-15 18:15:09,REDISTRIBUICAO,VALIDA,
0001560-60.2026.5.12.0016,0001560-60.2026.5.12.0016,1,2 VARA DO TRABALHO DE JOINVILLE,2ª VARA DO TRABALHO DE JOINVILLE,CEDENTE,2026-07-15 13:43:19,1 VARA DO TRABALHO DE TUBARAO - TRIAGEM DE EQUALIZACAO,1ª VARA DO TRABALHO DE TUBARÃO - TRIAGEM DE EQUALIZAÇÃO,REDISTRIBUICAO,1 VARA DO TRABALHO DE TUBARAO,1ª VARA DO TRABALHO DE TUBARÃO,DESTINATARIA,2026-07-15 14:19:11,REDISTRIBUICAO,VALIDA,
0001560-96.2026.5.12.0004,0001560-96.2026.5.12.0004,1,1 VARA DO TRABALHO DE JOINVILLE,1ª VARA DO TRABALHO DE JOINVILLE,CEDENTE,2026-07-17 17:34:46,VARA DO TRABALHO DE CURITIBANOS - TRIAGEM DE EQUALIZACAO,VARA DO TRABALHO DE CURITIBANOS - TRIAGEM DE EQUALIZAÇÃO,REDISTRIBUICAO,VARA DO TRABALHO DE CURITIBANOS,VARA DO TRABALHO DE CURITIBANOS,DESTINATARIA,2026-07-17 18:17:54,REDISTRIBUICAO,VALIDA,
0001561-40.2026.5.12.0050,0001561-40.2026.5.12.0050,1,5 VARA DO TRABALHO DE JOINVILLE,5ª VARA DO TRABALHO DE JOINVILLE,CEDENTE,2026-07-15 17:45:02,VARA DO TRABALHO DE FRAIBURGO - TRIAGEM DE EQUALIZACAO,VARA DO TRABALHO DE FRAIBURGO - TRIAGEM DE EQUALIZAÇÃO,REDISTRIBUICAO,VARA DO TRABALHO DE FRAIBURGO,VARA DO TRABALHO DE FRAIBURGO,DESTINATARIA,2026-07-15 18:32:12,REDISTRIBUICAO,VALIDA,
0001561-45.2026.5.12.0016,0001561-45.2026.5.12.0016,1,2 VARA DO TRABALHO DE JOINVILLE,2ª VARA DO TRABALHO DE JOINVILLE,CEDENTE,2026-07-15 13:43:34,1 VARA DO TRABALHO DE LAGES - TRIAGEM DE EQUALIZACAO,1ª VARA DO TRABALHO DE LAGES - TRIAGEM DE EQUALIZAÇÃO,REDISTRIBUICAO,1 VARA DO TRABALHO DE LAGES,1ª VARA DO TRABALHO DE LAGES,DESTINATARIA,2026-07-15 14:18:09,REDISTRIBUICAO,VALIDA,
0001561-81.2026.5.12.0004,0001561-81.2026.5.12.0004,1,1 VARA DO TRABALHO DE JOINVILLE,1ª VARA DO TRABALHO DE JOINVILLE,CEDENTE,2026-07-17 17:34:59,3 VARA DO TRABALHO DE LAGES - TRIAGEM DE EQUALIZACAO,3ª VARA DO TRABALHO DE LAGES - TRIAGEM DE EQUALIZAÇÃO,REDISTRIBUICAO,3 VARA DO TRABALHO DE LAGES,3ª VARA DO TRABALHO DE LAGES,DESTINATARIA,2026-07-17 18:14:39,REDISTRIBUICAO,VALIDA,
0001562-25.2026.5.12.0050,0001562-25.2026.5.12.0050,1,5 VARA DO TRABALHO DE JOINVILLE,5ª VARA DO TRABALHO DE JOINVILLE,CEDENTE,2026-07-15 17:45:14,1 VARA DO TRABALHO DE TUBARAO - TRIAGEM DE EQUALIZACAO,1ª VARA DO TRABALHO DE TUBARÃO - TRIAGEM DE EQUALIZAÇÃO,REDISTRIBUICAO,1 VARA DO TRABALHO DE TUBARAO,1ª VARA DO TRABALHO DE TUBARÃO,DESTINATARIA,2026-07-15 18:08:00,REDISTRIBUICAO,VALIDA,
0001562-30.2026.5.12.0016,0001562-30.2026.5.12.0016,1,2 VARA DO TRABALHO DE JOINVILLE,2ª VARA DO TRABALHO DE JOINVILLE,CEDENTE,2026-07-15 13:43:49,1 VARA DO TRABALHO DE LAGES - TRIAGEM DE EQUALIZACAO,1ª VARA DO TRABALHO DE LAGES - TRIAGEM DE EQUALIZAÇÃO,REDISTRIBUICAO,1 VARA DO TRABALHO DE LAGES,1ª VARA DO TRABALHO DE LAGES,DESTINATARIA,2026-07-15 14:18:25,REDISTRIBUICAO,VALIDA,
0001562-66.2026.5.12.0004,0001562-66.2026.5.12.0004,1,1 VARA DO TRABALHO DE JOINVILLE,1ª VARA DO TRABALHO DE JOINVILLE,CEDENTE,2026-07-20 14:06:52,4 VARA DO TRABALHO DE BLUMENAU - TRIAGEM DE EQUALIZACAO,4ª VARA DO TRABALHO DE BLUMENAU - TRIAGEM DE EQUALIZAÇÃO,REDISTRIBUICAO,4 VARA DO TRABALHO DE BLUMENAU,4ª VARA DO TRABALHO DE BLUMENAU,DESTINATARIA,2026-07-20 14:40:20,REDISTRIBUICAO,VALIDA,
0001563-10.2026.5.12.0050,0001563-10.2026.5.12.0050,1,5 VARA DO TRABALHO DE JOINVILLE,5ª VARA DO TRABALHO DE JOINVILLE,CEDENTE,2026-07-16 15:01:53,2 VARA DO TRABALHO DE LAGES - TRIAGEM DE EQUALIZACAO,2ª VARA DO TRABALHO DE LAGES - TRIAGEM DE EQUALIZAÇÃO,REDISTRIBUICAO,2 VARA DO TRABALHO DE LAGES,2ª VARA DO TRABALHO DE LAGES,DESTINATARIA,2026-07-16 15:15:35,REDISTRIBUICAO,VALIDA,
0001563-15.2026.5.12.0016,0001563-15.2026.5.12.0016,1,2 VARA DO TRABALHO DE JOINVILLE,2ª VARA DO TRABALHO DE JOINVILLE,CEDENTE,2026-07-15 13:44:04,VARA DO TRABALHO DE ARARANGUA - TRIAGEM DE EQUALIZACAO,VARA DO TRABALHO DE ARARANGUÁ - TRIAGEM DE EQUALIZAÇÃO,REDISTRIBUICAO,VARA DO TRABALHO DE ARARANGUA,VARA DO TRABALHO DE ARARANGUÁ,DESTINATARIA,2026-07-15 14:25:59,REDISTRIBUICAO,VALIDA,
0001563-51.2026.5.12.0004,0001563-51.2026.5.12.0004,1,1 VARA DO TRABALHO DE JOINVILLE,1ª VARA DO TRABALHO DE JOINVILLE,CEDENTE,2026-07-20 14:07:06,1 VARA DO TRABALHO DE BLUMENAU - TRIAGEM DE EQUALIZACAO,1ª VARA DO TRABALHO DE BLUMENAU - TRIAGEM DE EQUALIZAÇÃO,REDISTRIBUICAO,1 VARA DO TRABALHO DE BLUMENAU,1ª VARA DO TRABALHO DE BLUMENAU,DESTINATARIA,2026-07-20 14:34:12,REDISTRIBUICAO,VALIDA,
0001564-36.2026.5.12.0004,0001564-36.2026.5.12.0004,1,1 VARA DO TRABALHO DE JOINVILLE,1ª VARA DO TRABALHO DE JOINVILLE,CEDENTE,2026-07-20 14:07:19,2 VARA DO TRABALHO DE TUBARAO - TRIAGEM DE EQUALIZACAO,2ª VARA DO TRABALHO DE TUBARÃO - TRIAGEM DE EQUALIZAÇÃO,REDISTRIBUICAO,2 VARA DO TRABALHO DE TUBARAO,2ª VARA DO TRABALHO DE TUBARÃO,DESTINATARIA,2026-07-20 14:37:32,REDISTRIBUICAO,VALIDA,
0001566-62.2026.5.12.0050,0001566-62.2026.5.12.0050,1,5 VARA DO TRABALHO DE JOINVILLE,5ª VARA DO TRABALHO DE JOINVILLE,CEDENTE,2026-07-16 15:02:05,VARA DO TRABALHO DE MAFRA - TRIAGEM DE EQUALIZACAO,VARA DO TRABALHO DE MAFRA - TRIAGEM DE EQUALIZAÇÃO,REDISTRIBUICAO,VARA DO TRABALHO DE MAFRA,VARA DO TRABALHO DE MAFRA,DESTINATARIA,2026-07-16 16:00:16,REDISTRIBUICAO,VALIDA,
0001566-67.2026.5.12.0016,0001566-67.2026.5.12.0016,1,2 VARA DO TRABALHO DE JOINVILLE,2ª VARA DO TRABALHO DE JOINVILLE,CEDENTE,2026-07-15 13:44:20,VARA DO TRABALHO DE CANOINHAS - TRIAGEM DE EQUALIZACAO,VARA DO TRABALHO DE CANOINHAS - TRIAGEM DE EQUALIZAÇÃO,REDISTRIBUICAO,VARA DO TRABALHO DE CANOINHAS,VARA DO TRABALHO DE CANOINHAS,DESTINATARIA,2026-07-15 14:26:43,REDISTRIBUICAO,VALIDA,
0001567-52.2026.5.12.0016,0001567-52.2026.5.12.0016,1,2 VARA DO TRABALHO DE JOINVILLE,2ª VARA DO TRABALHO DE JOINVILLE,CEDENTE,2026-07-15 17:42:59,2 VARA DO TRABALHO DE BLUMENAU - TRIAGEM DE EQUALIZACAO,2ª VARA DO TRABALHO DE BLUMENAU - TRIAGEM DE EQUALIZAÇÃO,REDISTRIBUICAO,2 VARA DO TRABALHO DE BLUMENAU,2ª VARA DO TRABALHO DE BLUMENAU,DESTINATARIA,2026-07-15 18:09:10,REDISTRIBUICAO,VALIDA,
0001568-32.2026.5.12.0050,0001568-32.2026.5.12.0050,1,5 VARA DO TRABALHO DE JOINVILLE,5ª VARA DO TRABALHO DE JOINVILLE,CEDENTE,2026-07-16 15:02:20,3 VARA DO TRABALHO DE BLUMENAU - TRIAGEM DE EQUALIZACAO,3ª VARA DO TRABALHO DE BLUMENAU - TRIAGEM DE EQUALIZAÇÃO,REDISTRIBUICAO,3 VARA DO TRABALHO DE BLUMENAU,3ª VARA DO TRABALHO DE BLUMENAU,DESTINATARIA,2026-07-16 15:17:24,REDISTRIBUICAO,VALIDA,
0001568-37.2026.5.12.0016,0001568-37.2026.5.12.0016,1,2 VARA DO TRABALHO DE JOINVILLE,2ª VARA DO TRABALHO DE JOINVILLE,CEDENTE,2026-07-15 17:43:12,3 VARA DO TRABALHO DE BLUMENAU - TRIAGEM DE EQUALIZACAO,3ª VARA DO TRABALHO DE BLUMENAU - TRIAGEM DE EQUALIZAÇÃO,REDISTRIBUICAO,3 VARA DO TRABALHO DE BLUMENAU,3ª VARA DO TRABALHO DE BLUMENAU,DESTINATARIA,2026-07-15 18:13:01,REDISTRIBUICAO,VALIDA,
0001569-17.2026.5.12.0050,0001569-17.2026.5.12.0050,1,5 VARA DO TRABALHO DE JOINVILLE,5ª VARA DO TRABALHO DE JOINVILLE,CEDENTE,2026-07-16 15:02:33,VARA DO TRABALHO DE ARARANGUA - TRIAGEM DE EQUALIZACAO,VARA DO TRABALHO DE ARARANGUÁ - TRIAGEM DE EQUALIZAÇÃO,REDISTRIBUICAO,VARA DO TRABALHO DE ARARANGUA,VARA DO TRABALHO DE ARARANGUÁ,DESTINATARIA,2026-07-16 15:19:40,REDISTRIBUICAO,VALIDA,
0001569-22.2026.5.12.0016,0001569-22.2026.5.12.0016,1,2 VARA DO TRABALHO DE JOINVILLE,2ª VARA DO TRABALHO DE JOINVILLE,CEDENTE,2026-07-15 17:43:25,2 VARA DO TRABALHO DE BRUSQUE - TRIAGEM DE EQUALIZACAO,2ª VARA DO TRABALHO DE BRUSQUE - TRIAGEM DE EQUALIZAÇÃO,REDISTRIBUICAO,2 VARA DO TRABALHO DE BRUSQUE,2ª VARA DO TRABALHO DE BRUSQUE,DESTINATARIA,2026-07-15 18:09:39,REDISTRIBUICAO,VALIDA,
0001570-02.2026.5.12.0050,0001570-02.2026.5.12.0050,1,5 VARA DO TRABALHO DE JOINVILLE,5ª VARA DO TRABALHO DE JOINVILLE,CEDENTE,2026-07-16 18:12:09,VARA DO TRABALHO DE CANOINHAS - TRIAGEM DE EQUALIZACAO,VARA DO TRABALHO DE CANOINHAS - TRIAGEM DE EQUALIZAÇÃO,REDISTRIBUICAO,VARA DO TRABALHO DE CANOINHAS,VARA DO TRABALHO DE CANOINHAS,DESTINATARIA,2026-07-16 18:50:38,REDISTRIBUICAO,VALIDA,
0001570-07.2026.5.12.0016,0001570-07.2026.5.12.0016,1,2 VARA DO TRABALHO DE JOINVILLE,2ª VARA DO TRABALHO DE JOINVILLE,CEDENTE,2026-07-15 17:43:39,VARA DO TRABALHO DE MAFRA - TRIAGEM DE EQUALIZACAO,VARA DO TRABALHO DE MAFRA - TRIAGEM DE EQUALIZAÇÃO,REDISTRIBUICAO,VARA DO TRABALHO DE MAFRA,VARA DO TRABALHO DE MAFRA,DESTINATARIA,2026-07-15 18:20:44,REDISTRIBUICAO,VALIDA,
0001571-84.2026.5.12.0050,0001571-84.2026.5.12.0050,1,5 VARA DO TRABALHO DE JOINVILLE,5ª VARA DO TRABALHO DE JOINVILLE,CEDENTE,2026-07-16 18:12:23,VARA DO TRABALHO DE FRAIBURGO - TRIAGEM DE EQUALIZACAO,VARA DO TRABALHO DE FRAIBURGO - TRIAGEM DE EQUALIZAÇÃO,REDISTRIBUICAO,VARA DO TRABALHO DE FRAIBURGO,VARA DO TRABALHO DE FRAIBURGO,DESTINATARIA,2026-07-16 18:44:59,REDISTRIBUICAO,VALIDA,
0001572-69.2026.5.12.0050,0001572-69.2026.5.12.0050,1,5 VARA DO TRABALHO DE JOINVILLE,5ª VARA DO TRABALHO DE JOINVILLE,CEDENTE,2026-07-16 18:12:35,3 VARA DO TRABALHO DE BLUMENAU - TRIAGEM DE EQUALIZACAO,3ª VARA DO TRABALHO DE BLUMENAU - TRIAGEM DE EQUALIZAÇÃO,REDISTRIBUICAO,3 VARA DO TRABALHO DE BLUMENAU,3ª VARA DO TRABALHO DE BLUMENAU,DESTINATARIA,2026-07-16 18:41:08,REDISTRIBUICAO,VALIDA,
0001572-74.2026.5.12.0016,0001572-74.2026.5.12.0016,1,2 VARA DO TRABALHO DE JOINVILLE,2ª VARA DO TRABALHO DE JOINVILLE,CEDENTE,2026-07-15 17:43:54,VARA DO TRABALHO DE CURITIBANOS - TRIAGEM DE EQUALIZACAO,VARA DO TRABALHO DE CURITIBANOS - TRIAGEM DE EQUALIZAÇÃO,REDISTRIBUICAO,VARA DO TRABALHO DE CURITIBANOS,VARA DO TRABALHO DE CURITIBANOS,DESTINATARIA,2026-07-15 18:17:24,REDISTRIBUICAO,VALIDA,
0001573-54.2026.5.12.0050,0001573-54.2026.5.12.0050,1,5 VARA DO TRABALHO DE JOINVILLE,5ª VARA DO TRABALHO DE JOINVILLE,CEDENTE,2026-07-16 18:12:48,3 VARA DO TRABALHO DE BLUMENAU - TRIAGEM DE EQUALIZACAO,3ª VARA DO TRABALHO DE BLUMENAU - TRIAGEM DE EQUALIZAÇÃO,REDISTRIBUICAO,3 VARA DO TRABALHO DE BLUMENAU,3ª VARA DO TRABALHO DE BLUMENAU,DESTINATARIA,2026-07-16 18:35:36,REDISTRIBUICAO,VALIDA,
0001573-59.2026.5.12.0016,0001573-59.2026.5.12.0016,1,2 VARA DO TRABALHO DE JOINVILLE,2ª VARA DO TRABALHO DE JOINVILLE,CEDENTE,2026-07-16 15:00:35,1 VARA DO TRABALHO DE TUBARAO - TRIAGEM DE EQUALIZACAO,1ª VARA DO TRABALHO DE TUBARÃO - TRIAGEM DE EQUALIZAÇÃO,REDISTRIBUICAO,1 VARA DO TRABALHO DE TUBARAO,1ª VARA DO TRABALHO DE TUBARÃO,DESTINATARIA,2026-07-16 15:13:34,REDISTRIBUICAO,VALIDA,
0001574-39.2026.5.12.0050,0001574-39.2026.5.12.0050,1,5 VARA DO TRABALHO DE JOINVILLE,5ª VARA DO TRABALHO DE JOINVILLE,CEDENTE,2026-07-16 18:22:01,VARA DO TRABALHO DE CANOINHAS - TRIAGEM DE EQUALIZACAO,VARA DO TRABALHO DE CANOINHAS - TRIAGEM DE EQUALIZAÇÃO,REDISTRIBUICAO,VARA DO TRABALHO DE CANOINHAS,VARA DO TRABALHO DE CANOINHAS,DESTINATARIA,2026-07-16 18:50:48,REDISTRIBUICAO,VALIDA,
0001574-44.2026.5.12.0016,0001574-44.2026.5.12.0016,1,2 VARA DO TRABALHO DE JOINVILLE,2ª VARA DO TRABALHO DE JOINVILLE,CEDENTE,2026-07-16 15:00:48,1 VARA DO TRABALHO DE TUBARAO - TRIAGEM DE EQUALIZACAO,1ª VARA DO TRABALHO DE TUBARÃO - TRIAGEM DE EQUALIZAÇÃO,REDISTRIBUICAO,1 VARA DO TRABALHO DE TUBARAO,1ª VARA DO TRABALHO DE TUBARÃO,DESTINATARIA,2026-07-16 15:13:46,REDISTRIBUICAO,VALIDA,
0001575-24.2026.5.12.0050,0001575-24.2026.5.12.0050,1,5 VARA DO TRABALHO DE JOINVILLE,5ª VARA DO TRABALHO DE JOINVILLE,CEDENTE,2026-07-16 18:22:13,VARA DO TRABALHO DE ARARANGUA - TRIAGEM DE EQUALIZACAO,VARA DO TRABALHO DE ARARANGUÁ - TRIAGEM DE EQUALIZAÇÃO,REDISTRIBUICAO,VARA DO TRABALHO DE ARARANGUA,VARA DO TRABALHO DE ARARANGUÁ,DESTINATARIA,2026-07-16 18:42:22,REDISTRIBUICAO,VALIDA,
0001575-29.2026.5.12.0016,0001575-29.2026.5.12.0016,1,2 VARA DO TRABALHO DE JOINVILLE,2ª VARA DO TRABALHO DE JOINVILLE,CEDENTE,2026-07-16 15:01:02,2 VARA DO TRABALHO DE BRUSQUE - TRIAGEM DE EQUALIZACAO,2ª VARA DO TRABALHO DE BRUSQUE - TRIAGEM DE EQUALIZAÇÃO,REDISTRIBUICAO,2 VARA DO TRABALHO DE BRUSQUE,2ª VARA DO TRABALHO DE BRUSQUE,DESTINATARIA,2026-07-16 15:15:08,REDISTRIBUICAO,VALIDA,
0001576-09.2026.5.12.0050,0001576-09.2026.5.12.0050,1,5 VARA DO TRABALHO DE JOINVILLE,5ª VARA DO TRABALHO DE JOINVILLE,CEDENTE,2026-07-17 13:57:04,4 VARA DO TRABALHO DE BLUMENAU - TRIAGEM DE EQUALIZACAO,4ª VARA DO TRABALHO DE BLUMENAU - TRIAGEM DE EQUALIZAÇÃO,REDISTRIBUICAO,4 VARA DO TRABALHO DE BLUMENAU,4ª VARA DO TRABALHO DE BLUMENAU,DESTINATARIA,2026-07-17 14:25:37,REDISTRIBUICAO,VALIDA,
0001577-91.2026.5.12.0050,0001577-91.2026.5.12.0050,1,5 VARA DO TRABALHO DE JOINVILLE,5ª VARA DO TRABALHO DE JOINVILLE,CEDENTE,2026-07-17 13:57:16,VARA DO TRABALHO DE CURITIBANOS - TRIAGEM DE EQUALIZACAO,VARA DO TRABALHO DE CURITIBANOS - TRIAGEM DE EQUALIZAÇÃO,REDISTRIBUICAO,VARA DO TRABALHO DE CURITIBANOS,VARA DO TRABALHO DE CURITIBANOS,DESTINATARIA,2026-07-17 14:28:05,REDISTRIBUICAO,VALIDA,
0001578-76.2026.5.12.0050,0001578-76.2026.5.12.0050,1,5 VARA DO TRABALHO DE JOINVILLE,5ª VARA DO TRABALHO DE JOINVILLE,CEDENTE,2026-07-17 13:57:30,VARA DO TRABALHO DE INDAIAL - TRIAGEM DE EQUALIZACAO,VARA DO TRABALHO DE INDAIAL - TRIAGEM DE EQUALIZAÇÃO,REDISTRIBUICAO,VARA DO TRABALHO DE INDAIAL,VARA DO TRABALHO DE INDAIAL,DESTINATARIA,2026-07-17 14:31:45,REDISTRIBUICAO,VALIDA,
0001578-81.2026.5.12.0016,0001578-81.2026.5.12.0016,1,2 VARA DO TRABALHO DE JOINVILLE,2ª VARA DO TRABALHO DE JOINVILLE,CEDENTE,2026-07-16 15:01:15,4 VARA DO TRABALHO DE BLUMENAU - TRIAGEM DE EQUALIZACAO,4ª VARA DO TRABALHO DE BLUMENAU - TRIAGEM DE EQUALIZAÇÃO,REDISTRIBUICAO,4 VARA DO TRABALHO DE BLUMENAU,4ª VARA DO TRABALHO DE BLUMENAU,DESTINATARIA,2026-07-16 15:19:28,REDISTRIBUICAO,VALIDA,
0001579-61.2026.5.12.0050,0001579-61.2026.5.12.0050,1,5 VARA DO TRABALHO DE JOINVILLE,5ª VARA DO TRABALHO DE JOINVILLE,CEDENTE,2026-07-17 13:57:43,1 VARA DO TRABALHO DE BRUSQUE - TRIAGEM DE EQUALIZACAO,1ª VARA DO TRABALHO DE BRUSQUE - TRIAGEM DE EQUALIZAÇÃO,REDISTRIBUICAO,1 VARA DO TRABALHO DE BRUSQUE,1ª VARA DO TRABALHO DE BRUSQUE,DESTINATARIA,2026-07-17 14:18:47,REDISTRIBUICAO,VALIDA,
0001579-66.2026.5.12.0016,0001579-66.2026.5.12.0016,1,2 VARA DO TRABALHO DE JOINVILLE,2ª VARA DO TRABALHO DE JOINVILLE,CEDENTE,2026-07-16 15:01:27,2 VARA DO TRABALHO DE TUBARAO - TRIAGEM DE EQUALIZACAO,2ª VARA DO TRABALHO DE TUBARÃO - TRIAGEM DE EQUALIZAÇÃO,REDISTRIBUICAO,2 VARA DO TRABALHO DE TUBARAO,2ª VARA DO TRABALHO DE TUBARÃO,DESTINATARIA,2026-07-16 15:16:58,REDISTRIBUICAO,VALIDA,
0001580-46.2026.5.12.0050,0001580-46.2026.5.12.0050,1,5 VARA DO TRABALHO DE JOINVILLE,5ª VARA DO TRABALHO DE JOINVILLE,CEDENTE,2026-07-17 13:57:57,2 VARA DO TRABALHO DE TUBARAO - TRIAGEM DE EQUALIZACAO,2ª VARA DO TRABALHO DE TUBARÃO - TRIAGEM DE EQUALIZAÇÃO,REDISTRIBUICAO,2 VARA DO TRABALHO DE TUBARAO,2ª VARA DO TRABALHO DE TUBARÃO,DESTINATARIA,2026-07-17 14:23:26,REDISTRIBUICAO,VALIDA,
0001581-31.2026.5.12.0050,0001581-31.2026.5.12.0050,1,5 VARA DO TRABALHO DE JOINVILLE,5ª VARA DO TRABALHO DE JOINVILLE,CEDENTE,2026-07-17 13:58:11,1 VARA DO TRABALHO DE BLUMENAU - TRIAGEM DE EQUALIZACAO,1ª VARA DO TRABALHO DE BLUMENAU - TRIAGEM DE EQUALIZAÇÃO,REDISTRIBUICAO,1 VARA DO TRABALHO DE BLUMENAU,1ª VARA DO TRABALHO DE BLUMENAU,DESTINATARIA,2026-07-17 14:17:33,REDISTRIBUICAO,VALIDA,
0001582-16.2026.5.12.0050,0001582-16.2026.5.12.0050,1,5 VARA DO TRABALHO DE JOINVILLE,5ª VARA DO TRABALHO DE JOINVILLE,CEDENTE,2026-07-17 13:58:25,2 VARA DO TRABALHO DE BLUMENAU - TRIAGEM DE EQUALIZACAO,2ª VARA DO TRABALHO DE BLUMENAU - TRIAGEM DE EQUALIZAÇÃO,REDISTRIBUICAO,2 VARA DO TRABALHO DE BLUMENAU,2ª VARA DO TRABALHO DE BLUMENAU,DESTINATARIA,2026-07-17 14:20:35,REDISTRIBUICAO,VALIDA,
0001583-06.2026.5.12.0016,0001583-06.2026.5.12.0016,1,2 VARA DO TRABALHO DE JOINVILLE,2ª VARA DO TRABALHO DE JOINVILLE,CEDENTE,2026-07-16 18:11:43,VARA DO TRABALHO DE SAO BENTO DO SUL - TRIAGEM DE EQUALIZACAO,VARA DO TRABALHO DE SÃO BENTO DO SUL - TRIAGEM DE EQUALIZAÇÃO,REDISTRIBUICAO,VARA DO TRABALHO DE SAO BENTO DO SUL,VARA DO TRABALHO DE SÃO BENTO DO SUL,DESTINATARIA,2026-07-16 18:49:03,REDISTRIBUICAO,VALIDA,
0001583-98.2026.5.12.0050,0001583-98.2026.5.12.0050,1,5 VARA DO TRABALHO DE JOINVILLE,5ª VARA DO TRABALHO DE JOINVILLE,CEDENTE,2026-07-17 13:58:38,VARA DO TRABALHO DE FRAIBURGO - TRIAGEM DE EQUALIZACAO,VARA DO TRABALHO DE FRAIBURGO - TRIAGEM DE EQUALIZAÇÃO,REDISTRIBUICAO,VARA DO TRABALHO DE FRAIBURGO,VARA DO TRABALHO DE FRAIBURGO,DESTINATARIA,2026-07-17 14:30:35,REDISTRIBUICAO,VALIDA,
0001584-83.2026.5.12.0050,0001584-83.2026.5.12.0050,1,5 VARA DO TRABALHO DE JOINVILLE,5ª VARA DO TRABALHO DE JOINVILLE,CEDENTE,2026-07-17 13:58:51,VARA DO TRABALHO DE SAO BENTO DO SUL - TRIAGEM DE EQUALIZACAO,VARA DO TRABALHO DE SÃO BENTO DO SUL - TRIAGEM DE EQUALIZAÇÃO,REDISTRIBUICAO,VARA DO TRABALHO DE SAO BENTO DO SUL,VARA DO TRABALHO DE SÃO BENTO DO SUL,DESTINATARIA,2026-07-17 18:23:03,REDISTRIBUICAO,VALIDA,
0001585-68.2026.5.12.0050,0001585-68.2026.5.12.0050,1,5 VARA DO TRABALHO DE JOINVILLE,5ª VARA DO TRABALHO DE JOINVILLE,CEDENTE,2026-07-17 13:59:05,2 VARA DO TRABALHO DE BRUSQUE - TRIAGEM DE EQUALIZACAO,2ª VARA DO TRABALHO DE BRUSQUE - TRIAGEM DE EQUALIZAÇÃO,REDISTRIBUICAO,2 VARA DO TRABALHO DE BRUSQUE,2ª VARA DO TRABALHO DE BRUSQUE,DESTINATARIA,2026-07-17 14:21:29,REDISTRIBUICAO,VALIDA,
0001585-73.2026.5.12.0016,0001585-73.2026.5.12.0016,1,2 VARA DO TRABALHO DE JOINVILLE,2ª VARA DO TRABALHO DE JOINVILLE,CEDENTE,2026-07-17 13:56:03,1 VARA DO TRABALHO DE TUBARAO - TRIAGEM DE EQUALIZACAO,1ª VARA DO TRABALHO DE TUBARÃO - TRIAGEM DE EQUALIZAÇÃO,REDISTRIBUICAO,1 VARA DO TRABALHO DE TUBARAO,1ª VARA DO TRABALHO DE TUBARÃO,DESTINATARIA,2026-07-17 14:19:41,REDISTRIBUICAO,VALIDA,
0001586-53.2026.5.12.0050,0001586-53.2026.5.12.0050,1,5 VARA DO TRABALHO DE JOINVILLE,5ª VARA DO TRABALHO DE JOINVILLE,CEDENTE,2026-07-17 13:59:17,VARA DO TRABALHO DE CURITIBANOS - TRIAGEM DE EQUALIZACAO,VARA DO TRABALHO DE CURITIBANOS - TRIAGEM DE EQUALIZAÇÃO,REDISTRIBUICAO,VARA DO TRABALHO DE CURITIBANOS,VARA DO TRABALHO DE CURITIBANOS,DESTINATARIA,2026-07-17 14:28:19,REDISTRIBUICAO,VALIDA,
0001587-38.2026.5.12.0050,0001587-38.2026.5.12.0050,1,5 VARA DO TRABALHO DE JOINVILLE,5ª VARA DO TRABALHO DE JOINVILLE,CEDENTE,2026-07-17 17:35:40,1 VARA DO TRABALHO DE BRUSQUE - TRIAGEM DE EQUALIZACAO,1ª VARA DO TRABALHO DE BRUSQUE - TRIAGEM DE EQUALIZAÇÃO,REDISTRIBUICAO,1 VARA DO TRABALHO DE BRUSQUE,1ª VARA DO TRABALHO DE BRUSQUE,DESTINATARIA,2026-07-17 18:27:23,REDISTRIBUICAO,VALIDA,
0001587-43.2026.5.12.0016,0001587-43.2026.5.12.0016,1,2 VARA DO TRABALHO DE JOINVILLE,2ª VARA DO TRABALHO DE JOINVILLE,CEDENTE,2026-07-17 13:56:16,1 VARA DO TRABALHO DE TUBARAO - TRIAGEM DE EQUALIZACAO,1ª VARA DO TRABALHO DE TUBARÃO - TRIAGEM DE EQUALIZAÇÃO,REDISTRIBUICAO,1 VARA DO TRABALHO DE TUBARAO,1ª VARA DO TRABALHO DE TUBARÃO,DESTINATARIA,2026-07-17 14:19:54,REDISTRIBUICAO,VALIDA,
0001588-23.2026.5.12.0050,0001588-23.2026.5.12.0050,1,5 VARA DO TRABALHO DE JOINVILLE,5ª VARA DO TRABALHO DE JOINVILLE,CEDENTE,2026-07-17 17:35:53,2 VARA DO TRABALHO DE BRUSQUE - TRIAGEM DE EQUALIZACAO,2ª VARA DO TRABALHO DE BRUSQUE - TRIAGEM DE EQUALIZAÇÃO,REDISTRIBUICAO,2 VARA DO TRABALHO DE BRUSQUE,2ª VARA DO TRABALHO DE BRUSQUE,DESTINATARIA,2026-07-17 18:12:18,REDISTRIBUICAO,VALIDA,
0001588-28.2026.5.12.0016,0001588-28.2026.5.12.0016,1,2 VARA DO TRABALHO DE JOINVILLE,2ª VARA DO TRABALHO DE JOINVILLE,CEDENTE,2026-07-17 13:56:28,3 VARA DO TRABALHO DE LAGES - TRIAGEM DE EQUALIZACAO,3ª VARA DO TRABALHO DE LAGES - TRIAGEM DE EQUALIZAÇÃO,REDISTRIBUICAO,3 VARA DO TRABALHO DE LAGES,3ª VARA DO TRABALHO DE LAGES,DESTINATARIA,2026-07-17 14:25:21,REDISTRIBUICAO,VALIDA,
0001589-13.2026.5.12.0016,0001589-13.2026.5.12.0016,1,2 VARA DO TRABALHO DE JOINVILLE,2ª VARA DO TRABALHO DE JOINVILLE,CEDENTE,2026-07-17 13:56:40,4 VARA DO TRABALHO DE BLUMENAU - TRIAGEM DE EQUALIZACAO,4ª VARA DO TRABALHO DE BLUMENAU - TRIAGEM DE EQUALIZAÇÃO,REDISTRIBUICAO,4 VARA DO TRABALHO DE BLUMENAU,4ª VARA DO TRABALHO DE BLUMENAU,DESTINATARIA,2026-07-17 14:25:52,REDISTRIBUICAO,VALIDA,
0001590-90.2026.5.12.0050,0001590-90.2026.5.12.0050,1,5 VARA DO TRABALHO DE JOINVILLE,5ª VARA DO TRABALHO DE JOINVILLE,CEDENTE,2026-07-17 17:36:08,VARA DO TRABALHO DE ARARANGUA - TRIAGEM DE EQUALIZACAO,VARA DO TRABALHO DE ARARANGUÁ - TRIAGEM DE EQUALIZAÇÃO,REDISTRIBUICAO,VARA DO TRABALHO DE ARARANGUA,VARA DO TRABALHO DE ARARANGUÁ,DESTINATARIA,2026-07-17 18:16:51,REDISTRIBUICAO,VALIDA,
0001590-95.2026.5.12.0016,0001590-95.2026.5.12.0016,1,2 VARA DO TRABALHO DE JOINVILLE,2ª VARA DO TRABALHO DE JOINVILLE,CEDENTE,2026-07-17 13:56:52,2 VARA DO TRABALHO DE BLUMENAU - TRIAGEM DE EQUALIZACAO,2ª VARA DO TRABALHO DE BLUMENAU - TRIAGEM DE EQUALIZAÇÃO,REDISTRIBUICAO,2 VARA DO TRABALHO DE BLUMENAU,2ª VARA DO TRABALHO DE BLUMENAU,DESTINATARIA,2026-07-17 14:20:47,REDISTRIBUICAO,VALIDA,
0001591-75.2026.5.12.0050,0001591-75.2026.5.12.0050,1,5 VARA DO TRABALHO DE JOINVILLE,5ª VARA DO TRABALHO DE JOINVILLE,CEDENTE,2026-07-17 17:36:23,2 VARA DO TRABALHO DE BLUMENAU - TRIAGEM DE EQUALIZACAO,2ª VARA DO TRABALHO DE BLUMENAU - TRIAGEM DE EQUALIZAÇÃO,REDISTRIBUICAO,2 VARA DO TRABALHO DE BLUMENAU,2ª VARA DO TRABALHO DE BLUMENAU,DESTINATARIA,2026-07-17 18:11:03,REDISTRIBUICAO,VALIDA,
0001591-80.2026.5.12.0016,0001591-80.2026.5.12.0016,1,2 VARA DO TRABALHO DE JOINVILLE,2ª VARA DO TRABALHO DE JOINVILLE,CEDENTE,2026-07-17 14:08:36,1 VARA DO TRABALHO DE BLUMENAU - TRIAGEM DE EQUALIZACAO,1ª VARA DO TRABALHO DE BLUMENAU - TRIAGEM DE EQUALIZAÇÃO,REDISTRIBUICAO,1 VARA DO TRABALHO DE BLUMENAU,1ª VARA DO TRABALHO DE BLUMENAU,DESTINATARIA,2026-07-17 14:17:48,REDISTRIBUICAO,VALIDA,
0001592-60.2026.5.12.0050,0001592-60.2026.5.12.0050,1,5 VARA DO TRABALHO DE JOINVILLE,5ª VARA DO TRABALHO DE JOINVILLE,CEDENTE,2026-07-17 17:36:35,VARA DO TRABALHO DE FRAIBURGO - TRIAGEM DE EQUALIZACAO,VARA DO TRABALHO DE FRAIBURGO - TRIAGEM DE EQUALIZAÇÃO,REDISTRIBUICAO,VARA DO TRABALHO DE FRAIBURGO,VARA DO TRABALHO DE FRAIBURGO,DESTINATARIA,2026-07-17 18:19:19,REDISTRIBUICAO,VALIDA,
0001593-50.2026.5.12.0016,0001593-50.2026.5.12.0016,1,2 VARA DO TRABALHO DE JOINVILLE,2ª VARA DO TRABALHO DE JOINVILLE,CEDENTE,2026-07-17 17:35:11,2 VARA DO TRABALHO DE LAGES - TRIAGEM DE EQUALIZACAO,2ª VARA DO TRABALHO DE LAGES - TRIAGEM DE EQUALIZAÇÃO,REDISTRIBUICAO,2 VARA DO TRABALHO DE LAGES,2ª VARA DO TRABALHO DE LAGES,DESTINATARIA,2026-07-17 18:12:47,REDISTRIBUICAO,VALIDA,
0001594-30.2026.5.12.0050,0001594-30.2026.5.12.0050,1,5 VARA DO TRABALHO DE JOINVILLE,5ª VARA DO TRABALHO DE JOINVILLE,CEDENTE,2026-07-17 17:36:49,VARA DO TRABALHO DE FRAIBURGO - TRIAGEM DE EQUALIZACAO,VARA DO TRABALHO DE FRAIBURGO - TRIAGEM DE EQUALIZAÇÃO,REDISTRIBUICAO,VARA DO TRABALHO DE FRAIBURGO,VARA DO TRABALHO DE FRAIBURGO,DESTINATARIA,2026-07-17 18:19:31,REDISTRIBUICAO,VALIDA,
0001594-35.2026.5.12.0016,0001594-35.2026.5.12.0016,1,2 VARA DO TRABALHO DE JOINVILLE,2ª VARA DO TRABALHO DE JOINVILLE,CEDENTE,2026-07-17 17:35:25,VARA DO TRABALHO DE CURITIBANOS - TRIAGEM DE EQUALIZACAO,VARA DO TRABALHO DE CURITIBANOS - TRIAGEM DE EQUALIZAÇÃO,REDISTRIBUICAO,VARA DO TRABALHO DE CURITIBANOS,VARA DO TRABALHO DE CURITIBANOS,DESTINATARIA,2026-07-17 18:18:05,REDISTRIBUICAO,VALIDA,
0001595-15.2026.5.12.0050,0001595-15.2026.5.12.0050,1,5 VARA DO TRABALHO DE JOINVILLE,5ª VARA DO TRABALHO DE JOINVILLE,CEDENTE,2026-07-17 17:37:02,4 VARA DO TRABALHO DE BLUMENAU - TRIAGEM DE EQUALIZACAO,4ª VARA DO TRABALHO DE BLUMENAU - TRIAGEM DE EQUALIZAÇÃO,REDISTRIBUICAO,4 VARA DO TRABALHO DE BLUMENAU,4ª VARA DO TRABALHO DE BLUMENAU,DESTINATARIA,2026-07-17 18:15:39,REDISTRIBUICAO,VALIDA,
0001595-20.2026.5.12.0016,0001595-20.2026.5.12.0016,1,2 VARA DO TRABALHO DE JOINVILLE,2ª VARA DO TRABALHO DE JOINVILLE,CEDENTE,2026-07-17 17:48:02,4 VARA DO TRABALHO DE BLUMENAU - TRIAGEM DE EQUALIZACAO,4ª VARA DO TRABALHO DE BLUMENAU - TRIAGEM DE EQUALIZAÇÃO,REDISTRIBUICAO,4 VARA DO TRABALHO DE BLUMENAU,4ª VARA DO TRABALHO DE BLUMENAU,DESTINATARIA,2026-07-17 18:15:51,REDISTRIBUICAO,VALIDA,
0001596-05.2026.5.12.0016,0001596-05.2026.5.12.0016,1,2 VARA DO TRABALHO DE JOINVILLE,2ª VARA DO TRABALHO DE JOINVILLE,CEDENTE,2026-07-20 14:07:34,VARA DO TRABALHO DE SAO BENTO DO SUL - TRIAGEM DE EQUALIZACAO,VARA DO TRABALHO DE SÃO BENTO DO SUL - TRIAGEM DE EQUALIZAÇÃO,REDISTRIBUICAO,VARA DO TRABALHO DE SAO BENTO DO SUL,VARA DO TRABALHO DE SÃO BENTO DO SUL,DESTINATARIA,2026-07-20 14:43:37,REDISTRIBUICAO,VALIDA,
0001596-97.2026.5.12.0050,0001596-97.2026.5.12.0050,1,5 VARA DO TRABALHO DE JOINVILLE,5ª VARA DO TRABALHO DE JOINVILLE,CEDENTE,2026-07-17 17:37:15,VARA DO TRABALHO DE FRAIBURGO - TRIAGEM DE EQUALIZACAO,VARA DO TRABALHO DE FRAIBURGO - TRIAGEM DE EQUALIZAÇÃO,REDISTRIBUICAO,VARA DO TRABALHO DE FRAIBURGO,VARA DO TRABALHO DE FRAIBURGO,DESTINATARIA,2026-07-17 18:19:43,REDISTRIBUICAO,VALIDA,
0001597-82.2026.5.12.0050,0001597-82.2026.5.12.0050,1,5 VARA DO TRABALHO DE JOINVILLE,5ª VARA DO TRABALHO DE JOINVILLE,CEDENTE,2026-07-17 17:37:28,VARA DO TRABALHO DE MAFRA - TRIAGEM DE EQUALIZACAO,VARA DO TRABALHO DE MAFRA - TRIAGEM DE EQUALIZAÇÃO,REDISTRIBUICAO,VARA DO TRABALHO DE MAFRA,VARA DO TRABALHO DE MAFRA,DESTINATARIA,2026-07-17 18:28:49,REDISTRIBUICAO,VALIDA,
0001598-67.2026.5.12.0050,0001598-67.2026.5.12.0050,1,5 VARA DO TRABALHO DE JOINVILLE,5ª VARA DO TRABALHO DE JOINVILLE,CEDENTE,2026-07-17 17:45:54,VARA DO TRABALHO DE CURITIBANOS - TRIAGEM DE EQUALIZACAO,VARA DO TRABALHO DE CURITIBANOS - TRIAGEM DE EQUALIZAÇÃO,REDISTRIBUICAO,VARA DO TRABALHO DE CURITIBANOS,VARA DO TRABALHO DE CURITIBANOS,DESTINATARIA,2026-07-17 18:18:19,REDISTRIBUICAO,VALIDA,
0001640-94.2026.5.12.0025,0001640-94.2026.5.12.0025,1,VARA DO TRABALHO DE XANXERE,VARA DO TRABALHO DE XANXERÊ,CEDENTE,2026-07-13 17:57:04,2 VARA DO TRABALHO DE TUBARAO - TRIAGEM DE EQUALIZACAO,2ª VARA DO TRABALHO DE TUBARÃO - TRIAGEM DE EQUALIZAÇÃO,REDISTRIBUICAO,2 VARA DO TRABALHO DE TUBARAO,2ª VARA DO TRABALHO DE TUBARÃO,DESTINATARIA,2026-07-13 18:10:55,REDISTRIBUICAO,VALIDA,
0001646-04.2026.5.12.0025,0001646-04.2026.5.12.0025,1,VARA DO TRABALHO DE XANXERE,VARA DO TRABALHO DE XANXERÊ,CEDENTE,2026-07-13 17:57:30,VARA DO TRABALHO DE INDAIAL - TRIAGEM DE EQUALIZACAO,VARA DO TRABALHO DE INDAIAL - TRIAGEM DE EQUALIZAÇÃO,REDISTRIBUICAO,VARA DO TRABALHO DE INDAIAL,VARA DO TRABALHO DE INDAIAL,DESTINATARIA,2026-07-13 18:17:10,REDISTRIBUICAO,VALIDA,
0001647-86.2026.5.12.0025,0001647-86.2026.5.12.0025,1,VARA DO TRABALHO DE XANXERE,VARA DO TRABALHO DE XANXERÊ,CEDENTE,2026-07-13 17:57:42,1 VARA DO TRABALHO DE BRUSQUE - TRIAGEM DE EQUALIZACAO,1ª VARA DO TRABALHO DE BRUSQUE - TRIAGEM DE EQUALIZAÇÃO,REDISTRIBUICAO,1 VARA DO TRABALHO DE BRUSQUE,1ª VARA DO TRABALHO DE BRUSQUE,DESTINATARIA,2026-07-13 18:06:26,REDISTRIBUICAO,VALIDA,
0001648-71.2026.5.12.0025,0001648-71.2026.5.12.0025,1,VARA DO TRABALHO DE XANXERE,VARA DO TRABALHO DE XANXERÊ,CEDENTE,2026-07-13 17:57:55,VARA DO TRABALHO DE FRAIBURGO - TRIAGEM DE EQUALIZACAO,VARA DO TRABALHO DE FRAIBURGO - TRIAGEM DE EQUALIZAÇÃO,REDISTRIBUICAO,VARA DO TRABALHO DE FRAIBURGO,VARA DO TRABALHO DE FRAIBURGO,DESTINATARIA,2026-07-13 18:16:05,REDISTRIBUICAO,VALIDA,
0001655-63.2026.5.12.0025,0001655-63.2026.5.12.0025,1,VARA DO TRABALHO DE XANXERE,VARA DO TRABALHO DE XANXERÊ,CEDENTE,2026-07-14 17:50:41,2 VARA DO TRABALHO DE TUBARAO - TRIAGEM DE EQUALIZACAO,2ª VARA DO TRABALHO DE TUBARÃO - TRIAGEM DE EQUALIZAÇÃO,REDISTRIBUICAO,2 VARA DO TRABALHO DE TUBARAO,2ª VARA DO TRABALHO DE TUBARÃO,DESTINATARIA,2026-07-14 18:08:18,REDISTRIBUICAO,VALIDA,
0001656-48.2026.5.12.0025,0001656-48.2026.5.12.0025,1,VARA DO TRABALHO DE XANXERE,VARA DO TRABALHO DE XANXERÊ,CEDENTE,2026-07-14 17:50:53,3 VARA DO TRABALHO DE LAGES - TRIAGEM DE EQUALIZACAO,3ª VARA DO TRABALHO DE LAGES - TRIAGEM DE EQUALIZAÇÃO,REDISTRIBUICAO,3 VARA DO TRABALHO DE LAGES,3ª VARA DO TRABALHO DE LAGES,DESTINATARIA,2026-07-14 18:09:17,REDISTRIBUICAO,VALIDA,
0001657-33.2026.5.12.0025,0001657-33.2026.5.12.0025,1,VARA DO TRABALHO DE XANXERE,VARA DO TRABALHO DE XANXERÊ,CEDENTE,2026-07-14 17:51:06,VARA DO TRABALHO DE SAO BENTO DO SUL - TRIAGEM DE EQUALIZACAO,VARA DO TRABALHO DE SÃO BENTO DO SUL - TRIAGEM DE EQUALIZAÇÃO,REDISTRIBUICAO,VARA DO TRABALHO DE SAO BENTO DO SUL,VARA DO TRABALHO DE SÃO BENTO DO SUL,DESTINATARIA,2026-07-14 18:16:43,REDISTRIBUICAO,VALIDA,
0001658-18.2026.5.12.0025,0001658-18.2026.5.12.0025,1,VARA DO TRABALHO DE XANXERE,VARA DO TRABALHO DE XANXERÊ,CEDENTE,2026-07-15 13:48:13,2 VARA DO TRABALHO DE BRUSQUE - TRIAGEM DE EQUALIZACAO,2ª VARA DO TRABALHO DE BRUSQUE - TRIAGEM DE EQUALIZAÇÃO,REDISTRIBUICAO,2 VARA DO TRABALHO DE BRUSQUE,2ª VARA DO TRABALHO DE BRUSQUE,DESTINATARIA,2026-07-15 14:21:15,REDISTRIBUICAO,VALIDA,
0001659-03.2026.5.12.0025,0001659-03.2026.5.12.0025,1,VARA DO TRABALHO DE XANXERE,VARA DO TRABALHO DE XANXERÊ,CEDENTE,2026-07-15 13:48:30,VARA DO TRABALHO DE SAO BENTO DO SUL - TRIAGEM DE EQUALIZACAO,VARA DO TRABALHO DE SÃO BENTO DO SUL - TRIAGEM DE EQUALIZAÇÃO,REDISTRIBUICAO,VARA DO TRABALHO DE SAO BENTO DO SUL,VARA DO TRABALHO DE SÃO BENTO DO SUL,DESTINATARIA,2026-07-15 14:31:31,REDISTRIBUICAO,VALIDA,
0001660-85.2026.5.12.0025,0001660-85.2026.5.12.0025,1,VARA DO TRABALHO DE XANXERE,VARA DO TRABALHO DE XANXERÊ,CEDENTE,2026-07-15 13:48:45,VARA DO TRABALHO DE FRAIBURGO - TRIAGEM DE EQUALIZACAO,VARA DO TRABALHO DE FRAIBURGO - TRIAGEM DE EQUALIZAÇÃO,REDISTRIBUICAO,VARA DO TRABALHO DE FRAIBURGO,VARA DO TRABALHO DE FRAIBURGO,DESTINATARIA,2026-07-15 14:28:06,REDISTRIBUICAO,VALIDA,
0001661-70.2026.5.12.0025,0001661-70.2026.5.12.0025,1,VARA DO TRABALHO DE XANXERE,VARA DO TRABALHO DE XANXERÊ,CEDENTE,2026-07-15 13:49:01,2 VARA DO TRABALHO DE TUBARAO - TRIAGEM DE EQUALIZACAO,2ª VARA DO TRABALHO DE TUBARÃO - TRIAGEM DE EQUALIZAÇÃO,REDISTRIBUICAO,2 VARA DO TRABALHO DE TUBARAO,2ª VARA DO TRABALHO DE TUBARÃO,DESTINATARIA,2026-07-15 14:22:55,REDISTRIBUICAO,VALIDA,
0001662-50.2026.5.12.0059,0001662-50.2026.5.12.0059,1,VARA DO TRABALHO DE PALHOCA,VARA DO TRABALHO DE PALHOÇA,CEDENTE,2026-07-13 14:29:40,3 VARA DO TRABALHO DE LAGES - TRIAGEM DE EQUALIZACAO,3ª VARA DO TRABALHO DE LAGES - TRIAGEM DE EQUALIZAÇÃO,REDISTRIBUICAO,3 VARA DO TRABALHO DE LAGES,3ª VARA DO TRABALHO DE LAGES,DESTINATARIA,2026-07-13 14:48:33,REDISTRIBUICAO,VALIDA,
0001662-55.2026.5.12.0025,0001662-55.2026.5.12.0025,1,VARA DO TRABALHO DE XANXERE,VARA DO TRABALHO DE XANXERÊ,CEDENTE,2026-07-15 13:49:17,VARA DO TRABALHO DE INDAIAL - TRIAGEM DE EQUALIZACAO,VARA DO TRABALHO DE INDAIAL - TRIAGEM DE EQUALIZAÇÃO,REDISTRIBUICAO,VARA DO TRABALHO DE INDAIAL,VARA DO TRABALHO DE INDAIAL,DESTINATARIA,2026-07-15 14:29:22,REDISTRIBUICAO,VALIDA,
0001663-35.2026.5.12.0059,0001663-35.2026.5.12.0059,1,VARA DO TRABALHO DE PALHOCA,VARA DO TRABALHO DE PALHOÇA,CEDENTE,2026-07-13 17:54:46,VARA DO TRABALHO DE MAFRA - TRIAGEM DE EQUALIZACAO,VARA DO TRABALHO DE MAFRA - TRIAGEM DE EQUALIZAÇÃO,REDISTRIBUICAO,VARA DO TRABALHO DE MAFRA,VARA DO TRABALHO DE MAFRA,DESTINATARIA,2026-07-13 18:18:03,REDISTRIBUICAO,VALIDA,
0001664-20.2026.5.12.0059,0001664-20.2026.5.12.0059,1,VARA DO TRABALHO DE PALHOCA,VARA DO TRABALHO DE PALHOÇA,CEDENTE,2026-07-13 14:30:40,VARA DO TRABALHO DE CANOINHAS - TRIAGEM DE EQUALIZACAO,VARA DO TRABALHO DE CANOINHAS - TRIAGEM DE EQUALIZAÇÃO,REDISTRIBUICAO,VARA DO TRABALHO DE CANOINHAS,VARA DO TRABALHO DE CANOINHAS,DESTINATARIA,2026-07-13 18:14:09,REDISTRIBUICAO,VALIDA,
0001664-25.2026.5.12.0025,0001664-25.2026.5.12.0025,1,VARA DO TRABALHO DE XANXERE,VARA DO TRABALHO DE XANXERÊ,CEDENTE,2026-07-15 17:48:28,3 VARA DO TRABALHO DE BLUMENAU - TRIAGEM DE EQUALIZACAO,3ª VARA DO TRABALHO DE BLUMENAU - TRIAGEM DE EQUALIZAÇÃO,REDISTRIBUICAO,3 VARA DO TRABALHO DE BLUMENAU,3ª VARA DO TRABALHO DE BLUMENAU,DESTINATARIA,2026-07-15 18:13:15,REDISTRIBUICAO,VALIDA,
0001665-05.2026.5.12.0059,0001665-05.2026.5.12.0059,1,VARA DO TRABALHO DE PALHOCA,VARA DO TRABALHO DE PALHOÇA,CEDENTE,2026-07-13 14:30:56,VARA DO TRABALHO DE SAO BENTO DO SUL - TRIAGEM DE EQUALIZACAO,VARA DO TRABALHO DE SÃO BENTO DO SUL - TRIAGEM DE EQUALIZAÇÃO,REDISTRIBUICAO,VARA DO TRABALHO DE SAO BENTO DO SUL,VARA DO TRABALHO DE SÃO BENTO DO SUL,DESTINATARIA,2026-07-13 14:55:26,REDISTRIBUICAO,VALIDA,
0001665-10.2026.5.12.0025,0001665-10.2026.5.12.0025,1,VARA DO TRABALHO DE XANXERE,VARA DO TRABALHO DE XANXERÊ,CEDENTE,2026-07-15 17:48:42,4 VARA DO TRABALHO DE BLUMENAU - TRIAGEM DE EQUALIZACAO,4ª VARA DO TRABALHO DE BLUMENAU - TRIAGEM DE EQUALIZAÇÃO,REDISTRIBUICAO,4 VARA DO TRABALHO DE BLUMENAU,4ª VARA DO TRABALHO DE BLUMENAU,DESTINATARIA,2026-07-15 18:14:26,REDISTRIBUICAO,VALIDA,
0001666-87.2026.5.12.0059,0001666-87.2026.5.12.0059,1,VARA DO TRABALHO DE PALHOCA,VARA DO TRABALHO DE PALHOÇA,CEDENTE,2026-07-13 17:54:57,VARA DO TRABALHO DE ARARANGUA - TRIAGEM DE EQUALIZACAO,VARA DO TRABALHO DE ARARANGUÁ - TRIAGEM DE EQUALIZAÇÃO,REDISTRIBUICAO,VARA DO TRABALHO DE ARARANGUA,VARA DO TRABALHO DE ARARANGUÁ,DESTINATARIA,2026-07-13 18:13:13,REDISTRIBUICAO,VALIDA,
0001667-72.2026.5.12.0059,0001667-72.2026.5.12.0059,1,VARA DO TRABALHO DE PALHOCA,VARA DO TRABALHO DE PALHOÇA,CEDENTE,2026-07-13 14:31:52,4 VARA DO TRABALHO DE BLUMENAU - TRIAGEM DE EQUALIZACAO,4ª VARA DO TRABALHO DE BLUMENAU - TRIAGEM DE EQUALIZAÇÃO,REDISTRIBUICAO,4 VARA DO TRABALHO DE BLUMENAU,4ª VARA DO TRABALHO DE BLUMENAU,DESTINATARIA,2026-07-13 14:49:32,REDISTRIBUICAO,VALIDA,
0001668-57.2026.5.12.0059,0001668-57.2026.5.12.0059,1,VARA DO TRABALHO DE PALHOCA,VARA DO TRABALHO DE PALHOÇA,CEDENTE,2026-07-13 17:55:11,1 VARA DO TRABALHO DE TUBARAO - TRIAGEM DE EQUALIZACAO,1ª VARA DO TRABALHO DE TUBARÃO - TRIAGEM DE EQUALIZAÇÃO,REDISTRIBUICAO,1 VARA DO TRABALHO DE TUBARAO,1ª VARA DO TRABALHO DE TUBARÃO,DESTINATARIA,2026-07-13 18:07:59,REDISTRIBUICAO,VALIDA,
0001668-62.2026.5.12.0025,0001668-62.2026.5.12.0025,1,VARA DO TRABALHO DE XANXERE,VARA DO TRABALHO DE XANXERÊ,CEDENTE,2026-07-15 17:48:54,1 VARA DO TRABALHO DE BLUMENAU - TRIAGEM DE EQUALIZACAO,1ª VARA DO TRABALHO DE BLUMENAU - TRIAGEM DE EQUALIZAÇÃO,REDISTRIBUICAO,1 VARA DO TRABALHO DE BLUMENAU,1ª VARA DO TRABALHO DE BLUMENAU,DESTINATARIA,2026-07-15 18:05:40,REDISTRIBUICAO,VALIDA,
0001669-42.2026.5.12.0059,0001669-42.2026.5.12.0059,1,VARA DO TRABALHO DE PALHOCA,VARA DO TRABALHO DE PALHOÇA,CEDENTE,2026-07-13 17:55:24,VARA DO TRABALHO DE CURITIBANOS - TRIAGEM DE EQUALIZACAO,VARA DO TRABALHO DE CURITIBANOS - TRIAGEM DE EQUALIZAÇÃO,REDISTRIBUICAO,VARA DO TRABALHO DE CURITIBANOS,VARA DO TRABALHO DE CURITIBANOS,DESTINATARIA,2026-07-13 18:15:03,REDISTRIBUICAO,VALIDA,
0001669-47.2026.5.12.0025,0001669-47.2026.5.12.0025,1,VARA DO TRABALHO DE XANXERE,VARA DO TRABALHO DE XANXERÊ,CEDENTE,2026-07-15 17:49:09,1 VARA DO TRABALHO DE TUBARAO - TRIAGEM DE EQUALIZACAO,1ª VARA DO TRABALHO DE TUBARÃO - TRIAGEM DE EQUALIZAÇÃO,REDISTRIBUICAO,1 VARA DO TRABALHO DE TUBARAO,1ª VARA DO TRABALHO DE TUBARÃO,DESTINATARIA,2026-07-15 18:08:15,REDISTRIBUICAO,VALIDA,
0001670-27.2026.5.12.0059,0001670-27.2026.5.12.0059,1,VARA DO TRABALHO DE PALHOCA,VARA DO TRABALHO DE PALHOÇA,CEDENTE,2026-07-13 17:55:36,VARA DO TRABALHO DE INDAIAL - TRIAGEM DE EQUALIZACAO,VARA DO TRABALHO DE INDAIAL - TRIAGEM DE EQUALIZAÇÃO,REDISTRIBUICAO,VARA DO TRABALHO DE INDAIAL,VARA DO TRABALHO DE INDAIAL,DESTINATARIA,2026-07-13 18:17:22,REDISTRIBUICAO,VALIDA,
0001670-32.2026.5.12.0025,0001670-32.2026.5.12.0025,1,VARA DO TRABALHO DE XANXERE,VARA DO TRABALHO DE XANXERÊ,CEDENTE,2026-07-15 17:49:23,1 VARA DO TRABALHO DE LAGES - TRIAGEM DE EQUALIZACAO,1ª VARA DO TRABALHO DE LAGES - TRIAGEM DE EQUALIZAÇÃO,REDISTRIBUICAO,1 VARA DO TRABALHO DE LAGES,1ª VARA DO TRABALHO DE LAGES,DESTINATARIA,2026-07-15 18:07:03,REDISTRIBUICAO,VALIDA,
0001671-17.2026.5.12.0025,0001671-17.2026.5.12.0025,1,VARA DO TRABALHO DE XANXERE,VARA DO TRABALHO DE XANXERÊ,CEDENTE,2026-07-15 17:58:20,2 VARA DO TRABALHO DE TUBARAO - TRIAGEM DE EQUALIZACAO,2ª VARA DO TRABALHO DE TUBARÃO - TRIAGEM DE EQUALIZAÇÃO,REDISTRIBUICAO,2 VARA DO TRABALHO DE TUBARAO,2ª VARA DO TRABALHO DE TUBARÃO,DESTINATARIA,2026-07-15 18:11:06,REDISTRIBUICAO,VALIDA,
0001672-02.2026.5.12.0025,0001672-02.2026.5.12.0025,1,VARA DO TRABALHO DE XANXERE,VARA DO TRABALHO DE XANXERÊ,CEDENTE,2026-07-15 17:49:36,VARA DO TRABALHO DE INDAIAL - TRIAGEM DE EQUALIZACAO,VARA DO TRABALHO DE INDAIAL - TRIAGEM DE EQUALIZAÇÃO,REDISTRIBUICAO,VARA DO TRABALHO DE INDAIAL,VARA DO TRABALHO DE INDAIAL,DESTINATARIA,2026-07-15 18:20:02,REDISTRIBUICAO,VALIDA,
0001673-84.2026.5.12.0025,0001673-84.2026.5.12.0025,1,VARA DO TRABALHO DE XANXERE,VARA DO TRABALHO DE XANXERÊ,CEDENTE,2026-07-15 17:56:42,3 VARA DO TRABALHO DE BLUMENAU - TRIAGEM DE EQUALIZACAO,3ª VARA DO TRABALHO DE BLUMENAU - TRIAGEM DE EQUALIZAÇÃO,REDISTRIBUICAO,3 VARA DO TRABALHO DE BLUMENAU,3ª VARA DO TRABALHO DE BLUMENAU,DESTINATARIA,2026-07-15 18:13:29,REDISTRIBUICAO,VALIDA,
0001674-64.2026.5.12.0059,0001674-64.2026.5.12.0059,1,VARA DO TRABALHO DE PALHOCA,VARA DO TRABALHO DE PALHOÇA,CEDENTE,2026-07-14 13:59:07,VARA DO TRABALHO DE FRAIBURGO - TRIAGEM DE EQUALIZACAO,VARA DO TRABALHO DE FRAIBURGO - TRIAGEM DE EQUALIZAÇÃO,REDISTRIBUICAO,VARA DO TRABALHO DE FRAIBURGO,VARA DO TRABALHO DE FRAIBURGO,DESTINATARIA,2026-07-14 18:13:19,REDISTRIBUICAO,VALIDA,
0001674-69.2026.5.12.0025,0001674-69.2026.5.12.0025,1,VARA DO TRABALHO DE XANXERE,VARA DO TRABALHO DE XANXERÊ,CEDENTE,2026-07-15 17:49:48,4 VARA DO TRABALHO DE BLUMENAU - TRIAGEM DE EQUALIZACAO,4ª VARA DO TRABALHO DE BLUMENAU - TRIAGEM DE EQUALIZAÇÃO,REDISTRIBUICAO,4 VARA DO TRABALHO DE BLUMENAU,4ª VARA DO TRABALHO DE BLUMENAU,DESTINATARIA,2026-07-15 18:14:40,REDISTRIBUICAO,VALIDA,
0001675-54.2026.5.12.0025,0001675-54.2026.5.12.0025,1,VARA DO TRABALHO DE XANXERE,VARA DO TRABALHO DE XANXERÊ,CEDENTE,2026-07-15 17:50:01,1 VARA DO TRABALHO DE BRUSQUE - TRIAGEM DE EQUALIZACAO,1ª VARA DO TRABALHO DE BRUSQUE - TRIAGEM DE EQUALIZAÇÃO,REDISTRIBUICAO,1 VARA DO TRABALHO DE BRUSQUE,1ª VARA DO TRABALHO DE BRUSQUE,DESTINATARIA,2026-07-15 18:06:20,REDISTRIBUICAO,VALIDA,
0001676-39.2026.5.12.0025,0001676-39.2026.5.12.0025,1,VARA DO TRABALHO DE XANXERE,VARA DO TRABALHO DE XANXERÊ,CEDENTE,2026-07-15 17:56:53,VARA DO TRABALHO DE SAO BENTO DO SUL - TRIAGEM DE EQUALIZACAO,VARA DO TRABALHO DE SÃO BENTO DO SUL - TRIAGEM DE EQUALIZAÇÃO,REDISTRIBUICAO,VARA DO TRABALHO DE SAO BENTO DO SUL,VARA DO TRABALHO DE SÃO BENTO DO SUL,DESTINATARIA,2026-07-15 18:21:56,REDISTRIBUICAO,VALIDA,
0001677-19.2026.5.12.0059,0001677-19.2026.5.12.0059,1,VARA DO TRABALHO DE PALHOCA,VARA DO TRABALHO DE PALHOÇA,CEDENTE,2026-07-14 17:56:05,3 VARA DO TRABALHO DE LAGES - TRIAGEM DE EQUALIZACAO,3ª VARA DO TRABALHO DE LAGES - TRIAGEM DE EQUALIZAÇÃO,REDISTRIBUICAO,3 VARA DO TRABALHO DE LAGES,3ª VARA DO TRABALHO DE LAGES,DESTINATARIA,2026-07-14 18:09:31,REDISTRIBUICAO,VALIDA,
0001677-24.2026.5.12.0025,0001677-24.2026.5.12.0025,1,VARA DO TRABALHO DE XANXERE,VARA DO TRABALHO DE XANXERÊ,CEDENTE,2026-07-15 17:50:50,VARA DO TRABALHO DE MAFRA - TRIAGEM DE EQUALIZACAO,VARA DO TRABALHO DE MAFRA - TRIAGEM DE EQUALIZAÇÃO,REDISTRIBUICAO,VARA DO TRABALHO DE MAFRA,VARA DO TRABALHO DE MAFRA,DESTINATARIA,2026-07-15 18:20:58,REDISTRIBUICAO,VALIDA,
0001678-04.2026.5.12.0059,0001678-04.2026.5.12.0059,1,VARA DO TRABALHO DE PALHOCA,VARA DO TRABALHO DE PALHOÇA,CEDENTE,2026-07-14 17:49:19,1 VARA DO TRABALHO DE BLUMENAU - TRIAGEM DE EQUALIZACAO,1ª VARA DO TRABALHO DE BLUMENAU - TRIAGEM DE EQUALIZAÇÃO,REDISTRIBUICAO,1 VARA DO TRABALHO DE BLUMENAU,1ª VARA DO TRABALHO DE BLUMENAU,DESTINATARIA,2026-07-14 18:02:08,REDISTRIBUICAO,VALIDA,
0001679-86.2026.5.12.0059,0001679-86.2026.5.12.0059,1,VARA DO TRABALHO DE PALHOCA,VARA DO TRABALHO DE PALHOÇA,CEDENTE,2026-07-14 17:49:33,VARA DO TRABALHO DE FRAIBURGO - TRIAGEM DE EQUALIZACAO,VARA DO TRABALHO DE FRAIBURGO - TRIAGEM DE EQUALIZAÇÃO,REDISTRIBUICAO,VARA DO TRABALHO DE FRAIBURGO,VARA DO TRABALHO DE FRAIBURGO,DESTINATARIA,2026-07-14 18:13:33,REDISTRIBUICAO,VALIDA,
0001679-91.2026.5.12.0025,0001679-91.2026.5.12.0025,1,VARA DO TRABALHO DE XANXERE,VARA DO TRABALHO DE XANXERÊ,CEDENTE,2026-07-16 15:07:15,2 VARA DO TRABALHO DE BRUSQUE - TRIAGEM DE EQUALIZACAO,2ª VARA DO TRABALHO DE BRUSQUE - TRIAGEM DE EQUALIZAÇÃO,REDISTRIBUICAO,2 VARA DO TRABALHO DE BRUSQUE,2ª VARA DO TRABALHO DE BRUSQUE,DESTINATARIA,2026-07-16 15:15:20,REDISTRIBUICAO,VALIDA,
0001680-71.2026.5.12.0059,0001680-71.2026.5.12.0059,1,VARA DO TRABALHO DE PALHOCA,VARA DO TRABALHO DE PALHOÇA,CEDENTE,2026-07-14 17:49:46,1 VARA DO TRABALHO DE BLUMENAU - TRIAGEM DE EQUALIZACAO,1ª VARA DO TRABALHO DE BLUMENAU - TRIAGEM DE EQUALIZAÇÃO,REDISTRIBUICAO,1 VARA DO TRABALHO DE BLUMENAU,1ª VARA DO TRABALHO DE BLUMENAU,DESTINATARIA,2026-07-14 18:02:25,REDISTRIBUICAO,VALIDA,
0001680-76.2026.5.12.0025,0001680-76.2026.5.12.0025,1,VARA DO TRABALHO DE XANXERE,VARA DO TRABALHO DE XANXERÊ,CEDENTE,2026-07-16 15:07:28,VARA DO TRABALHO DE MAFRA - TRIAGEM DE EQUALIZACAO,VARA DO TRABALHO DE MAFRA - TRIAGEM DE EQUALIZAÇÃO,REDISTRIBUICAO,VARA DO TRABALHO DE MAFRA,VARA DO TRABALHO DE MAFRA,DESTINATARIA,2026-07-16 16:00:29,REDISTRIBUICAO,VALIDA,
0001681-56.2026.5.12.0059,0001681-56.2026.5.12.0059,1,VARA DO TRABALHO DE PALHOCA,VARA DO TRABALHO DE PALHOÇA,CEDENTE,2026-07-15 13:46:17,VARA DO TRABALHO DE FRAIBURGO - TRIAGEM DE EQUALIZACAO,VARA DO TRABALHO DE FRAIBURGO - TRIAGEM DE EQUALIZAÇÃO,REDISTRIBUICAO,VARA DO TRABALHO DE FRAIBURGO,VARA DO TRABALHO DE FRAIBURGO,DESTINATARIA,2026-07-15 14:28:21,REDISTRIBUICAO,VALIDA,
0001681-61.2026.5.12.0025,0001681-61.2026.5.12.0025,1,VARA DO TRABALHO DE XANXERE,VARA DO TRABALHO DE XANXERÊ,CEDENTE,2026-07-16 15:07:40,VARA DO TRABALHO DE FRAIBURGO - TRIAGEM DE EQUALIZACAO,VARA DO TRABALHO DE FRAIBURGO - TRIAGEM DE EQUALIZAÇÃO,REDISTRIBUICAO,VARA DO TRABALHO DE FRAIBURGO,VARA DO TRABALHO DE FRAIBURGO,DESTINATARIA,2026-07-16 15:58:07,REDISTRIBUICAO,VALIDA,
0001682-41.2026.5.12.0059,0001682-41.2026.5.12.0059,1,VARA DO TRABALHO DE PALHOCA,VARA DO TRABALHO DE PALHOÇA,CEDENTE,2026-07-15 13:46:32,1 VARA DO TRABALHO DE BRUSQUE - TRIAGEM DE EQUALIZACAO,1ª VARA DO TRABALHO DE BRUSQUE - TRIAGEM DE EQUALIZAÇÃO,REDISTRIBUICAO,1 VARA DO TRABALHO DE BRUSQUE,1ª VARA DO TRABALHO DE BRUSQUE,DESTINATARIA,2026-07-15 14:17:23,REDISTRIBUICAO,VALIDA,
0001682-46.2026.5.12.0025,0001682-46.2026.5.12.0025,1,VARA DO TRABALHO DE XANXERE,VARA DO TRABALHO DE XANXERÊ,CEDENTE,2026-07-16 15:07:54,1 VARA DO TRABALHO DE TUBARAO - TRIAGEM DE EQUALIZACAO,1ª VARA DO TRABALHO DE TUBARÃO - TRIAGEM DE EQUALIZAÇÃO,REDISTRIBUICAO,1 VARA DO TRABALHO DE TUBARAO,1ª VARA DO TRABALHO DE TUBARÃO,DESTINATARIA,2026-07-16 15:55:16,REDISTRIBUICAO,VALIDA,
0001683-31.2026.5.12.0025,0001683-31.2026.5.12.0025,1,VARA DO TRABALHO DE XANXERE,VARA DO TRABALHO DE XANXERÊ,CEDENTE,2026-07-16 18:22:47,VARA DO TRABALHO DE CANOINHAS - TRIAGEM DE EQUALIZACAO,VARA DO TRABALHO DE CANOINHAS - TRIAGEM DE EQUALIZAÇÃO,REDISTRIBUICAO,VARA DO TRABALHO DE CANOINHAS,VARA DO TRABALHO DE CANOINHAS,DESTINATARIA,2026-07-16 18:43:57,REDISTRIBUICAO,VALIDA,
0001684-11.2026.5.12.0059,0001684-11.2026.5.12.0059,1,VARA DO TRABALHO DE PALHOCA,VARA DO TRABALHO DE PALHOÇA,CEDENTE,2026-07-15 13:46:48,4 VARA DO TRABALHO DE BLUMENAU - TRIAGEM DE EQUALIZACAO,4ª VARA DO TRABALHO DE BLUMENAU - TRIAGEM DE EQUALIZAÇÃO,REDISTRIBUICAO,4 VARA DO TRABALHO DE BLUMENAU,4ª VARA DO TRABALHO DE BLUMENAU,DESTINATARIA,2026-07-15 14:25:15,REDISTRIBUICAO,VALIDA,
0001684-16.2026.5.12.0025,0001684-16.2026.5.12.0025,1,VARA DO TRABALHO DE XANXERE,VARA DO TRABALHO DE XANXERÊ,CEDENTE,2026-07-17 17:40:10,3 VARA DO TRABALHO DE LAGES - TRIAGEM DE EQUALIZACAO,3ª VARA DO TRABALHO DE LAGES - TRIAGEM DE EQUALIZAÇÃO,REDISTRIBUICAO,3 VARA DO TRABALHO DE LAGES,3ª VARA DO TRABALHO DE LAGES,DESTINATARIA,2026-07-17 18:14:52,REDISTRIBUICAO,VALIDA,
0001685-93.2026.5.12.0059,0001685-93.2026.5.12.0059,1,VARA DO TRABALHO DE PALHOCA,VARA DO TRABALHO DE PALHOÇA,CEDENTE,2026-07-15 17:46:09,VARA DO TRABALHO DE FRAIBURGO - TRIAGEM DE EQUALIZACAO,VARA DO TRABALHO DE FRAIBURGO - TRIAGEM DE EQUALIZAÇÃO,REDISTRIBUICAO,VARA DO TRABALHO DE FRAIBURGO,VARA DO TRABALHO DE FRAIBURGO,DESTINATARIA,2026-07-15 18:19:07,REDISTRIBUICAO,VALIDA,
0001686-78.2026.5.12.0059,0001686-78.2026.5.12.0059,1,VARA DO TRABALHO DE PALHOCA,VARA DO TRABALHO DE PALHOÇA,CEDENTE,2026-07-15 17:46:22,3 VARA DO TRABALHO DE BLUMENAU - TRIAGEM DE EQUALIZACAO,3ª VARA DO TRABALHO DE BLUMENAU - TRIAGEM DE EQUALIZAÇÃO,REDISTRIBUICAO,3 VARA DO TRABALHO DE BLUMENAU,3ª VARA DO TRABALHO DE BLUMENAU,DESTINATARIA,2026-07-15 18:13:43,REDISTRIBUICAO,VALIDA,
0001686-83.2026.5.12.0025,0001686-83.2026.5.12.0025,1,VARA DO TRABALHO DE XANXERE,VARA DO TRABALHO DE XANXERÊ,CEDENTE,2026-07-17 14:03:48,VARA DO TRABALHO DE SAO BENTO DO SUL - TRIAGEM DE EQUALIZACAO,VARA DO TRABALHO DE SÃO BENTO DO SUL - TRIAGEM DE EQUALIZAÇÃO,REDISTRIBUICAO,VARA DO TRABALHO DE SAO BENTO DO SUL,VARA DO TRABALHO DE SÃO BENTO DO SUL,DESTINATARIA,2026-07-17 18:23:16,REDISTRIBUICAO,VALIDA,
0001687-63.2026.5.12.0059,0001687-63.2026.5.12.0059,1,VARA DO TRABALHO DE PALHOCA,VARA DO TRABALHO DE PALHOÇA,CEDENTE,2026-07-15 17:46:35,1 VARA DO TRABALHO DE BRUSQUE - TRIAGEM DE EQUALIZACAO,1ª VARA DO TRABALHO DE BRUSQUE - TRIAGEM DE EQUALIZAÇÃO,REDISTRIBUICAO,1 VARA DO TRABALHO DE BRUSQUE,1ª VARA DO TRABALHO DE BRUSQUE,DESTINATARIA,2026-07-15 18:06:35,REDISTRIBUICAO,VALIDA,
0001687-68.2026.5.12.0025,0001687-68.2026.5.12.0025,1,VARA DO TRABALHO DE XANXERE,VARA DO TRABALHO DE XANXERÊ,CEDENTE,2026-07-17 14:04:01,2 VARA DO TRABALHO DE BLUMENAU - TRIAGEM DE EQUALIZACAO,2ª VARA DO TRABALHO DE BLUMENAU - TRIAGEM DE EQUALIZAÇÃO,REDISTRIBUICAO,2 VARA DO TRABALHO DE BLUMENAU,2ª VARA DO TRABALHO DE BLUMENAU,DESTINATARIA,2026-07-17 14:21:01,REDISTRIBUICAO,VALIDA,
0001688-48.2026.5.12.0059,0001688-48.2026.5.12.0059,1,VARA DO TRABALHO DE PALHOCA,VARA DO TRABALHO DE PALHOÇA,CEDENTE,2026-07-15 17:46:49,VARA DO TRABALHO DE MAFRA - TRIAGEM DE EQUALIZACAO,VARA DO TRABALHO DE MAFRA - TRIAGEM DE EQUALIZAÇÃO,REDISTRIBUICAO,VARA DO TRABALHO DE MAFRA,VARA DO TRABALHO DE MAFRA,DESTINATARIA,2026-07-15 18:21:11,REDISTRIBUICAO,VALIDA,
0001688-53.2026.5.12.0025,0001688-53.2026.5.12.0025,1,VARA DO TRABALHO DE XANXERE,VARA DO TRABALHO DE XANXERÊ,CEDENTE,2026-07-17 14:04:13,VARA DO TRABALHO DE INDAIAL - TRIAGEM DE EQUALIZACAO,VARA DO TRABALHO DE INDAIAL - TRIAGEM DE EQUALIZAÇÃO,REDISTRIBUICAO,VARA DO TRABALHO DE INDAIAL,VARA DO TRABALHO DE INDAIAL,DESTINATARIA,2026-07-17 14:31:58,REDISTRIBUICAO,VALIDA,
0001689-33.2026.5.12.0059,0001689-33.2026.5.12.0059,1,VARA DO TRABALHO DE PALHOCA,VARA DO TRABALHO DE PALHOÇA,CEDENTE,2026-07-15 17:47:02,VARA DO TRABALHO DE MAFRA - TRIAGEM DE EQUALIZACAO,VARA DO TRABALHO DE MAFRA - TRIAGEM DE EQUALIZAÇÃO,REDISTRIBUICAO,VARA DO TRABALHO DE MAFRA,VARA DO TRABALHO DE MAFRA,DESTINATARIA,2026-07-15 18:21:28,REDISTRIBUICAO,VALIDA,
0001689-38.2026.5.12.0025,0001689-38.2026.5.12.0025,1,VARA DO TRABALHO DE XANXERE,VARA DO TRABALHO DE XANXERÊ,CEDENTE,2026-07-17 14:04:25,VARA DO TRABALHO DE FRAIBURGO - TRIAGEM DE EQUALIZACAO,VARA DO TRABALHO DE FRAIBURGO - TRIAGEM DE EQUALIZAÇÃO,REDISTRIBUICAO,VARA DO TRABALHO DE FRAIBURGO,VARA DO TRABALHO DE FRAIBURGO,DESTINATARIA,2026-07-17 14:30:49,REDISTRIBUICAO,VALIDA,
0001690-18.2026.5.12.0059,0001690-18.2026.5.12.0059,1,VARA DO TRABALHO DE PALHOCA,VARA DO TRABALHO DE PALHOÇA,CEDENTE,2026-07-15 17:47:16,1 VARA DO TRABALHO DE TUBARAO - TRIAGEM DE EQUALIZACAO,1ª VARA DO TRABALHO DE TUBARÃO - TRIAGEM DE EQUALIZAÇÃO,REDISTRIBUICAO,1 VARA DO TRABALHO DE TUBARAO,1ª VARA DO TRABALHO DE TUBARÃO,DESTINATARIA,2026-07-15 18:08:29,REDISTRIBUICAO,VALIDA,
0001690-23.2026.5.12.0025,0001690-23.2026.5.12.0025,1,VARA DO TRABALHO DE XANXERE,VARA DO TRABALHO DE XANXERÊ,CEDENTE,2026-07-17 14:09:46,3 VARA DO TRABALHO DE BLUMENAU - TRIAGEM DE EQUALIZACAO,3ª VARA DO TRABALHO DE BLUMENAU - TRIAGEM DE EQUALIZAÇÃO,REDISTRIBUICAO,3 VARA DO TRABALHO DE BLUMENAU,3ª VARA DO TRABALHO DE BLUMENAU,DESTINATARIA,2026-07-17 14:24:11,REDISTRIBUICAO,VALIDA,
0001691-03.2026.5.12.0059,0001691-03.2026.5.12.0059,1,VARA DO TRABALHO DE PALHOCA,VARA DO TRABALHO DE PALHOÇA,CEDENTE,2026-07-15 17:47:29,1 VARA DO TRABALHO DE LAGES - TRIAGEM DE EQUALIZACAO,1ª VARA DO TRABALHO DE LAGES - TRIAGEM DE EQUALIZAÇÃO,REDISTRIBUICAO,1 VARA DO TRABALHO DE LAGES,1ª VARA DO TRABALHO DE LAGES,DESTINATARIA,2026-07-15 18:07:18,REDISTRIBUICAO,VALIDA,
0001692-85.2026.5.12.0059,0001692-85.2026.5.12.0059,1,VARA DO TRABALHO DE PALHOCA,VARA DO TRABALHO DE PALHOÇA,CEDENTE,2026-07-15 17:47:42,3 VARA DO TRABALHO DE LAGES - TRIAGEM DE EQUALIZACAO,3ª VARA DO TRABALHO DE LAGES - TRIAGEM DE EQUALIZAÇÃO,REDISTRIBUICAO,3 VARA DO TRABALHO DE LAGES,3ª VARA DO TRABALHO DE LAGES,DESTINATARIA,2026-07-15 18:13:58,REDISTRIBUICAO,VALIDA,
0001692-90.2026.5.12.0025,0001692-90.2026.5.12.0025,1,VARA DO TRABALHO DE XANXERE,VARA DO TRABALHO DE XANXERÊ,CEDENTE,2026-07-17 17:46:34,1 VARA DO TRABALHO DE BRUSQUE - TRIAGEM DE EQUALIZACAO,1ª VARA DO TRABALHO DE BRUSQUE - TRIAGEM DE EQUALIZAÇÃO,REDISTRIBUICAO,1 VARA DO TRABALHO DE BRUSQUE,1ª VARA DO TRABALHO DE BRUSQUE,DESTINATARIA,2026-07-17 18:09:09,REDISTRIBUICAO,VALIDA,
0001693-75.2026.5.12.0025,0001693-75.2026.5.12.0025,1,VARA DO TRABALHO DE XANXERE,VARA DO TRABALHO DE XANXERÊ,CEDENTE,2026-07-17 17:40:24,VARA DO TRABALHO DE INDAIAL - TRIAGEM DE EQUALIZACAO,VARA DO TRABALHO DE INDAIAL - TRIAGEM DE EQUALIZAÇÃO,REDISTRIBUICAO,VARA DO TRABALHO DE INDAIAL,VARA DO TRABALHO DE INDAIAL,DESTINATARIA,2026-07-17 18:20:54,REDISTRIBUICAO,VALIDA,
0001694-55.2026.5.12.0059,0001694-55.2026.5.12.0059,1,VARA DO TRABALHO DE PALHOCA,VARA DO TRABALHO DE PALHOÇA,CEDENTE,2026-07-16 15:03:45,3 VARA DO TRABALHO DE LAGES - TRIAGEM DE EQUALIZACAO,3ª VARA DO TRABALHO DE LAGES - TRIAGEM DE EQUALIZAÇÃO,REDISTRIBUICAO,3 VARA DO TRABALHO DE LAGES,3ª VARA DO TRABALHO DE LAGES,DESTINATARIA,2026-07-16 15:19:02,REDISTRIBUICAO,VALIDA,
0001694-60.2026.5.12.0025,0001694-60.2026.5.12.0025,1,VARA DO TRABALHO DE XANXERE,VARA DO TRABALHO DE XANXERÊ,CEDENTE,2026-07-17 17:40:35,VARA DO TRABALHO DE SAO BENTO DO SUL - TRIAGEM DE EQUALIZACAO,VARA DO TRABALHO DE SÃO BENTO DO SUL - TRIAGEM DE EQUALIZAÇÃO,REDISTRIBUICAO,VARA DO TRABALHO DE SAO BENTO DO SUL,VARA DO TRABALHO DE SÃO BENTO DO SUL,DESTINATARIA,2026-07-17 18:23:28,REDISTRIBUICAO,VALIDA,
0001695-40.2026.5.12.0059,0001695-40.2026.5.12.0059,1,VARA DO TRABALHO DE PALHOCA,VARA DO TRABALHO DE PALHOÇA,CEDENTE,2026-07-16 15:03:57,VARA DO TRABALHO DE CURITIBANOS - TRIAGEM DE EQUALIZACAO,VARA DO TRABALHO DE CURITIBANOS - TRIAGEM DE EQUALIZAÇÃO,REDISTRIBUICAO,VARA DO TRABALHO DE CURITIBANOS,VARA DO TRABALHO DE CURITIBANOS,DESTINATARIA,2026-07-16 15:57:15,REDISTRIBUICAO,VALIDA,
0001695-45.2026.5.12.0025,0001695-45.2026.5.12.0025,1,VARA DO TRABALHO DE XANXERE,VARA DO TRABALHO DE XANXERÊ,CEDENTE,2026-07-17 17:40:46,3 VARA DO TRABALHO DE LAGES - TRIAGEM DE EQUALIZACAO,3ª VARA DO TRABALHO DE LAGES - TRIAGEM DE EQUALIZAÇÃO,REDISTRIBUICAO,3 VARA DO TRABALHO DE LAGES,3ª VARA DO TRABALHO DE LAGES,DESTINATARIA,2026-07-17 18:15:04,REDISTRIBUICAO,VALIDA,
0001696-25.2026.5.12.0059,0001696-25.2026.5.12.0059,1,VARA DO TRABALHO DE PALHOCA,VARA DO TRABALHO DE PALHOÇA,CEDENTE,2026-07-16 15:04:09,2 VARA DO TRABALHO DE TUBARAO - TRIAGEM DE EQUALIZACAO,2ª VARA DO TRABALHO DE TUBARÃO - TRIAGEM DE EQUALIZAÇÃO,REDISTRIBUICAO,2 VARA DO TRABALHO DE TUBARAO,2ª VARA DO TRABALHO DE TUBARÃO,DESTINATARIA,2026-07-16 15:55:55,REDISTRIBUICAO,VALIDA,
0001696-30.2026.5.12.0025,0001696-30.2026.5.12.0025,1,VARA DO TRABALHO DE XANXERE,VARA DO TRABALHO DE XANXERÊ,CEDENTE,2026-07-17 17:40:59,3 VARA DO TRABALHO DE BLUMENAU - TRIAGEM DE EQUALIZACAO,3ª VARA DO TRABALHO DE BLUMENAU - TRIAGEM DE EQUALIZAÇÃO,REDISTRIBUICAO,3 VARA DO TRABALHO DE BLUMENAU,3ª VARA DO TRABALHO DE BLUMENAU,DESTINATARIA,2026-07-17 18:14:14,REDISTRIBUICAO,VALIDA,
0001697-15.2026.5.12.0025,0001697-15.2026.5.12.0025,1,VARA DO TRABALHO DE XANXERE,VARA DO TRABALHO DE XANXERÊ,CEDENTE,2026-07-17 17:46:45,1 VARA DO TRABALHO DE LAGES - TRIAGEM DE EQUALIZACAO,1ª VARA DO TRABALHO DE LAGES - TRIAGEM DE EQUALIZAÇÃO,REDISTRIBUICAO,1 VARA DO TRABALHO DE LAGES,1ª VARA DO TRABALHO DE LAGES,DESTINATARIA,2026-07-17 18:09:47,REDISTRIBUICAO,VALIDA,
0001698-92.2026.5.12.0059,0001698-92.2026.5.12.0059,1,VARA DO TRABALHO DE PALHOCA,VARA DO TRABALHO DE PALHOÇA,CEDENTE,2026-07-16 15:04:21,2 VARA DO TRABALHO DE LAGES - TRIAGEM DE EQUALIZACAO,2ª VARA DO TRABALHO DE LAGES - TRIAGEM DE EQUALIZAÇÃO,REDISTRIBUICAO,2 VARA DO TRABALHO DE LAGES,2ª VARA DO TRABALHO DE LAGES,DESTINATARIA,2026-07-16 15:15:46,REDISTRIBUICAO,VALIDA,
0001698-97.2026.5.12.0025,0001698-97.2026.5.12.0025,1,VARA DO TRABALHO DE XANXERE,VARA DO TRABALHO DE XANXERÊ,CEDENTE,2026-07-17 17:41:12,VARA DO TRABALHO DE INDAIAL - TRIAGEM DE EQUALIZACAO,VARA DO TRABALHO DE INDAIAL - TRIAGEM DE EQUALIZAÇÃO,REDISTRIBUICAO,VARA DO TRABALHO DE INDAIAL,VARA DO TRABALHO DE INDAIAL,DESTINATARIA,2026-07-17 18:21:06,REDISTRIBUICAO,VALIDA,
0001699-77.2026.5.12.0059,0001699-77.2026.5.12.0059,1,VARA DO TRABALHO DE PALHOCA,VARA DO TRABALHO DE PALHOÇA,CEDENTE,2026-07-16 15:04:34,1 VARA DO TRABALHO DE TUBARAO - TRIAGEM DE EQUALIZACAO,1ª VARA DO TRABALHO DE TUBARÃO - TRIAGEM DE EQUALIZAÇÃO,REDISTRIBUICAO,1 VARA DO TRABALHO DE TUBARAO,1ª VARA DO TRABALHO DE TUBARÃO,DESTINATARIA,2026-07-16 15:14:00,REDISTRIBUICAO,VALIDA,
0001699-82.2026.5.12.0025,0001699-82.2026.5.12.0025,1,VARA DO TRABALHO DE XANXERE,VARA DO TRABALHO DE XANXERÊ,CEDENTE,2026-07-17 17:41:23,VARA DO TRABALHO DE CURITIBANOS - TRIAGEM DE EQUALIZACAO,VARA DO TRABALHO DE CURITIBANOS - TRIAGEM DE EQUALIZAÇÃO,REDISTRIBUICAO,VARA DO TRABALHO DE CURITIBANOS,VARA DO TRABALHO DE CURITIBANOS,DESTINATARIA,2026-07-17 18:18:32,REDISTRIBUICAO,VALIDA,
0001700-67.2026.5.12.0025,0001700-67.2026.5.12.0025,1,VARA DO TRABALHO DE XANXERE,VARA DO TRABALHO DE XANXERÊ,CEDENTE,2026-07-20 14:10:34,2 VARA DO TRABALHO DE TUBARAO - TRIAGEM DE EQUALIZACAO,2ª VARA DO TRABALHO DE TUBARÃO - TRIAGEM DE EQUALIZAÇÃO,REDISTRIBUICAO,2 VARA DO TRABALHO DE TUBARAO,2ª VARA DO TRABALHO DE TUBARÃO,DESTINATARIA,2026-07-20 14:37:47,REDISTRIBUICAO,VALIDA,
0001701-47.2026.5.12.0059,0001701-47.2026.5.12.0059,1,VARA DO TRABALHO DE PALHOCA,VARA DO TRABALHO DE PALHOÇA,CEDENTE,2026-07-16 15:04:46,VARA DO TRABALHO DE FRAIBURGO - TRIAGEM DE EQUALIZACAO,VARA DO TRABALHO DE FRAIBURGO - TRIAGEM DE EQUALIZAÇÃO,REDISTRIBUICAO,VARA DO TRABALHO DE FRAIBURGO,VARA DO TRABALHO DE FRAIBURGO,DESTINATARIA,2026-07-16 15:58:21,REDISTRIBUICAO,VALIDA,
0001701-52.2026.5.12.0025,0001701-52.2026.5.12.0025,1,VARA DO TRABALHO DE XANXERE,VARA DO TRABALHO DE XANXERÊ,CEDENTE,2026-07-20 17:08:17,4 VARA DO TRABALHO DE BLUMENAU - TRIAGEM DE EQUALIZACAO,4ª VARA DO TRABALHO DE BLUMENAU - TRIAGEM DE EQUALIZAÇÃO,REDISTRIBUICAO,4 VARA DO TRABALHO DE BLUMENAU,4ª VARA DO TRABALHO DE BLUMENAU,DESTINATARIA,2026-07-20 17:24:14,REDISTRIBUICAO,VALIDA,
0001702-32.2026.5.12.0059,0001702-32.2026.5.12.0059,1,VARA DO TRABALHO DE PALHOCA,VARA DO TRABALHO DE PALHOÇA,CEDENTE,2026-07-16 18:14:01,3 VARA DO TRABALHO DE LAGES - TRIAGEM DE EQUALIZACAO,3ª VARA DO TRABALHO DE LAGES - TRIAGEM DE EQUALIZAÇÃO,REDISTRIBUICAO,3 VARA DO TRABALHO DE LAGES,3ª VARA DO TRABALHO DE LAGES,DESTINATARIA,2026-07-16 18:36:00,REDISTRIBUICAO,VALIDA,
0001702-37.2026.5.12.0025,0001702-37.2026.5.12.0025,1,VARA DO TRABALHO DE XANXERE,VARA DO TRABALHO DE XANXERÊ,CEDENTE,2026-07-20 14:11:24,VARA DO TRABALHO DE CANOINHAS - TRIAGEM DE EQUALIZACAO,VARA DO TRABALHO DE CANOINHAS - TRIAGEM DE EQUALIZAÇÃO,REDISTRIBUICAO,VARA DO TRABALHO DE CANOINHAS,VARA DO TRABALHO DE CANOINHAS,DESTINATARIA,2026-07-20 14:41:27,REDISTRIBUICAO,VALIDA,
0001703-17.2026.5.12.0059,0001703-17.2026.5.12.0059,1,VARA DO TRABALHO DE PALHOCA,VARA DO TRABALHO DE PALHOÇA,CEDENTE,2026-07-16 18:14:13,VARA DO TRABALHO DE INDAIAL - TRIAGEM DE EQUALIZACAO,VARA DO TRABALHO DE INDAIAL - TRIAGEM DE EQUALIZAÇÃO,REDISTRIBUICAO,VARA DO TRABALHO DE INDAIAL,VARA DO TRABALHO DE INDAIAL,DESTINATARIA,2026-07-16 18:47:51,REDISTRIBUICAO,VALIDA,
0001703-22.2026.5.12.0025,0001703-22.2026.5.12.0025,1,VARA DO TRABALHO DE XANXERE,VARA DO TRABALHO DE XANXERÊ,CEDENTE,2026-07-20 14:11:37,3 VARA DO TRABALHO DE LAGES - TRIAGEM DE EQUALIZACAO,3ª VARA DO TRABALHO DE LAGES - TRIAGEM DE EQUALIZAÇÃO,REDISTRIBUICAO,3 VARA DO TRABALHO DE LAGES,3ª VARA DO TRABALHO DE LAGES,DESTINATARIA,2026-07-20 14:39:36,REDISTRIBUICAO,VALIDA,
0001704-02.2026.5.12.0059,0001704-02.2026.5.12.0059,1,VARA DO TRABALHO DE PALHOCA,VARA DO TRABALHO DE PALHOÇA,CEDENTE,2026-07-16 18:14:25,2 VARA DO TRABALHO DE LAGES - TRIAGEM DE EQUALIZACAO,2ª VARA DO TRABALHO DE LAGES - TRIAGEM DE EQUALIZAÇÃO,REDISTRIBUICAO,2 VARA DO TRABALHO DE LAGES,2ª VARA DO TRABALHO DE LAGES,DESTINATARIA,2026-07-16 18:40:45,REDISTRIBUICAO,VALIDA,
0001704-07.2026.5.12.0025,0001704-07.2026.5.12.0025,1,VARA DO TRABALHO DE XANXERE,VARA DO TRABALHO DE XANXERÊ,CEDENTE,2026-07-20 14:11:51,1 VARA DO TRABALHO DE BLUMENAU - TRIAGEM DE EQUALIZACAO,1ª VARA DO TRABALHO DE BLUMENAU - TRIAGEM DE EQUALIZAÇÃO,REDISTRIBUICAO,1 VARA DO TRABALHO DE BLUMENAU,1ª VARA DO TRABALHO DE BLUMENAU,DESTINATARIA,2026-07-20 14:34:27,REDISTRIBUICAO,VALIDA,
0001705-84.2026.5.12.0059,0001705-84.2026.5.12.0059,1,VARA DO TRABALHO DE PALHOCA,VARA DO TRABALHO DE PALHOÇA,CEDENTE,2026-07-16 18:14:37,VARA DO TRABALHO DE MAFRA - TRIAGEM DE EQUALIZACAO,VARA DO TRABALHO DE MAFRA - TRIAGEM DE EQUALIZAÇÃO,REDISTRIBUICAO,VARA DO TRABALHO DE MAFRA,VARA DO TRABALHO DE MAFRA,DESTINATARIA,2026-07-16 18:48:16,REDISTRIBUICAO,VALIDA,
0001705-89.2026.5.12.0025,0001705-89.2026.5.12.0025,1,VARA DO TRABALHO DE XANXERE,VARA DO TRABALHO DE XANXERÊ,CEDENTE,2026-07-20 14:12:04,VARA DO TRABALHO DE CANOINHAS - TRIAGEM DE EQUALIZACAO,VARA DO TRABALHO DE CANOINHAS - TRIAGEM DE EQUALIZAÇÃO,REDISTRIBUICAO,VARA DO TRABALHO DE CANOINHAS,VARA DO TRABALHO DE CANOINHAS,DESTINATARIA,2026-07-20 14:41:41,REDISTRIBUICAO,VALIDA,
0001706-69.2026.5.12.0059,0001706-69.2026.5.12.0059,1,VARA DO TRABALHO DE PALHOCA,VARA DO TRABALHO DE PALHOÇA,CEDENTE,2026-07-17 14:01:20,3 VARA DO TRABALHO DE BLUMENAU - TRIAGEM DE EQUALIZACAO,3ª VARA DO TRABALHO DE BLUMENAU - TRIAGEM DE EQUALIZAÇÃO,REDISTRIBUICAO,3 VARA DO TRABALHO DE BLUMENAU,3ª VARA DO TRABALHO DE BLUMENAU,DESTINATARIA,2026-07-17 14:24:25,REDISTRIBUICAO,VALIDA,
0001706-74.2026.5.12.0025,0001706-74.2026.5.12.0025,1,VARA DO TRABALHO DE XANXERE,VARA DO TRABALHO DE XANXERÊ,CEDENTE,2026-07-20 14:12:18,2 VARA DO TRABALHO DE TUBARAO - TRIAGEM DE EQUALIZACAO,2ª VARA DO TRABALHO DE TUBARÃO - TRIAGEM DE EQUALIZAÇÃO,REDISTRIBUICAO,2 VARA DO TRABALHO DE TUBARAO,2ª VARA DO TRABALHO DE TUBARÃO,DESTINATARIA,2026-07-20 14:38:00,REDISTRIBUICAO,VALIDA,
0001707-54.2026.5.12.0059,0001707-54.2026.5.12.0059,1,VARA DO TRABALHO DE PALHOCA,VARA DO TRABALHO DE PALHOÇA,CEDENTE,2026-07-17 14:01:33,1 VARA DO TRABALHO DE TUBARAO - TRIAGEM DE EQUALIZACAO,1ª VARA DO TRABALHO DE TUBARÃO - TRIAGEM DE EQUALIZAÇÃO,REDISTRIBUICAO,1 VARA DO TRABALHO DE TUBARAO,1ª VARA DO TRABALHO DE TUBARÃO,DESTINATARIA,2026-07-17 14:20:08,REDISTRIBUICAO,VALIDA,
0001707-59.2026.5.12.0025,0001707-59.2026.5.12.0025,1,VARA DO TRABALHO DE XANXERE,VARA DO TRABALHO DE XANXERÊ,CEDENTE,2026-07-20 17:08:27,2 VARA DO TRABALHO DE TUBARAO - TRIAGEM DE EQUALIZACAO,2ª VARA DO TRABALHO DE TUBARÃO - TRIAGEM DE EQUALIZAÇÃO,REDISTRIBUICAO,2 VARA DO TRABALHO DE TUBARAO,2ª VARA DO TRABALHO DE TUBARÃO,DESTINATARIA,2026-07-20 17:23:16,REDISTRIBUICAO,VALIDA,
0001707-89.2026.5.12.0015,0001707-89.2026.5.12.0015,1,VARA DO TRABALHO DE SAO MIGUEL DO OESTE,VARA DO TRABALHO DE SÃO MIGUEL DO OESTE,CEDENTE,2026-07-13 14:32:10,2 VARA DO TRABALHO DE BRUSQUE - TRIAGEM DE EQUALIZACAO,2ª VARA DO TRABALHO DE BRUSQUE - TRIAGEM DE EQUALIZAÇÃO,REDISTRIBUICAO,2 VARA DO TRABALHO DE BRUSQUE,2ª VARA DO TRABALHO DE BRUSQUE,DESTINATARIA,2026-07-13 14:45:06,REDISTRIBUICAO,VALIDA,
0001708-39.2026.5.12.0059,0001708-39.2026.5.12.0059,1,VARA DO TRABALHO DE PALHOCA,VARA DO TRABALHO DE PALHOÇA,CEDENTE,2026-07-17 14:09:19,VARA DO TRABALHO DE FRAIBURGO - TRIAGEM DE EQUALIZACAO,VARA DO TRABALHO DE FRAIBURGO - TRIAGEM DE EQUALIZAÇÃO,REDISTRIBUICAO,VARA DO TRABALHO DE FRAIBURGO,VARA DO TRABALHO DE FRAIBURGO,DESTINATARIA,2026-07-17 14:31:03,REDISTRIBUICAO,VALIDA,
0001708-44.2026.5.12.0025,0001708-44.2026.5.12.0025,1,VARA DO TRABALHO DE XANXERE,VARA DO TRABALHO DE XANXERÊ,CEDENTE,2026-07-20 14:12:31,2 VARA DO TRABALHO DE LAGES - TRIAGEM DE EQUALIZACAO,2ª VARA DO TRABALHO DE LAGES - TRIAGEM DE EQUALIZAÇÃO,REDISTRIBUICAO,2 VARA DO TRABALHO DE LAGES,2ª VARA DO TRABALHO DE LAGES,DESTINATARIA,2026-07-20 14:36:49,REDISTRIBUICAO,VALIDA,
0001709-29.2026.5.12.0025,0001709-29.2026.5.12.0025,1,VARA DO TRABALHO DE XANXERE,VARA DO TRABALHO DE XANXERÊ,CEDENTE,2026-07-20 14:12:47,4 VARA DO TRABALHO DE BLUMENAU - TRIAGEM DE EQUALIZACAO,4ª VARA DO TRABALHO DE BLUMENAU - TRIAGEM DE EQUALIZAÇÃO,REDISTRIBUICAO,4 VARA DO TRABALHO DE BLUMENAU,4ª VARA DO TRABALHO DE BLUMENAU,DESTINATARIA,2026-07-20 14:40:33,REDISTRIBUICAO,VALIDA,
0001710-09.2026.5.12.0059,0001710-09.2026.5.12.0059,1,VARA DO TRABALHO DE PALHOCA,VARA DO TRABALHO DE PALHOÇA,CEDENTE,2026-07-17 14:02:22,1 VARA DO TRABALHO DE BLUMENAU - TRIAGEM DE EQUALIZACAO,1ª VARA DO TRABALHO DE BLUMENAU - TRIAGEM DE EQUALIZAÇÃO,REDISTRIBUICAO,1 VARA DO TRABALHO DE BLUMENAU,1ª VARA DO TRABALHO DE BLUMENAU,DESTINATARIA,2026-07-17 14:18:02,REDISTRIBUICAO,VALIDA,
0001710-14.2026.5.12.0025,0001710-14.2026.5.12.0025,1,VARA DO TRABALHO DE XANXERE,VARA DO TRABALHO DE XANXERÊ,CEDENTE,2026-07-20 17:08:36,VARA DO TRABALHO DE MAFRA - TRIAGEM DE EQUALIZACAO,VARA DO TRABALHO DE MAFRA - TRIAGEM DE EQUALIZAÇÃO,REDISTRIBUICAO,VARA DO TRABALHO DE MAFRA,VARA DO TRABALHO DE MAFRA,DESTINATARIA,2026-07-20 17:25:23,REDISTRIBUICAO,VALIDA,
0001711-29.2026.5.12.0015,0001711-29.2026.5.12.0015,1,VARA DO TRABALHO DE SAO MIGUEL DO OESTE,VARA DO TRABALHO DE SÃO MIGUEL DO OESTE,CEDENTE,2026-07-13 17:55:51,VARA DO TRABALHO DE MAFRA - TRIAGEM DE EQUALIZACAO,VARA DO TRABALHO DE MAFRA - TRIAGEM DE EQUALIZAÇÃO,REDISTRIBUICAO,VARA DO TRABALHO DE MAFRA,VARA DO TRABALHO DE MAFRA,DESTINATARIA,2026-07-13 18:18:16,REDISTRIBUICAO,VALIDA,
0001711-91.2026.5.12.0059,0001711-91.2026.5.12.0059,1,VARA DO TRABALHO DE PALHOCA,VARA DO TRABALHO DE PALHOÇA,CEDENTE,2026-07-17 14:02:35,2 VARA DO TRABALHO DE BRUSQUE - TRIAGEM DE EQUALIZACAO,2ª VARA DO TRABALHO DE BRUSQUE - TRIAGEM DE EQUALIZAÇÃO,REDISTRIBUICAO,2 VARA DO TRABALHO DE BRUSQUE,2ª VARA DO TRABALHO DE BRUSQUE,DESTINATARIA,2026-07-17 14:21:43,REDISTRIBUICAO,VALIDA,
0001711-96.2026.5.12.0025,0001711-96.2026.5.12.0025,1,VARA DO TRABALHO DE XANXERE,VARA DO TRABALHO DE XANXERÊ,CEDENTE,2026-07-20 14:13:38,VARA DO TRABALHO DE MAFRA - TRIAGEM DE EQUALIZACAO,VARA DO TRABALHO DE MAFRA - TRIAGEM DE EQUALIZAÇÃO,REDISTRIBUICAO,VARA DO TRABALHO DE MAFRA,VARA DO TRABALHO DE MAFRA,DESTINATARIA,2026-07-20 14:42:53,REDISTRIBUICAO,VALIDA,
0001712-14.2026.5.12.0015,0001712-14.2026.5.12.0015,1,VARA DO TRABALHO DE SAO MIGUEL DO OESTE,VARA DO TRABALHO DE SÃO MIGUEL DO OESTE,CEDENTE,2026-07-13 18:00:10,2 VARA DO TRABALHO DE LAGES - TRIAGEM DE EQUALIZACAO,2ª VARA DO TRABALHO DE LAGES - TRIAGEM DE EQUALIZAÇÃO,REDISTRIBUICAO,2 VARA DO TRABALHO DE LAGES,2ª VARA DO TRABALHO DE LAGES,DESTINATARIA,2026-07-13 18:10:14,REDISTRIBUICAO,VALIDA,
0001712-76.2026.5.12.0059,0001712-76.2026.5.12.0059,1,VARA DO TRABALHO DE PALHOCA,VARA DO TRABALHO DE PALHOÇA,CEDENTE,2026-07-17 14:02:48,VARA DO TRABALHO DE MAFRA - TRIAGEM DE EQUALIZACAO,VARA DO TRABALHO DE MAFRA - TRIAGEM DE EQUALIZAÇÃO,REDISTRIBUICAO,VARA DO TRABALHO DE MAFRA,VARA DO TRABALHO DE MAFRA,DESTINATARIA,2026-07-17 14:32:53,REDISTRIBUICAO,VALIDA,
0001712-81.2026.5.12.0025,0001712-81.2026.5.12.0025,1,VARA DO TRABALHO DE XANXERE,VARA DO TRABALHO DE XANXERÊ,CEDENTE,2026-07-20 17:08:45,1 VARA DO TRABALHO DE BLUMENAU - TRIAGEM DE EQUALIZACAO,1ª VARA DO TRABALHO DE BLUMENAU - TRIAGEM DE EQUALIZAÇÃO,REDISTRIBUICAO,1 VARA DO TRABALHO DE BLUMENAU,1ª VARA DO TRABALHO DE BLUMENAU,DESTINATARIA,2026-07-20 17:20:35,REDISTRIBUICAO,VALIDA,
0001713-61.2026.5.12.0059,0001713-61.2026.5.12.0059,1,VARA DO TRABALHO DE PALHOCA,VARA DO TRABALHO DE PALHOÇA,CEDENTE,2026-07-17 17:38:41,1 VARA DO TRABALHO DE BLUMENAU - TRIAGEM DE EQUALIZACAO,1ª VARA DO TRABALHO DE BLUMENAU - TRIAGEM DE EQUALIZAÇÃO,REDISTRIBUICAO,1 VARA DO TRABALHO DE BLUMENAU,1ª VARA DO TRABALHO DE BLUMENAU,DESTINATARIA,2026-07-17 18:08:33,REDISTRIBUICAO,VALIDA,
0001713-96.2026.5.12.0015,0001713-96.2026.5.12.0015,1,VARA DO TRABALHO DE SAO MIGUEL DO OESTE,VARA DO TRABALHO DE SÃO MIGUEL DO OESTE,CEDENTE,2026-07-13 17:56:39,3 VARA DO TRABALHO DE BLUMENAU - TRIAGEM DE EQUALIZACAO,3ª VARA DO TRABALHO DE BLUMENAU - TRIAGEM DE EQUALIZAÇÃO,REDISTRIBUICAO,3 VARA DO TRABALHO DE BLUMENAU,3ª VARA DO TRABALHO DE BLUMENAU,DESTINATARIA,2026-07-13 18:11:48,REDISTRIBUICAO,VALIDA,
0001714-46.2026.5.12.0059,0001714-46.2026.5.12.0059,1,VARA DO TRABALHO DE PALHOCA,VARA DO TRABALHO DE PALHOÇA,CEDENTE,2026-07-17 17:38:53,2 VARA DO TRABALHO DE BLUMENAU - TRIAGEM DE EQUALIZACAO,2ª VARA DO TRABALHO DE BLUMENAU - TRIAGEM DE EQUALIZAÇÃO,REDISTRIBUICAO,2 VARA DO TRABALHO DE BLUMENAU,2ª VARA DO TRABALHO DE BLUMENAU,DESTINATARIA,2026-07-17 18:11:16,REDISTRIBUICAO,VALIDA,
0001714-51.2026.5.12.0025,0001714-51.2026.5.12.0025,1,VARA DO TRABALHO DE XANXERE,VARA DO TRABALHO DE XANXERÊ,CEDENTE,2026-07-20 17:08:55,2 VARA DO TRABALHO DE BLUMENAU - TRIAGEM DE EQUALIZACAO,2ª VARA DO TRABALHO DE BLUMENAU - TRIAGEM DE EQUALIZAÇÃO,REDISTRIBUICAO,2 VARA DO TRABALHO DE BLUMENAU,2ª VARA DO TRABALHO DE BLUMENAU,DESTINATARIA,2026-07-20 17:21:20,REDISTRIBUICAO,VALIDA,
0001714-81.2026.5.12.0015,0001714-81.2026.5.12.0015,1,VARA DO TRABALHO DE SAO MIGUEL DO OESTE,VARA DO TRABALHO DE SÃO MIGUEL DO OESTE,CEDENTE,2026-07-13 17:56:52,VARA DO TRABALHO DE FRAIBURGO - TRIAGEM DE EQUALIZACAO,VARA DO TRABALHO DE FRAIBURGO - TRIAGEM DE EQUALIZAÇÃO,REDISTRIBUICAO,VARA DO TRABALHO DE FRAIBURGO,VARA DO TRABALHO DE FRAIBURGO,DESTINATARIA,2026-07-13 18:16:18,REDISTRIBUICAO,VALIDA,
0001715-31.2026.5.12.0059,0001715-31.2026.5.12.0059,1,VARA DO TRABALHO DE PALHOCA,VARA DO TRABALHO DE PALHOÇA,CEDENTE,2026-07-17 17:39:05,2 VARA DO TRABALHO DE BRUSQUE - TRIAGEM DE EQUALIZACAO,2ª VARA DO TRABALHO DE BRUSQUE - TRIAGEM DE EQUALIZAÇÃO,REDISTRIBUICAO,2 VARA DO TRABALHO DE BRUSQUE,2ª VARA DO TRABALHO DE BRUSQUE,DESTINATARIA,2026-07-17 18:12:31,REDISTRIBUICAO,VALIDA,
0001715-36.2026.5.12.0025,0001715-36.2026.5.12.0025,1,VARA DO TRABALHO DE XANXERE,VARA DO TRABALHO DE XANXERÊ,CEDENTE,2026-07-21 14:07:37,1 VARA DO TRABALHO DE BLUMENAU - TRIAGEM DE EQUALIZACAO,1ª VARA DO TRABALHO DE BLUMENAU - TRIAGEM DE EQUALIZAÇÃO,REDISTRIBUICAO,1 VARA DO TRABALHO DE BLUMENAU,1ª VARA DO TRABALHO DE BLUMENAU,DESTINATARIA,2026-07-21 14:25:01,REDISTRIBUICAO,VALIDA,
0001716-16.2026.5.12.0059,0001716-16.2026.5.12.0059,1,VARA DO TRABALHO DE PALHOCA,VARA DO TRABALHO DE PALHOÇA,CEDENTE,2026-07-17 17:39:17,1 VARA DO TRABALHO DE LAGES - TRIAGEM DE EQUALIZACAO,1ª VARA DO TRABALHO DE LAGES - TRIAGEM DE EQUALIZAÇÃO,REDISTRIBUICAO,1 VARA DO TRABALHO DE LAGES,1ª VARA DO TRABALHO DE LAGES,DESTINATARIA,2026-07-17 18:09:58,REDISTRIBUICAO,VALIDA,
0001716-21.2026.5.12.0025,0001716-21.2026.5.12.0025,1,VARA DO TRABALHO DE XANXERE,VARA DO TRABALHO DE XANXERÊ,CEDENTE,2026-07-21 14:18:32,VARA DO TRABALHO DE MAFRA - TRIAGEM DE EQUALIZACAO,VARA DO TRABALHO DE MAFRA - TRIAGEM DE EQUALIZAÇÃO,REDISTRIBUICAO,VARA DO TRABALHO DE MAFRA,VARA DO TRABALHO DE MAFRA,DESTINATARIA,2026-07-21 14:32:58,REDISTRIBUICAO,VALIDA,
0001716-51.2026.5.12.0015,0001716-51.2026.5.12.0015,1,VARA DO TRABALHO DE SAO MIGUEL DO OESTE,VARA DO TRABALHO DE SÃO MIGUEL DO OESTE,CEDENTE,2026-07-14 13:59:59,4 VARA DO TRABALHO DE BLUMENAU - TRIAGEM DE EQUALIZACAO,4ª VARA DO TRABALHO DE BLUMENAU - TRIAGEM DE EQUALIZAÇÃO,REDISTRIBUICAO,4 VARA DO TRABALHO DE BLUMENAU,4ª VARA DO TRABALHO DE BLUMENAU,DESTINATARIA,2026-07-14 18:09:46,REDISTRIBUICAO,VALIDA,
0001717-06.2026.5.12.0025,0001717-06.2026.5.12.0025,1,VARA DO TRABALHO DE XANXERE,VARA DO TRABALHO DE XANXERÊ,CEDENTE,2026-07-21 14:08:30,2 VARA DO TRABALHO DE TUBARAO - TRIAGEM DE EQUALIZACAO,2ª VARA DO TRABALHO DE TUBARÃO - TRIAGEM DE EQUALIZAÇÃO,REDISTRIBUICAO,2 VARA DO TRABALHO DE TUBARAO,2ª VARA DO TRABALHO DE TUBARÃO,DESTINATARIA,2026-07-21 14:26:09,REDISTRIBUICAO,VALIDA,
0001717-98.2026.5.12.0059,0001717-98.2026.5.12.0059,1,VARA DO TRABALHO DE PALHOCA,VARA DO TRABALHO DE PALHOÇA,CEDENTE,2026-07-28 14:15:28,3 VARA DO TRABALHO DE LAGES - TRIAGEM DE EQUALIZACAO,3ª VARA DO TRABALHO DE LAGES - TRIAGEM DE EQUALIZAÇÃO,REDISTRIBUICAO,3 VARA DO TRABALHO DE LAGES,3ª VARA DO TRABALHO DE LAGES,DESTINATARIA,2026-07-28 14:29:32,REDISTRIBUICAO,VALIDA,
0001718-21.2026.5.12.0015,0001718-21.2026.5.12.0015,1,VARA DO TRABALHO DE SAO MIGUEL DO OESTE,VARA DO TRABALHO DE SÃO MIGUEL DO OESTE,CEDENTE,2026-07-14 14:00:15,3 VARA DO TRABALHO DE LAGES - TRIAGEM DE EQUALIZACAO,3ª VARA DO TRABALHO DE LAGES - TRIAGEM DE EQUALIZAÇÃO,REDISTRIBUICAO,3 VARA DO TRABALHO DE LAGES,3ª VARA DO TRABALHO DE LAGES,DESTINATARIA,2026-08-11 18:14:41,REDISTRIBUICAO,VALIDA,
0001719-73.2026.5.12.0025,0001719-73.2026.5.12.0025,1,VARA DO TRABALHO DE XANXERE,VARA DO TRABALHO DE XANXERÊ,CEDENTE,2026-07-21 14:08:46,2 VARA DO TRABALHO DE BLUMENAU - TRIAGEM DE EQUALIZACAO,2ª VARA DO TRABALHO DE BLUMENAU - TRIAGEM DE EQUALIZAÇÃO,REDISTRIBUICAO,2 VARA DO TRABALHO DE BLUMENAU,2ª VARA DO TRABALHO DE BLUMENAU,DESTINATARIA,2026-07-21 14:25:18,REDISTRIBUICAO,VALIDA,
0001720-58.2026.5.12.0025,0001720-58.2026.5.12.0025,1,VARA DO TRABALHO DE XANXERE,VARA DO TRABALHO DE XANXERÊ,CEDENTE,2026-07-21 17:43:51,4 VARA DO TRABALHO DE BLUMENAU - TRIAGEM DE EQUALIZACAO,4ª VARA DO TRABALHO DE BLUMENAU - TRIAGEM DE EQUALIZAÇÃO,REDISTRIBUICAO,4 VARA DO TRABALHO DE BLUMENAU,4ª VARA DO TRABALHO DE BLUMENAU,DESTINATARIA,2026-07-21 18:06:55,REDISTRIBUICAO,VALIDA,
0001721-43.2026.5.12.0025,0001721-43.2026.5.12.0025,1,VARA DO TRABALHO DE XANXERE,VARA DO TRABALHO DE XANXERÊ,CEDENTE,2026-07-21 17:44:00,VARA DO TRABALHO DE MAFRA - TRIAGEM DE EQUALIZACAO,VARA DO TRABALHO DE MAFRA - TRIAGEM DE EQUALIZAÇÃO,REDISTRIBUICAO,VARA DO TRABALHO DE MAFRA,VARA DO TRABALHO DE MAFRA,DESTINATARIA,2026-07-21 18:07:57,REDISTRIBUICAO,VALIDA,
0001722-28.2026.5.12.0025,0001722-28.2026.5.12.0025,1,VARA DO TRABALHO DE XANXERE,VARA DO TRABALHO DE XANXERÊ,CEDENTE,2026-07-21 17:44:09,1 VARA DO TRABALHO DE BLUMENAU - TRIAGEM DE EQUALIZACAO,1ª VARA DO TRABALHO DE BLUMENAU - TRIAGEM DE EQUALIZAÇÃO,REDISTRIBUICAO,1 VARA DO TRABALHO DE BLUMENAU,1ª VARA DO TRABALHO DE BLUMENAU,DESTINATARIA,2026-07-21 18:04:41,REDISTRIBUICAO,VALIDA,
0001722-58.2026.5.12.0015,0001722-58.2026.5.12.0015,1,VARA DO TRABALHO DE SAO MIGUEL DO OESTE,VARA DO TRABALHO DE SÃO MIGUEL DO OESTE,CEDENTE,2026-07-14 17:50:01,VARA DO TRABALHO DE CURITIBANOS - TRIAGEM DE EQUALIZACAO,VARA DO TRABALHO DE CURITIBANOS - TRIAGEM DE EQUALIZAÇÃO,REDISTRIBUICAO,VARA DO TRABALHO DE CURITIBANOS,VARA DO TRABALHO DE CURITIBANOS,DESTINATARIA,2026-07-14 18:12:23,REDISTRIBUICAO,VALIDA,
0001723-13.2026.5.12.0025,0001723-13.2026.5.12.0025,1,VARA DO TRABALHO DE XANXERE,VARA DO TRABALHO DE XANXERÊ,CEDENTE,2026-07-21 17:50:53,2 VARA DO TRABALHO DE BLUMENAU - TRIAGEM DE EQUALIZACAO,2ª VARA DO TRABALHO DE BLUMENAU - TRIAGEM DE EQUALIZAÇÃO,REDISTRIBUICAO,2 VARA DO TRABALHO DE BLUMENAU,2ª VARA DO TRABALHO DE BLUMENAU,DESTINATARIA,2026-07-21 18:05:26,REDISTRIBUICAO,VALIDA,
0001723-43.2026.5.12.0015,0001723-43.2026.5.12.0015,1,VARA DO TRABALHO DE SAO MIGUEL DO OESTE,VARA DO TRABALHO DE SÃO MIGUEL DO OESTE,CEDENTE,2026-07-14 17:50:14,VARA DO TRABALHO DE CANOINHAS - TRIAGEM DE EQUALIZACAO,VARA DO TRABALHO DE CANOINHAS - TRIAGEM DE EQUALIZAÇÃO,REDISTRIBUICAO,VARA DO TRABALHO DE CANOINHAS,VARA DO TRABALHO DE CANOINHAS,DESTINATARIA,2026-07-14 18:11:28,REDISTRIBUICAO,VALIDA,
0001724-28.2026.5.12.0015,0001724-28.2026.5.12.0015,1,VARA DO TRABALHO DE SAO MIGUEL DO OESTE,VARA DO TRABALHO DE SÃO MIGUEL DO OESTE,CEDENTE,2026-07-14 17:50:27,2 VARA DO TRABALHO DE BLUMENAU - TRIAGEM DE EQUALIZACAO,2ª VARA DO TRABALHO DE BLUMENAU - TRIAGEM DE EQUALIZAÇÃO,REDISTRIBUICAO,2 VARA DO TRABALHO DE BLUMENAU,2ª VARA DO TRABALHO DE BLUMENAU,DESTINATARIA,2026-07-14 18:05:18,REDISTRIBUICAO,VALIDA,
0001725-80.2026.5.12.0025,0001725-80.2026.5.12.0025,1,VARA DO TRABALHO DE XANXERE,VARA DO TRABALHO DE XANXERÊ,CEDENTE,2026-07-22 14:08:16,1 VARA DO TRABALHO DE BLUMENAU - TRIAGEM DE EQUALIZACAO,1ª VARA DO TRABALHO DE BLUMENAU - TRIAGEM DE EQUALIZAÇÃO,REDISTRIBUICAO,1 VARA DO TRABALHO DE BLUMENAU,1ª VARA DO TRABALHO DE BLUMENAU,DESTINATARIA,2026-07-22 14:15:41,REDISTRIBUICAO,VALIDA,
0001727-50.2026.5.12.0025,0001727-50.2026.5.12.0025,1,VARA DO TRABALHO DE XANXERE,VARA DO TRABALHO DE XANXERÊ,CEDENTE,2026-07-22 18:23:52,4 VARA DO TRABALHO DE BLUMENAU - TRIAGEM DE EQUALIZACAO,4ª VARA DO TRABALHO DE BLUMENAU - TRIAGEM DE EQUALIZAÇÃO,REDISTRIBUICAO,4 VARA DO TRABALHO DE BLUMENAU,4ª VARA DO TRABALHO DE BLUMENAU,DESTINATARIA,2026-07-22 18:38:18,REDISTRIBUICAO,VALIDA,
0001728-35.2026.5.12.0025,0001728-35.2026.5.12.0025,1,VARA DO TRABALHO DE XANXERE,VARA DO TRABALHO DE XANXERÊ,CEDENTE,2026-07-22 18:24:02,2 VARA DO TRABALHO DE BLUMENAU - TRIAGEM DE EQUALIZACAO,2ª VARA DO TRABALHO DE BLUMENAU - TRIAGEM DE EQUALIZAÇÃO,REDISTRIBUICAO,2 VARA DO TRABALHO DE BLUMENAU,2ª VARA DO TRABALHO DE BLUMENAU,DESTINATARIA,2026-07-22 18:37:19,REDISTRIBUICAO,VALIDA,
0001729-20.2026.5.12.0025,0001729-20.2026.5.12.0025,1,VARA DO TRABALHO DE XANXERE,VARA DO TRABALHO DE XANXERÊ,CEDENTE,2026-07-22 18:24:10,VARA DO TRABALHO DE CANOINHAS - TRIAGEM DE EQUALIZACAO,VARA DO TRABALHO DE CANOINHAS - TRIAGEM DE EQUALIZAÇÃO,REDISTRIBUICAO,VARA DO TRABALHO DE CANOINHAS,VARA DO TRABALHO DE CANOINHAS,DESTINATARIA,2026-07-22 18:38:53,REDISTRIBUICAO,VALIDA,
0001730-05.2026.5.12.0025,0001730-05.2026.5.12.0025,1,VARA DO TRABALHO DE XANXERE,VARA DO TRABALHO DE XANXERÊ,CEDENTE,2026-07-22 18:24:19,VARA DO TRABALHO DE SAO BENTO DO SUL - TRIAGEM DE EQUALIZACAO,VARA DO TRABALHO DE SÃO BENTO DO SUL - TRIAGEM DE EQUALIZAÇÃO,REDISTRIBUICAO,VARA DO TRABALHO DE SAO BENTO DO SUL,VARA DO TRABALHO DE SÃO BENTO DO SUL,DESTINATARIA,2026-07-22 18:40:28,REDISTRIBUICAO,VALIDA,
0001730-35.2026.5.12.0015,0001730-35.2026.5.12.0015,1,VARA DO TRABALHO DE SAO MIGUEL DO OESTE,VARA DO TRABALHO DE SÃO MIGUEL DO OESTE,CEDENTE,2026-07-15 13:47:03,VARA DO TRABALHO DE FRAIBURGO - TRIAGEM DE EQUALIZACAO,VARA DO TRABALHO DE FRAIBURGO - TRIAGEM DE EQUALIZAÇÃO,REDISTRIBUICAO,VARA DO TRABALHO DE FRAIBURGO,VARA DO TRABALHO DE FRAIBURGO,DESTINATARIA,2026-07-15 14:28:36,REDISTRIBUICAO,VALIDA,
0001731-87.2026.5.12.0025,0001731-87.2026.5.12.0025,1,VARA DO TRABALHO DE XANXERE,VARA DO TRABALHO DE XANXERÊ,CEDENTE,2026-07-22 18:24:29,4 VARA DO TRABALHO DE BLUMENAU - TRIAGEM DE EQUALIZACAO,4ª VARA DO TRABALHO DE BLUMENAU - TRIAGEM DE EQUALIZAÇÃO,REDISTRIBUICAO,4 VARA DO TRABALHO DE BLUMENAU,4ª VARA DO TRABALHO DE BLUMENAU,DESTINATARIA,2026-07-22 18:38:30,REDISTRIBUICAO,VALIDA,
0001732-72.2026.5.12.0025,0001732-72.2026.5.12.0025,1,VARA DO TRABALHO DE XANXERE,VARA DO TRABALHO DE XANXERÊ,CEDENTE,2026-07-22 18:24:39,VARA DO TRABALHO DE CANOINHAS - TRIAGEM DE EQUALIZACAO,VARA DO TRABALHO DE CANOINHAS - TRIAGEM DE EQUALIZAÇÃO,REDISTRIBUICAO,VARA DO TRABALHO DE CANOINHAS,VARA DO TRABALHO DE CANOINHAS,DESTINATARIA,2026-07-22 18:39:05,REDISTRIBUICAO,VALIDA,
0001733-57.2026.5.12.0025,0001733-57.2026.5.12.0025,1,VARA DO TRABALHO DE XANXERE,VARA DO TRABALHO DE XANXERÊ,CEDENTE,2026-07-22 18:24:50,VARA DO TRABALHO DE MAFRA - TRIAGEM DE EQUALIZACAO,VARA DO TRABALHO DE MAFRA - TRIAGEM DE EQUALIZAÇÃO,REDISTRIBUICAO,VARA DO TRABALHO DE MAFRA,VARA DO TRABALHO DE MAFRA,DESTINATARIA,2026-07-22 18:40:17,REDISTRIBUICAO,VALIDA,
0001733-87.2026.5.12.0015,0001733-87.2026.5.12.0015,1,VARA DO TRABALHO DE SAO MIGUEL DO OESTE,VARA DO TRABALHO DE SÃO MIGUEL DO OESTE,CEDENTE,2026-07-15 13:47:17,2 VARA DO TRABALHO DE TUBARAO - TRIAGEM DE EQUALIZACAO,2ª VARA DO TRABALHO DE TUBARÃO - TRIAGEM DE EQUALIZAÇÃO,REDISTRIBUICAO,2 VARA DO TRABALHO DE TUBARAO,2ª VARA DO TRABALHO DE TUBARÃO,DESTINATARIA,2026-07-15 14:23:09,REDISTRIBUICAO,VALIDA,
0001734-42.2026.5.12.0025,0001734-42.2026.5.12.0025,1,VARA DO TRABALHO DE XANXERE,VARA DO TRABALHO DE XANXERÊ,CEDENTE,2026-07-23 14:07:19,1 VARA DO TRABALHO DE BLUMENAU - TRIAGEM DE EQUALIZACAO,1ª VARA DO TRABALHO DE BLUMENAU - TRIAGEM DE EQUALIZAÇÃO,REDISTRIBUICAO,1 VARA DO TRABALHO DE BLUMENAU,1ª VARA DO TRABALHO DE BLUMENAU,DESTINATARIA,2026-07-23 14:18:03,REDISTRIBUICAO,VALIDA,
0001734-72.2026.5.12.0015,0001734-72.2026.5.12.0015,1,VARA DO TRABALHO DE SAO MIGUEL DO OESTE,VARA DO TRABALHO DE SÃO MIGUEL DO OESTE,CEDENTE,2026-07-15 13:47:30,1 VARA DO TRABALHO DE LAGES - TRIAGEM DE EQUALIZACAO,1ª VARA DO TRABALHO DE LAGES - TRIAGEM DE EQUALIZAÇÃO,REDISTRIBUICAO,1 VARA DO TRABALHO DE LAGES,1ª VARA DO TRABALHO DE LAGES,DESTINATARIA,2026-07-15 14:18:41,REDISTRIBUICAO,VALIDA,
0001735-27.2026.5.12.0025,0001735-27.2026.5.12.0025,1,VARA DO TRABALHO DE XANXERE,VARA DO TRABALHO DE XANXERÊ,CEDENTE,2026-07-23 14:07:34,2 VARA DO TRABALHO DE BLUMENAU - TRIAGEM DE EQUALIZACAO,2ª VARA DO TRABALHO DE BLUMENAU - TRIAGEM DE EQUALIZAÇÃO,REDISTRIBUICAO,2 VARA DO TRABALHO DE BLUMENAU,2ª VARA DO TRABALHO DE BLUMENAU,DESTINATARIA,2026-07-23 14:18:21,REDISTRIBUICAO,VALIDA,
0001735-57.2026.5.12.0015,0001735-57.2026.5.12.0015,1,VARA DO TRABALHO DE SAO MIGUEL DO OESTE,VARA DO TRABALHO DE SÃO MIGUEL DO OESTE,CEDENTE,2026-07-15 13:47:44,VARA DO TRABALHO DE INDAIAL - TRIAGEM DE EQUALIZACAO,VARA DO TRABALHO DE INDAIAL - TRIAGEM DE EQUALIZAÇÃO,REDISTRIBUICAO,VARA DO TRABALHO DE INDAIAL,VARA DO TRABALHO DE INDAIAL,DESTINATARIA,2026-07-15 14:29:37,REDISTRIBUICAO,VALIDA,
0001736-12.2026.5.12.0025,0001736-12.2026.5.12.0025,1,VARA DO TRABALHO DE XANXERE,VARA DO TRABALHO DE XANXERÊ,CEDENTE,2026-07-23 17:37:02,2 VARA DO TRABALHO DE TUBARAO - TRIAGEM DE EQUALIZACAO,2ª VARA DO TRABALHO DE TUBARÃO - TRIAGEM DE EQUALIZAÇÃO,REDISTRIBUICAO,2 VARA DO TRABALHO DE TUBARAO,2ª VARA DO TRABALHO DE TUBARÃO,DESTINATARIA,2026-07-23 18:17:59,REDISTRIBUICAO,VALIDA,
0001736-42.2026.5.12.0015,0001736-42.2026.5.12.0015,1,VARA DO TRABALHO DE SAO MIGUEL DO OESTE,VARA DO TRABALHO DE SÃO MIGUEL DO OESTE,CEDENTE,2026-07-15 13:47:58,2 VARA DO TRABALHO DE TUBARAO - TRIAGEM DE EQUALIZACAO,2ª VARA DO TRABALHO DE TUBARÃO - TRIAGEM DE EQUALIZAÇÃO,REDISTRIBUICAO,2 VARA DO TRABALHO DE TUBARAO,2ª VARA DO TRABALHO DE TUBARÃO,DESTINATARIA,2026-07-15 14:23:23,REDISTRIBUICAO,VALIDA,
0001737-27.2026.5.12.0015,0001737-27.2026.5.12.0015,1,VARA DO TRABALHO DE SAO MIGUEL DO OESTE,VARA DO TRABALHO DE SÃO MIGUEL DO OESTE,CEDENTE,2026-07-15 14:04:00,2 VARA DO TRABALHO DE LAGES - TRIAGEM DE EQUALIZACAO,2ª VARA DO TRABALHO DE LAGES - TRIAGEM DE EQUALIZAÇÃO,REDISTRIBUICAO,2 VARA DO TRABALHO DE LAGES,2ª VARA DO TRABALHO DE LAGES,DESTINATARIA,2026-07-15 14:34:51,REDISTRIBUICAO,VALIDA,
0001737-94.2026.5.12.0025,0001737-94.2026.5.12.0025,1,VARA DO TRABALHO DE XANXERE,VARA DO TRABALHO DE XANXERÊ,CEDENTE,2026-07-23 17:37:13,VARA DO TRABALHO DE SAO BENTO DO SUL - TRIAGEM DE EQUALIZACAO,VARA DO TRABALHO DE SÃO BENTO DO SUL - TRIAGEM DE EQUALIZAÇÃO,REDISTRIBUICAO,VARA DO TRABALHO DE SAO BENTO DO SUL,VARA DO TRABALHO DE SÃO BENTO DO SUL,DESTINATARIA,2026-07-23 18:13:50,REDISTRIBUICAO,VALIDA,
0001738-79.2026.5.12.0025,0001738-79.2026.5.12.0025,1,VARA DO TRABALHO DE XANXERE,VARA DO TRABALHO DE XANXERÊ,CEDENTE,2026-07-23 17:37:23,1 VARA DO TRABALHO DE BLUMENAU - TRIAGEM DE EQUALIZACAO,1ª VARA DO TRABALHO DE BLUMENAU - TRIAGEM DE EQUALIZAÇÃO,REDISTRIBUICAO,1 VARA DO TRABALHO DE BLUMENAU,1ª VARA DO TRABALHO DE BLUMENAU,DESTINATARIA,2026-07-23 18:09:53,REDISTRIBUICAO,VALIDA,
0001739-64.2026.5.12.0025,0001739-64.2026.5.12.0025,1,VARA DO TRABALHO DE XANXERE,VARA DO TRABALHO DE XANXERÊ,CEDENTE,2026-07-23 17:37:34,2 VARA DO TRABALHO DE LAGES - TRIAGEM DE EQUALIZACAO,2ª VARA DO TRABALHO DE LAGES - TRIAGEM DE EQUALIZAÇÃO,REDISTRIBUICAO,2 VARA DO TRABALHO DE LAGES,2ª VARA DO TRABALHO DE LAGES,DESTINATARIA,2026-07-23 18:10:39,REDISTRIBUICAO,VALIDA,
0001739-94.2026.5.12.0015,0001739-94.2026.5.12.0015,1,VARA DO TRABALHO DE SAO MIGUEL DO OESTE,VARA DO TRABALHO DE SÃO MIGUEL DO OESTE,CEDENTE,2026-07-20 14:08:01,1 VARA DO TRABALHO DE BLUMENAU - TRIAGEM DE EQUALIZACAO,1ª VARA DO TRABALHO DE BLUMENAU - TRIAGEM DE EQUALIZAÇÃO,REDISTRIBUICAO,1 VARA DO TRABALHO DE BLUMENAU,1ª VARA DO TRABALHO DE BLUMENAU,DESTINATARIA,2026-07-20 17:20:45,REDISTRIBUICAO,VALIDA,
0001741-34.2026.5.12.0025,0001741-34.2026.5.12.0025,1,VARA DO TRABALHO DE XANXERE,VARA DO TRABALHO DE XANXERÊ,CEDENTE,2026-07-24 14:08:17,VARA DO TRABALHO DE MAFRA - TRIAGEM DE EQUALIZACAO,VARA DO TRABALHO DE MAFRA - TRIAGEM DE EQUALIZAÇÃO,REDISTRIBUICAO,VARA DO TRABALHO DE MAFRA,VARA DO TRABALHO DE MAFRA,DESTINATARIA,2026-07-24 14:25:22,REDISTRIBUICAO,VALIDA,
0001741-64.2026.5.12.0015,0001741-64.2026.5.12.0015,1,VARA DO TRABALHO DE SAO MIGUEL DO OESTE,VARA DO TRABALHO DE SÃO MIGUEL DO OESTE,CEDENTE,2026-07-15 17:55:51,2 VARA DO TRABALHO DE TUBARAO - TRIAGEM DE EQUALIZACAO,2ª VARA DO TRABALHO DE TUBARÃO - TRIAGEM DE EQUALIZAÇÃO,REDISTRIBUICAO,2 VARA DO TRABALHO DE TUBARAO,2ª VARA DO TRABALHO DE TUBARÃO,DESTINATARIA,2026-07-15 18:11:20,REDISTRIBUICAO,VALIDA,
0001742-19.2026.5.12.0025,0001742-19.2026.5.12.0025,1,VARA DO TRABALHO DE XANXERE,VARA DO TRABALHO DE XANXERÊ,CEDENTE,2026-07-24 14:08:28,VARA DO TRABALHO DE CANOINHAS - TRIAGEM DE EQUALIZACAO,VARA DO TRABALHO DE CANOINHAS - TRIAGEM DE EQUALIZAÇÃO,REDISTRIBUICAO,VARA DO TRABALHO DE CANOINHAS,VARA DO TRABALHO DE CANOINHAS,DESTINATARIA,2026-07-24 14:24:47,REDISTRIBUICAO,VALIDA,
0001742-49.2026.5.12.0015,0001742-49.2026.5.12.0015,1,VARA DO TRABALHO DE SAO MIGUEL DO OESTE,VARA DO TRABALHO DE SÃO MIGUEL DO OESTE,CEDENTE,2026-07-15 17:48:01,VARA DO TRABALHO DE SAO BENTO DO SUL - TRIAGEM DE EQUALIZACAO,VARA DO TRABALHO DE SÃO BENTO DO SUL - TRIAGEM DE EQUALIZAÇÃO,REDISTRIBUICAO,VARA DO TRABALHO DE SAO BENTO DO SUL,VARA DO TRABALHO DE SÃO BENTO DO SUL,DESTINATARIA,2026-07-15 18:22:10,REDISTRIBUICAO,VALIDA,
0001743-04.2026.5.12.0025,0001743-04.2026.5.12.0025,1,VARA DO TRABALHO DE XANXERE,VARA DO TRABALHO DE XANXERÊ,CEDENTE,2026-07-24 14:08:39,4 VARA DO TRABALHO DE BLUMENAU - TRIAGEM DE EQUALIZACAO,4ª VARA DO TRABALHO DE BLUMENAU - TRIAGEM DE EQUALIZAÇÃO,REDISTRIBUICAO,4 VARA DO TRABALHO DE BLUMENAU,4ª VARA DO TRABALHO DE BLUMENAU,DESTINATARIA,2026-07-24 14:24:24,REDISTRIBUICAO,VALIDA,
0001743-34.2026.5.12.0015,0001743-34.2026.5.12.0015,1,VARA DO TRABALHO DE SAO MIGUEL DO OESTE,VARA DO TRABALHO DE SÃO MIGUEL DO OESTE,CEDENTE,2026-07-15 17:48:14,VARA DO TRABALHO DE ARARANGUA - TRIAGEM DE EQUALIZACAO,VARA DO TRABALHO DE ARARANGUÁ - TRIAGEM DE EQUALIZAÇÃO,REDISTRIBUICAO,VARA DO TRABALHO DE ARARANGUA,VARA DO TRABALHO DE ARARANGUÁ,DESTINATARIA,2026-07-15 18:15:22,REDISTRIBUICAO,VALIDA,
0001744-19.2026.5.12.0015,0001744-19.2026.5.12.0015,1,VARA DO TRABALHO DE SAO MIGUEL DO OESTE,VARA DO TRABALHO DE SÃO MIGUEL DO OESTE,CEDENTE,2026-07-16 15:05:02,VARA DO TRABALHO DE FRAIBURGO - TRIAGEM DE EQUALIZACAO,VARA DO TRABALHO DE FRAIBURGO - TRIAGEM DE EQUALIZAÇÃO,REDISTRIBUICAO,VARA DO TRABALHO DE FRAIBURGO,VARA DO TRABALHO DE FRAIBURGO,DESTINATARIA,2026-07-16 15:58:35,REDISTRIBUICAO,VALIDA,
0001744-86.2026.5.12.0025,0001744-86.2026.5.12.0025,1,VARA DO TRABALHO DE XANXERE,VARA DO TRABALHO DE XANXERÊ,CEDENTE,2026-07-24 14:15:06,1 VARA DO TRABALHO DE BLUMENAU - TRIAGEM DE EQUALIZACAO,1ª VARA DO TRABALHO DE BLUMENAU - TRIAGEM DE EQUALIZAÇÃO,REDISTRIBUICAO,1 VARA DO TRABALHO DE BLUMENAU,1ª VARA DO TRABALHO DE BLUMENAU,DESTINATARIA,2026-07-24 14:21:45,REDISTRIBUICAO,VALIDA,
0001745-04.2026.5.12.0015,0001745-04.2026.5.12.0015,1,VARA DO TRABALHO DE SAO MIGUEL DO OESTE,VARA DO TRABALHO DE SÃO MIGUEL DO OESTE,CEDENTE,2026-07-16 15:05:15,3 VARA DO TRABALHO DE BLUMENAU - TRIAGEM DE EQUALIZACAO,3ª VARA DO TRABALHO DE BLUMENAU - TRIAGEM DE EQUALIZAÇÃO,REDISTRIBUICAO,3 VARA DO TRABALHO DE BLUMENAU,3ª VARA DO TRABALHO DE BLUMENAU,DESTINATARIA,2026-07-16 15:17:36,REDISTRIBUICAO,VALIDA,
0001745-71.2026.5.12.0025,0001745-71.2026.5.12.0025,1,VARA DO TRABALHO DE XANXERE,VARA DO TRABALHO DE XANXERÊ,CEDENTE,2026-07-24 14:08:52,4 VARA DO TRABALHO DE BLUMENAU - TRIAGEM DE EQUALIZACAO,4ª VARA DO TRABALHO DE BLUMENAU - TRIAGEM DE EQUALIZAÇÃO,REDISTRIBUICAO,4 VARA DO TRABALHO DE BLUMENAU,4ª VARA DO TRABALHO DE BLUMENAU,DESTINATARIA,2026-07-24 14:24:34,REDISTRIBUICAO,VALIDA,
0001746-56.2026.5.12.0025,0001746-56.2026.5.12.0025,1,VARA DO TRABALHO DE XANXERE,VARA DO TRABALHO DE XANXERÊ,CEDENTE,2026-07-24 14:09:03,2 VARA DO TRABALHO DE LAGES - TRIAGEM DE EQUALIZACAO,2ª VARA DO TRABALHO DE LAGES - TRIAGEM DE EQUALIZAÇÃO,REDISTRIBUICAO,2 VARA DO TRABALHO DE LAGES,2ª VARA DO TRABALHO DE LAGES,DESTINATARIA,2026-07-24 14:22:59,REDISTRIBUICAO,VALIDA,
0001746-86.2026.5.12.0015,0001746-86.2026.5.12.0015,1,VARA DO TRABALHO DE SAO MIGUEL DO OESTE,VARA DO TRABALHO DE SÃO MIGUEL DO OESTE,CEDENTE,2026-07-16 18:14:47,1 VARA DO TRABALHO DE LAGES - TRIAGEM DE EQUALIZACAO,1ª VARA DO TRABALHO DE LAGES - TRIAGEM DE EQUALIZAÇÃO,REDISTRIBUICAO,1 VARA DO TRABALHO DE LAGES,1ª VARA DO TRABALHO DE LAGES,DESTINATARIA,2026-07-16 18:32:47,REDISTRIBUICAO,VALIDA,
0001747-41.2026.5.12.0025,0001747-41.2026.5.12.0025,1,VARA DO TRABALHO DE XANXERE,VARA DO TRABALHO DE XANXERÊ,CEDENTE,2026-07-24 14:09:13,3 VARA DO TRABALHO DE LAGES - TRIAGEM DE EQUALIZACAO,3ª VARA DO TRABALHO DE LAGES - TRIAGEM DE EQUALIZAÇÃO,REDISTRIBUICAO,3 VARA DO TRABALHO DE LAGES,3ª VARA DO TRABALHO DE LAGES,DESTINATARIA,2026-07-24 14:31:23,REDISTRIBUICAO,VALIDA,
0001747-71.2026.5.12.0015,0001747-71.2026.5.12.0015,1,VARA DO TRABALHO DE SAO MIGUEL DO OESTE,VARA DO TRABALHO DE SÃO MIGUEL DO OESTE,CEDENTE,2026-07-16 15:06:48,1 VARA DO TRABALHO DE TUBARAO - TRIAGEM DE EQUALIZACAO,1ª VARA DO TRABALHO DE TUBARÃO - TRIAGEM DE EQUALIZAÇÃO,REDISTRIBUICAO,1 VARA DO TRABALHO DE TUBARAO,1ª VARA DO TRABALHO DE TUBARÃO,DESTINATARIA,2026-07-16 15:14:12,REDISTRIBUICAO,VALIDA,
0001748-26.2026.5.12.0025,0001748-26.2026.5.12.0025,1,VARA DO TRABALHO DE XANXERE,VARA DO TRABALHO DE XANXERÊ,CEDENTE,2026-07-24 17:29:16,VARA DO TRABALHO DE SAO BENTO DO SUL - TRIAGEM DE EQUALIZACAO,VARA DO TRABALHO DE SÃO BENTO DO SUL - TRIAGEM DE EQUALIZAÇÃO,REDISTRIBUICAO,VARA DO TRABALHO DE SAO BENTO DO SUL,VARA DO TRABALHO DE SÃO BENTO DO SUL,DESTINATARIA,2026-07-24 17:45:28,REDISTRIBUICAO,VALIDA,
0001748-30.2026.5.12.0056,0001748-30.2026.5.12.0056,1,VARA DO TRABALHO DE NAVEGANTES,VARA DO TRABALHO DE NAVEGANTES,CEDENTE,2026-07-13 14:27:30,VARA DO TRABALHO DE INDAIAL - TRIAGEM DE EQUALIZACAO,VARA DO TRABALHO DE INDAIAL - TRIAGEM DE EQUALIZAÇÃO,REDISTRIBUICAO,VARA DO TRABALHO DE INDAIAL,VARA DO TRABALHO DE INDAIAL,DESTINATARIA,2026-07-13 14:54:09,REDISTRIBUICAO,VALIDA,
0001748-56.2026.5.12.0015,0001748-56.2026.5.12.0015,1,VARA DO TRABALHO DE SAO MIGUEL DO OESTE,VARA DO TRABALHO DE SÃO MIGUEL DO OESTE,CEDENTE,2026-07-16 15:07:01,VARA DO TRABALHO DE CANOINHAS - TRIAGEM DE EQUALIZACAO,VARA DO TRABALHO DE CANOINHAS - TRIAGEM DE EQUALIZAÇÃO,REDISTRIBUICAO,VARA DO TRABALHO DE CANOINHAS,VARA DO TRABALHO DE CANOINHAS,DESTINATARIA,2026-07-16 15:56:29,REDISTRIBUICAO,VALIDA,
0001749-11.2026.5.12.0025,0001749-11.2026.5.12.0025,1,VARA DO TRABALHO DE XANXERE,VARA DO TRABALHO DE XANXERÊ,CEDENTE,2026-07-24 17:29:26,1 VARA DO TRABALHO DE BLUMENAU - TRIAGEM DE EQUALIZACAO,1ª VARA DO TRABALHO DE BLUMENAU - TRIAGEM DE EQUALIZAÇÃO,REDISTRIBUICAO,1 VARA DO TRABALHO DE BLUMENAU,1ª VARA DO TRABALHO DE BLUMENAU,DESTINATARIA,2026-07-24 17:42:03,REDISTRIBUICAO,VALIDA,
0001749-15.2026.5.12.0056,0001749-15.2026.5.12.0056,1,VARA DO TRABALHO DE NAVEGANTES,VARA DO TRABALHO DE NAVEGANTES,CEDENTE,2026-07-13 17:53:06,1 VARA DO TRABALHO DE BLUMENAU - TRIAGEM DE EQUALIZACAO,1ª VARA DO TRABALHO DE BLUMENAU - TRIAGEM DE EQUALIZAÇÃO,REDISTRIBUICAO,1 VARA DO TRABALHO DE BLUMENAU,1ª VARA DO TRABALHO DE BLUMENAU,DESTINATARIA,2026-07-13 18:05:45,REDISTRIBUICAO,VALIDA,
0001749-41.2026.5.12.0015,0001749-41.2026.5.12.0015,1,VARA DO TRABALHO DE SAO MIGUEL DO OESTE,VARA DO TRABALHO DE SÃO MIGUEL DO OESTE,CEDENTE,2026-07-16 18:14:58,VARA DO TRABALHO DE CURITIBANOS - TRIAGEM DE EQUALIZACAO,VARA DO TRABALHO DE CURITIBANOS - TRIAGEM DE EQUALIZAÇÃO,REDISTRIBUICAO,VARA DO TRABALHO DE CURITIBANOS,VARA DO TRABALHO DE CURITIBANOS,DESTINATARIA,2026-07-16 18:44:34,REDISTRIBUICAO,VALIDA,
0001750-26.2026.5.12.0015,0001750-26.2026.5.12.0015,1,VARA DO TRABALHO DE SAO MIGUEL DO OESTE,VARA DO TRABALHO DE SÃO MIGUEL DO OESTE,CEDENTE,2026-07-16 18:15:10,2 VARA DO TRABALHO DE LAGES - TRIAGEM DE EQUALIZACAO,2ª VARA DO TRABALHO DE LAGES - TRIAGEM DE EQUALIZAÇÃO,REDISTRIBUICAO,2 VARA DO TRABALHO DE LAGES,2ª VARA DO TRABALHO DE LAGES,DESTINATARIA,2026-07-16 18:40:56,REDISTRIBUICAO,VALIDA,
0001750-97.2026.5.12.0056,0001750-97.2026.5.12.0056,1,VARA DO TRABALHO DE NAVEGANTES,VARA DO TRABALHO DE NAVEGANTES,CEDENTE,2026-07-13 17:53:16,1 VARA DO TRABALHO DE BLUMENAU - TRIAGEM DE EQUALIZACAO,1ª VARA DO TRABALHO DE BLUMENAU - TRIAGEM DE EQUALIZAÇÃO,REDISTRIBUICAO,1 VARA DO TRABALHO DE BLUMENAU,1ª VARA DO TRABALHO DE BLUMENAU,DESTINATARIA,2026-07-13 18:05:58,REDISTRIBUICAO,VALIDA,
0001751-11.2026.5.12.0015,0001751-11.2026.5.12.0015,1,VARA DO TRABALHO DE SAO MIGUEL DO OESTE,VARA DO TRABALHO DE SÃO MIGUEL DO OESTE,CEDENTE,2026-07-16 18:22:26,VARA DO TRABALHO DE FRAIBURGO - TRIAGEM DE EQUALIZACAO,VARA DO TRABALHO DE FRAIBURGO - TRIAGEM DE EQUALIZAÇÃO,REDISTRIBUICAO,VARA DO TRABALHO DE FRAIBURGO,VARA DO TRABALHO DE FRAIBURGO,DESTINATARIA,2026-07-16 18:51:12,REDISTRIBUICAO,VALIDA,
0001751-78.2026.5.12.0025,0001751-78.2026.5.12.0025,1,VARA DO TRABALHO DE XANXERE,VARA DO TRABALHO DE XANXERÊ,CEDENTE,2026-07-24 17:29:36,2 VARA DO TRABALHO DE LAGES - TRIAGEM DE EQUALIZACAO,2ª VARA DO TRABALHO DE LAGES - TRIAGEM DE EQUALIZAÇÃO,REDISTRIBUICAO,2 VARA DO TRABALHO DE LAGES,2ª VARA DO TRABALHO DE LAGES,DESTINATARIA,2026-07-24 17:50:33,REDISTRIBUICAO,VALIDA,
0001751-82.2026.5.12.0056,0001751-82.2026.5.12.0056,1,VARA DO TRABALHO DE NAVEGANTES,VARA DO TRABALHO DE NAVEGANTES,CEDENTE,2026-07-13 14:29:02,VARA DO TRABALHO DE ARARANGUA - TRIAGEM DE EQUALIZACAO,VARA DO TRABALHO DE ARARANGUÁ - TRIAGEM DE EQUALIZAÇÃO,REDISTRIBUICAO,VARA DO TRABALHO DE ARARANGUA,VARA DO TRABALHO DE ARARANGUÁ,DESTINATARIA,2026-07-13 14:50:10,REDISTRIBUICAO,VALIDA,
0001752-63.2026.5.12.0025,0001752-63.2026.5.12.0025,1,VARA DO TRABALHO DE XANXERE,VARA DO TRABALHO DE XANXERÊ,CEDENTE,2026-07-24 17:29:48,2 VARA DO TRABALHO DE LAGES - TRIAGEM DE EQUALIZACAO,2ª VARA DO TRABALHO DE LAGES - TRIAGEM DE EQUALIZAÇÃO,REDISTRIBUICAO,2 VARA DO TRABALHO DE LAGES,2ª VARA DO TRABALHO DE LAGES,DESTINATARIA,2026-07-24 17:43:37,REDISTRIBUICAO,VALIDA,
0001752-67.2026.5.12.0056,0001752-67.2026.5.12.0056,1,VARA DO TRABALHO DE NAVEGANTES,VARA DO TRABALHO DE NAVEGANTES,CEDENTE,2026-07-13 14:29:22,3 VARA DO TRABALHO DE LAGES - TRIAGEM DE EQUALIZACAO,3ª VARA DO TRABALHO DE LAGES - TRIAGEM DE EQUALIZAÇÃO,REDISTRIBUICAO,3 VARA DO TRABALHO DE LAGES,3ª VARA DO TRABALHO DE LAGES,DESTINATARIA,2026-07-13 14:48:52,REDISTRIBUICAO,VALIDA,
0001752-93.2026.5.12.0015,0001752-93.2026.5.12.0015,1,VARA DO TRABALHO DE SAO MIGUEL DO OESTE,VARA DO TRABALHO DE SÃO MIGUEL DO OESTE,CEDENTE,2026-07-16 18:15:57,2 VARA DO TRABALHO DE TUBARAO - TRIAGEM DE EQUALIZACAO,2ª VARA DO TRABALHO DE TUBARÃO - TRIAGEM DE EQUALIZAÇÃO,REDISTRIBUICAO,2 VARA DO TRABALHO DE TUBARAO,2ª VARA DO TRABALHO DE TUBARÃO,DESTINATARIA,2026-07-16 18:35:12,REDISTRIBUICAO,VALIDA,
0001753-48.2026.5.12.0025,0001753-48.2026.5.12.0025,1,VARA DO TRABALHO DE XANXERE,VARA DO TRABALHO DE XANXERÊ,CEDENTE,2026-07-24 17:29:58,2 VARA DO TRABALHO DE LAGES - TRIAGEM DE EQUALIZACAO,2ª VARA DO TRABALHO DE LAGES - TRIAGEM DE EQUALIZAÇÃO,REDISTRIBUICAO,2 VARA DO TRABALHO DE LAGES,2ª VARA DO TRABALHO DE LAGES,DESTINATARIA,2026-07-24 17:43:47,REDISTRIBUICAO,VALIDA,
0001753-52.2026.5.12.0056,0001753-52.2026.5.12.0056,1,VARA DO TRABALHO DE NAVEGANTES,VARA DO TRABALHO DE NAVEGANTES,CEDENTE,2026-07-13 17:53:28,1 VARA DO TRABALHO DE TUBARAO - TRIAGEM DE EQUALIZACAO,1ª VARA DO TRABALHO DE TUBARÃO - TRIAGEM DE EQUALIZAÇÃO,REDISTRIBUICAO,1 VARA DO TRABALHO DE TUBARAO,1ª VARA DO TRABALHO DE TUBARÃO,DESTINATARIA,2026-07-13 18:08:13,REDISTRIBUICAO,VALIDA,
0001753-78.2026.5.12.0015,0001753-78.2026.5.12.0015,1,VARA DO TRABALHO DE SAO MIGUEL DO OESTE,VARA DO TRABALHO DE SÃO MIGUEL DO OESTE,CEDENTE,2026-07-16 18:16:10,2 VARA DO TRABALHO DE BLUMENAU - TRIAGEM DE EQUALIZACAO,2ª VARA DO TRABALHO DE BLUMENAU - TRIAGEM DE EQUALIZAÇÃO,REDISTRIBUICAO,2 VARA DO TRABALHO DE BLUMENAU,2ª VARA DO TRABALHO DE BLUMENAU,DESTINATARIA,2026-07-16 18:33:58,REDISTRIBUICAO,VALIDA,
0001754-33.2026.5.12.0025,0001754-33.2026.5.12.0025,1,VARA DO TRABALHO DE XANXERE,VARA DO TRABALHO DE XANXERÊ,CEDENTE,2026-07-24 17:35:02,VARA DO TRABALHO DE SAO BENTO DO SUL - TRIAGEM DE EQUALIZACAO,VARA DO TRABALHO DE SÃO BENTO DO SUL - TRIAGEM DE EQUALIZAÇÃO,REDISTRIBUICAO,VARA DO TRABALHO DE SAO BENTO DO SUL,VARA DO TRABALHO DE SÃO BENTO DO SUL,DESTINATARIA,2026-07-24 17:45:37,REDISTRIBUICAO,VALIDA,
0001754-37.2026.5.12.0056,0001754-37.2026.5.12.0056,1,VARA DO TRABALHO DE NAVEGANTES,VARA DO TRABALHO DE NAVEGANTES,CEDENTE,2026-07-13 17:53:40,VARA DO TRABALHO DE FRAIBURGO - TRIAGEM DE EQUALIZACAO,VARA DO TRABALHO DE FRAIBURGO - TRIAGEM DE EQUALIZAÇÃO,REDISTRIBUICAO,VARA DO TRABALHO DE FRAIBURGO,VARA DO TRABALHO DE FRAIBURGO,DESTINATARIA,2026-07-13 18:16:32,REDISTRIBUICAO,VALIDA,
0001754-63.2026.5.12.0015,0001754-63.2026.5.12.0015,1,VARA DO TRABALHO DE SAO MIGUEL DO OESTE,VARA DO TRABALHO DE SÃO MIGUEL DO OESTE,CEDENTE,2026-07-16 18:22:34,VARA DO TRABALHO DE FRAIBURGO - TRIAGEM DE EQUALIZACAO,VARA DO TRABALHO DE FRAIBURGO - TRIAGEM DE EQUALIZAÇÃO,REDISTRIBUICAO,VARA DO TRABALHO DE FRAIBURGO,VARA DO TRABALHO DE FRAIBURGO,DESTINATARIA,2026-07-16 18:45:15,REDISTRIBUICAO,VALIDA,
0001755-22.2026.5.12.0056,0001755-22.2026.5.12.0056,1,VARA DO TRABALHO DE NAVEGANTES,VARA DO TRABALHO DE NAVEGANTES,CEDENTE,2026-07-13 17:53:53,1 VARA DO TRABALHO DE BRUSQUE - TRIAGEM DE EQUALIZACAO,1ª VARA DO TRABALHO DE BRUSQUE - TRIAGEM DE EQUALIZAÇÃO,REDISTRIBUICAO,1 VARA DO TRABALHO DE BRUSQUE,1ª VARA DO TRABALHO DE BRUSQUE,DESTINATARIA,2026-07-13 18:06:39,REDISTRIBUICAO,VALIDA,
0001755-48.2026.5.12.0015,0001755-48.2026.5.12.0015,1,VARA DO TRABALHO DE SAO MIGUEL DO OESTE,VARA DO TRABALHO DE SÃO MIGUEL DO OESTE,CEDENTE,2026-07-16 18:16:57,2 VARA DO TRABALHO DE TUBARAO - TRIAGEM DE EQUALIZACAO,2ª VARA DO TRABALHO DE TUBARÃO - TRIAGEM DE EQUALIZAÇÃO,REDISTRIBUICAO,2 VARA DO TRABALHO DE TUBARAO,2ª VARA DO TRABALHO DE TUBARÃO,DESTINATARIA,2026-07-16 18:35:23,REDISTRIBUICAO,VALIDA,
0001756-07.2026.5.12.0056,0001756-07.2026.5.12.0056,1,VARA DO TRABALHO DE NAVEGANTES,VARA DO TRABALHO DE NAVEGANTES,CEDENTE,2026-07-13 17:54:08,2 VARA DO TRABALHO DE TUBARAO - TRIAGEM DE EQUALIZACAO,2ª VARA DO TRABALHO DE TUBARÃO - TRIAGEM DE EQUALIZAÇÃO,REDISTRIBUICAO,2 VARA DO TRABALHO DE TUBARAO,2ª VARA DO TRABALHO DE TUBARÃO,DESTINATARIA,2026-07-13 18:11:08,REDISTRIBUICAO,VALIDA,
0001756-33.2026.5.12.0015,0001756-33.2026.5.12.0015,1,VARA DO TRABALHO DE SAO MIGUEL DO OESTE,VARA DO TRABALHO DE SÃO MIGUEL DO OESTE,CEDENTE,2026-07-16 18:17:09,3 VARA DO TRABALHO DE LAGES - TRIAGEM DE EQUALIZACAO,3ª VARA DO TRABALHO DE LAGES - TRIAGEM DE EQUALIZAÇÃO,REDISTRIBUICAO,3 VARA DO TRABALHO DE LAGES,3ª VARA DO TRABALHO DE LAGES,DESTINATARIA,2026-07-16 18:41:20,REDISTRIBUICAO,VALIDA,
0001757-18.2026.5.12.0015,0001757-18.2026.5.12.0015,1,VARA DO TRABALHO DE SAO MIGUEL DO OESTE,VARA DO TRABALHO DE SÃO MIGUEL DO OESTE,CEDENTE,2026-07-17 14:03:08,1 VARA DO TRABALHO DE BRUSQUE - TRIAGEM DE EQUALIZACAO,1ª VARA DO TRABALHO DE BRUSQUE - TRIAGEM DE EQUALIZAÇÃO,REDISTRIBUICAO,1 VARA DO TRABALHO DE BRUSQUE,1ª VARA DO TRABALHO DE BRUSQUE,DESTINATARIA,2026-07-17 14:19:00,REDISTRIBUICAO,VALIDA,
0001757-89.2026.5.12.0056,0001757-89.2026.5.12.0056,1,VARA DO TRABALHO DE NAVEGANTES,VARA DO TRABALHO DE NAVEGANTES,CEDENTE,2026-07-13 17:54:22,VARA DO TRABALHO DE SAO BENTO DO SUL - TRIAGEM DE EQUALIZACAO,VARA DO TRABALHO DE SÃO BENTO DO SUL - TRIAGEM DE EQUALIZAÇÃO,REDISTRIBUICAO,VARA DO TRABALHO DE SAO BENTO DO SUL,VARA DO TRABALHO DE SÃO BENTO DO SUL,DESTINATARIA,2026-07-13 18:18:41,REDISTRIBUICAO,VALIDA,
0001758-03.2026.5.12.0015,0001758-03.2026.5.12.0015,1,VARA DO TRABALHO DE SAO MIGUEL DO OESTE,VARA DO TRABALHO DE SÃO MIGUEL DO OESTE,CEDENTE,2026-07-17 14:03:21,VARA DO TRABALHO DE CANOINHAS - TRIAGEM DE EQUALIZACAO,VARA DO TRABALHO DE CANOINHAS - TRIAGEM DE EQUALIZAÇÃO,REDISTRIBUICAO,VARA DO TRABALHO DE CANOINHAS,VARA DO TRABALHO DE CANOINHAS,DESTINATARIA,2026-07-17 14:27:01,REDISTRIBUICAO,VALIDA,
0001758-74.2026.5.12.0056,0001758-74.2026.5.12.0056,1,VARA DO TRABALHO DE NAVEGANTES,VARA DO TRABALHO DE NAVEGANTES,CEDENTE,2026-07-13 17:54:35,VARA DO TRABALHO DE CANOINHAS - TRIAGEM DE EQUALIZACAO,VARA DO TRABALHO DE CANOINHAS - TRIAGEM DE EQUALIZAÇÃO,REDISTRIBUICAO,VARA DO TRABALHO DE CANOINHAS,VARA DO TRABALHO DE CANOINHAS,DESTINATARIA,2026-07-13 18:14:23,REDISTRIBUICAO,VALIDA,
0001759-59.2026.5.12.0056,0001759-59.2026.5.12.0056,1,VARA DO TRABALHO DE NAVEGANTES,VARA DO TRABALHO DE NAVEGANTES,CEDENTE,2026-07-14 13:57:13,4 VARA DO TRABALHO DE BLUMENAU - TRIAGEM DE EQUALIZACAO,4ª VARA DO TRABALHO DE BLUMENAU - TRIAGEM DE EQUALIZAÇÃO,REDISTRIBUICAO,4 VARA DO TRABALHO DE BLUMENAU,4ª VARA DO TRABALHO DE BLUMENAU,DESTINATARIA,2026-07-14 18:10:00,REDISTRIBUICAO,VALIDA,
0001759-85.2026.5.12.0015,0001759-85.2026.5.12.0015,1,VARA DO TRABALHO DE SAO MIGUEL DO OESTE,VARA DO TRABALHO DE SÃO MIGUEL DO OESTE,CEDENTE,2026-07-17 14:03:34,2 VARA DO TRABALHO DE LAGES - TRIAGEM DE EQUALIZACAO,2ª VARA DO TRABALHO DE LAGES - TRIAGEM DE EQUALIZAÇÃO,REDISTRIBUICAO,2 VARA DO TRABALHO DE LAGES,2ª VARA DO TRABALHO DE LAGES,DESTINATARIA,2026-07-17 14:22:56,REDISTRIBUICAO,VALIDA,
0001760-44.2026.5.12.0056,0001760-44.2026.5.12.0056,1,VARA DO TRABALHO DE NAVEGANTES,VARA DO TRABALHO DE NAVEGANTES,CEDENTE,2026-07-14 13:57:26,VARA DO TRABALHO DE ARARANGUA - TRIAGEM DE EQUALIZACAO,VARA DO TRABALHO DE ARARANGUÁ - TRIAGEM DE EQUALIZAÇÃO,REDISTRIBUICAO,VARA DO TRABALHO DE ARARANGUA,VARA DO TRABALHO DE ARARANGUÁ,DESTINATARIA,2026-07-14 18:10:45,REDISTRIBUICAO,VALIDA,
0001761-29.2026.5.12.0056,0001761-29.2026.5.12.0056,1,VARA DO TRABALHO DE NAVEGANTES,VARA DO TRABALHO DE NAVEGANTES,CEDENTE,2026-07-14 13:57:39,2 VARA DO TRABALHO DE BRUSQUE - TRIAGEM DE EQUALIZACAO,2ª VARA DO TRABALHO DE BRUSQUE - TRIAGEM DE EQUALIZAÇÃO,REDISTRIBUICAO,2 VARA DO TRABALHO DE BRUSQUE,2ª VARA DO TRABALHO DE BRUSQUE,DESTINATARIA,2026-07-14 18:05:48,REDISTRIBUICAO,VALIDA,
0001762-40.2026.5.12.0015,0001762-40.2026.5.12.0015,1,VARA DO TRABALHO DE SAO MIGUEL DO OESTE,VARA DO TRABALHO DE SÃO MIGUEL DO OESTE,CEDENTE,2026-07-17 17:46:09,2 VARA DO TRABALHO DE TUBARAO - TRIAGEM DE EQUALIZACAO,2ª VARA DO TRABALHO DE TUBARÃO - TRIAGEM DE EQUALIZAÇÃO,REDISTRIBUICAO,2 VARA DO TRABALHO DE TUBARAO,2ª VARA DO TRABALHO DE TUBARÃO,DESTINATARIA,2026-07-17 18:13:36,REDISTRIBUICAO,VALIDA,
0001763-25.2026.5.12.0015,0001763-25.2026.5.12.0015,1,VARA DO TRABALHO DE SAO MIGUEL DO OESTE,VARA DO TRABALHO DE SÃO MIGUEL DO OESTE,CEDENTE,2026-07-17 17:39:34,VARA DO TRABALHO DE INDAIAL - TRIAGEM DE EQUALIZACAO,VARA DO TRABALHO DE INDAIAL - TRIAGEM DE EQUALIZAÇÃO,REDISTRIBUICAO,VARA DO TRABALHO DE INDAIAL,VARA DO TRABALHO DE INDAIAL,DESTINATARIA,2026-07-17 18:21:19,REDISTRIBUICAO,VALIDA,
0001764-10.2026.5.12.0015,0001764-10.2026.5.12.0015,1,VARA DO TRABALHO DE SAO MIGUEL DO OESTE,VARA DO TRABALHO DE SÃO MIGUEL DO OESTE,CEDENTE,2026-07-17 17:46:21,VARA DO TRABALHO DE MAFRA - TRIAGEM DE EQUALIZACAO,VARA DO TRABALHO DE MAFRA - TRIAGEM DE EQUALIZAÇÃO,REDISTRIBUICAO,VARA DO TRABALHO DE MAFRA,VARA DO TRABALHO DE MAFRA,DESTINATARIA,2026-07-17 18:22:33,REDISTRIBUICAO,VALIDA,
0001764-81.2026.5.12.0056,0001764-81.2026.5.12.0056,1,VARA DO TRABALHO DE NAVEGANTES,VARA DO TRABALHO DE NAVEGANTES,CEDENTE,2026-07-14 13:58:28,VARA DO TRABALHO DE SAO BENTO DO SUL - TRIAGEM DE EQUALIZACAO,VARA DO TRABALHO DE SÃO BENTO DO SUL - TRIAGEM DE EQUALIZAÇÃO,REDISTRIBUICAO,VARA DO TRABALHO DE SAO BENTO DO SUL,VARA DO TRABALHO DE SÃO BENTO DO SUL,DESTINATARIA,2026-07-14 18:16:56,REDISTRIBUICAO,VALIDA,
0001765-66.2026.5.12.0056,0001765-66.2026.5.12.0056,1,VARA DO TRABALHO DE NAVEGANTES,VARA DO TRABALHO DE NAVEGANTES,CEDENTE,2026-07-14 13:58:42,VARA DO TRABALHO DE FRAIBURGO - TRIAGEM DE EQUALIZACAO,VARA DO TRABALHO DE FRAIBURGO - TRIAGEM DE EQUALIZAÇÃO,REDISTRIBUICAO,VARA DO TRABALHO DE FRAIBURGO,VARA DO TRABALHO DE FRAIBURGO,DESTINATARIA,2026-07-14 18:13:46,REDISTRIBUICAO,VALIDA,
0001765-92.2026.5.12.0015,0001765-92.2026.5.12.0015,1,VARA DO TRABALHO DE SAO MIGUEL DO OESTE,VARA DO TRABALHO DE SÃO MIGUEL DO OESTE,CEDENTE,2026-07-17 17:39:48,VARA DO TRABALHO DE CURITIBANOS - TRIAGEM DE EQUALIZACAO,VARA DO TRABALHO DE CURITIBANOS - TRIAGEM DE EQUALIZAÇÃO,REDISTRIBUICAO,VARA DO TRABALHO DE CURITIBANOS,VARA DO TRABALHO DE CURITIBANOS,DESTINATARIA,2026-07-17 18:18:46,REDISTRIBUICAO,VALIDA,
0001766-51.2026.5.12.0056,0001766-51.2026.5.12.0056,1,VARA DO TRABALHO DE NAVEGANTES,VARA DO TRABALHO DE NAVEGANTES,CEDENTE,2026-07-14 13:58:55,2 VARA DO TRABALHO DE BRUSQUE - TRIAGEM DE EQUALIZACAO,2ª VARA DO TRABALHO DE BRUSQUE - TRIAGEM DE EQUALIZAÇÃO,REDISTRIBUICAO,2 VARA DO TRABALHO DE BRUSQUE,2ª VARA DO TRABALHO DE BRUSQUE,DESTINATARIA,2026-07-14 18:19:51,REDISTRIBUICAO,VALIDA,
0001766-77.2026.5.12.0015,0001766-77.2026.5.12.0015,1,VARA DO TRABALHO DE SAO MIGUEL DO OESTE,VARA DO TRABALHO DE SÃO MIGUEL DO OESTE,CEDENTE,2026-07-17 17:39:58,2 VARA DO TRABALHO DE LAGES - TRIAGEM DE EQUALIZACAO,2ª VARA DO TRABALHO DE LAGES - TRIAGEM DE EQUALIZAÇÃO,REDISTRIBUICAO,2 VARA DO TRABALHO DE LAGES,2ª VARA DO TRABALHO DE LAGES,DESTINATARIA,2026-07-17 18:12:58,REDISTRIBUICAO,VALIDA,
0001769-06.2026.5.12.0056,0001769-06.2026.5.12.0056,1,VARA DO TRABALHO DE NAVEGANTES,VARA DO TRABALHO DE NAVEGANTES,CEDENTE,2026-07-14 17:48:16,3 VARA DO TRABALHO DE BLUMENAU - TRIAGEM DE EQUALIZACAO,3ª VARA DO TRABALHO DE BLUMENAU - TRIAGEM DE EQUALIZAÇÃO,REDISTRIBUICAO,3 VARA DO TRABALHO DE BLUMENAU,3ª VARA DO TRABALHO DE BLUMENAU,DESTINATARIA,2026-07-14 18:08:48,REDISTRIBUICAO,VALIDA,
0001769-32.2026.5.12.0015,0001769-32.2026.5.12.0015,1,VARA DO TRABALHO DE SAO MIGUEL DO OESTE,VARA DO TRABALHO DE SÃO MIGUEL DO OESTE,CEDENTE,2026-07-20 14:08:14,4 VARA DO TRABALHO DE BLUMENAU - TRIAGEM DE EQUALIZACAO,4ª VARA DO TRABALHO DE BLUMENAU - TRIAGEM DE EQUALIZAÇÃO,REDISTRIBUICAO,4 VARA DO TRABALHO DE BLUMENAU,4ª VARA DO TRABALHO DE BLUMENAU,DESTINATARIA,2026-07-20 14:40:46,REDISTRIBUICAO,VALIDA,
0001770-88.2026.5.12.0056,0001770-88.2026.5.12.0056,1,VARA DO TRABALHO DE NAVEGANTES,VARA DO TRABALHO DE NAVEGANTES,CEDENTE,2026-07-14 17:48:29,VARA DO TRABALHO DE CANOINHAS - TRIAGEM DE EQUALIZACAO,VARA DO TRABALHO DE CANOINHAS - TRIAGEM DE EQUALIZAÇÃO,REDISTRIBUICAO,VARA DO TRABALHO DE CANOINHAS,VARA DO TRABALHO DE CANOINHAS,DESTINATARIA,2026-07-14 18:11:41,REDISTRIBUICAO,VALIDA,
0001771-73.2026.5.12.0056,0001771-73.2026.5.12.0056,1,VARA DO TRABALHO DE NAVEGANTES,VARA DO TRABALHO DE NAVEGANTES,CEDENTE,2026-07-15 14:03:30,VARA DO TRABALHO DE CANOINHAS - TRIAGEM DE EQUALIZACAO,VARA DO TRABALHO DE CANOINHAS - TRIAGEM DE EQUALIZAÇÃO,REDISTRIBUICAO,VARA DO TRABALHO DE CANOINHAS,VARA DO TRABALHO DE CANOINHAS,DESTINATARIA,2026-07-15 14:26:57,REDISTRIBUICAO,VALIDA,
0001772-58.2026.5.12.0056,0001772-58.2026.5.12.0056,1,VARA DO TRABALHO DE NAVEGANTES,VARA DO TRABALHO DE NAVEGANTES,CEDENTE,2026-07-15 13:45:47,VARA DO TRABALHO DE ARARANGUA - TRIAGEM DE EQUALIZACAO,VARA DO TRABALHO DE ARARANGUÁ - TRIAGEM DE EQUALIZAÇÃO,REDISTRIBUICAO,VARA DO TRABALHO DE ARARANGUA,VARA DO TRABALHO DE ARARANGUÁ,DESTINATARIA,2026-07-15 14:26:13,REDISTRIBUICAO,VALIDA,
0001773-43.2026.5.12.0056,0001773-43.2026.5.12.0056,1,VARA DO TRABALHO DE NAVEGANTES,VARA DO TRABALHO DE NAVEGANTES,CEDENTE,2026-07-15 13:46:01,VARA DO TRABALHO DE SAO BENTO DO SUL - TRIAGEM DE EQUALIZACAO,VARA DO TRABALHO DE SÃO BENTO DO SUL - TRIAGEM DE EQUALIZAÇÃO,REDISTRIBUICAO,VARA DO TRABALHO DE SAO BENTO DO SUL,VARA DO TRABALHO DE SÃO BENTO DO SUL,DESTINATARIA,2026-07-15 14:31:45,REDISTRIBUICAO,VALIDA,
0001774-54.2026.5.12.0015,0001774-54.2026.5.12.0015,1,VARA DO TRABALHO DE SAO MIGUEL DO OESTE,VARA DO TRABALHO DE SÃO MIGUEL DO OESTE,CEDENTE,2026-07-20 14:08:27,2 VARA DO TRABALHO DE LAGES - TRIAGEM DE EQUALIZACAO,2ª VARA DO TRABALHO DE LAGES - TRIAGEM DE EQUALIZAÇÃO,REDISTRIBUICAO,2 VARA DO TRABALHO DE LAGES,2ª VARA DO TRABALHO DE LAGES,DESTINATARIA,2026-07-20 14:37:04,REDISTRIBUICAO,VALIDA,
0001777-80.2026.5.12.0056,0001777-80.2026.5.12.0056,1,VARA DO TRABALHO DE NAVEGANTES,VARA DO TRABALHO DE NAVEGANTES,CEDENTE,2026-07-15 14:03:44,2 VARA DO TRABALHO DE BLUMENAU - TRIAGEM DE EQUALIZACAO,2ª VARA DO TRABALHO DE BLUMENAU - TRIAGEM DE EQUALIZAÇÃO,REDISTRIBUICAO,2 VARA DO TRABALHO DE BLUMENAU,2ª VARA DO TRABALHO DE BLUMENAU,DESTINATARIA,2026-07-15 14:20:04,REDISTRIBUICAO,VALIDA,
0001778-65.2026.5.12.0056,0001778-65.2026.5.12.0056,1,VARA DO TRABALHO DE NAVEGANTES,VARA DO TRABALHO DE NAVEGANTES,CEDENTE,2026-07-15 17:45:29,2 VARA DO TRABALHO DE TUBARAO - TRIAGEM DE EQUALIZACAO,2ª VARA DO TRABALHO DE TUBARÃO - TRIAGEM DE EQUALIZAÇÃO,REDISTRIBUICAO,2 VARA DO TRABALHO DE TUBARAO,2ª VARA DO TRABALHO DE TUBARÃO,DESTINATARIA,2026-07-15 18:26:18,REDISTRIBUICAO,VALIDA,
0001780-35.2026.5.12.0056,0001780-35.2026.5.12.0056,1,VARA DO TRABALHO DE NAVEGANTES,VARA DO TRABALHO DE NAVEGANTES,CEDENTE,2026-07-15 17:45:42,VARA DO TRABALHO DE CANOINHAS - TRIAGEM DE EQUALIZACAO,VARA DO TRABALHO DE CANOINHAS - TRIAGEM DE EQUALIZAÇÃO,REDISTRIBUICAO,VARA DO TRABALHO DE CANOINHAS,VARA DO TRABALHO DE CANOINHAS,DESTINATARIA,2026-07-15 18:16:29,REDISTRIBUICAO,VALIDA,
0001780-61.2026.5.12.0015,0001780-61.2026.5.12.0015,1,VARA DO TRABALHO DE SAO MIGUEL DO OESTE,VARA DO TRABALHO DE SÃO MIGUEL DO OESTE,CEDENTE,2026-07-20 14:08:41,1 VARA DO TRABALHO DE BLUMENAU - TRIAGEM DE EQUALIZACAO,1ª VARA DO TRABALHO DE BLUMENAU - TRIAGEM DE EQUALIZAÇÃO,REDISTRIBUICAO,1 VARA DO TRABALHO DE BLUMENAU,1ª VARA DO TRABALHO DE BLUMENAU,DESTINATARIA,2026-07-20 14:35:19,REDISTRIBUICAO,VALIDA,
0001781-20.2026.5.12.0056,0001781-20.2026.5.12.0056,1,VARA DO TRABALHO DE NAVEGANTES,VARA DO TRABALHO DE NAVEGANTES,CEDENTE,2026-07-15 17:45:54,2 VARA DO TRABALHO DE LAGES - TRIAGEM DE EQUALIZACAO,2ª VARA DO TRABALHO DE LAGES - TRIAGEM DE EQUALIZAÇÃO,REDISTRIBUICAO,2 VARA DO TRABALHO DE LAGES,2ª VARA DO TRABALHO DE LAGES,DESTINATARIA,2026-07-15 18:10:09,REDISTRIBUICAO,VALIDA,
0001781-46.2026.5.12.0015,0001781-46.2026.5.12.0015,1,VARA DO TRABALHO DE SAO MIGUEL DO OESTE,VARA DO TRABALHO DE SÃO MIGUEL DO OESTE,CEDENTE,2026-07-20 14:08:55,3 VARA DO TRABALHO DE LAGES - TRIAGEM DE EQUALIZACAO,3ª VARA DO TRABALHO DE LAGES - TRIAGEM DE EQUALIZAÇÃO,REDISTRIBUICAO,3 VARA DO TRABALHO DE LAGES,3ª VARA DO TRABALHO DE LAGES,DESTINATARIA,2026-07-20 14:39:50,REDISTRIBUICAO,VALIDA,
0001782-05.2026.5.12.0056,0001782-05.2026.5.12.0056,1,VARA DO TRABALHO DE NAVEGANTES,VARA DO TRABALHO DE NAVEGANTES,CEDENTE,2026-07-16 15:03:19,1 VARA DO TRABALHO DE LAGES - TRIAGEM DE EQUALIZACAO,1ª VARA DO TRABALHO DE LAGES - TRIAGEM DE EQUALIZAÇÃO,REDISTRIBUICAO,1 VARA DO TRABALHO DE LAGES,1ª VARA DO TRABALHO DE LAGES,DESTINATARIA,2026-07-16 15:55:02,REDISTRIBUICAO,VALIDA,
0001782-31.2026.5.12.0015,0001782-31.2026.5.12.0015,1,VARA DO TRABALHO DE SAO MIGUEL DO OESTE,VARA DO TRABALHO DE SÃO MIGUEL DO OESTE,CEDENTE,2026-07-20 17:06:42,4 VARA DO TRABALHO DE BLUMENAU - TRIAGEM DE EQUALIZACAO,4ª VARA DO TRABALHO DE BLUMENAU - TRIAGEM DE EQUALIZAÇÃO,REDISTRIBUICAO,4 VARA DO TRABALHO DE BLUMENAU,4ª VARA DO TRABALHO DE BLUMENAU,DESTINATARIA,2026-07-20 17:24:26,REDISTRIBUICAO,VALIDA,
0001783-16.2026.5.12.0015,0001783-16.2026.5.12.0015,1,VARA DO TRABALHO DE SAO MIGUEL DO OESTE,VARA DO TRABALHO DE SÃO MIGUEL DO OESTE,CEDENTE,2026-07-20 14:09:52,2 VARA DO TRABALHO DE TUBARAO - TRIAGEM DE EQUALIZACAO,2ª VARA DO TRABALHO DE TUBARÃO - TRIAGEM DE EQUALIZAÇÃO,REDISTRIBUICAO,2 VARA DO TRABALHO DE TUBARAO,2ª VARA DO TRABALHO DE TUBARÃO,DESTINATARIA,2026-07-20 14:38:16,REDISTRIBUICAO,VALIDA,
0001784-98.2026.5.12.0015,0001784-98.2026.5.12.0015,1,VARA DO TRABALHO DE SAO MIGUEL DO OESTE,VARA DO TRABALHO DE SÃO MIGUEL DO OESTE,CEDENTE,2026-07-20 14:10:06,2 VARA DO TRABALHO DE BLUMENAU - TRIAGEM DE EQUALIZACAO,2ª VARA DO TRABALHO DE BLUMENAU - TRIAGEM DE EQUALIZAÇÃO,REDISTRIBUICAO,2 VARA DO TRABALHO DE BLUMENAU,2ª VARA DO TRABALHO DE BLUMENAU,DESTINATARIA,2026-07-20 14:35:48,REDISTRIBUICAO,VALIDA,
0001785-57.2026.5.12.0056,0001785-57.2026.5.12.0056,1,VARA DO TRABALHO DE NAVEGANTES,VARA DO TRABALHO DE NAVEGANTES,CEDENTE,2026-07-16 15:03:32,VARA DO TRABALHO DE SAO BENTO DO SUL - TRIAGEM DE EQUALIZACAO,VARA DO TRABALHO DE SÃO BENTO DO SUL - TRIAGEM DE EQUALIZAÇÃO,REDISTRIBUICAO,VARA DO TRABALHO DE SAO BENTO DO SUL,VARA DO TRABALHO DE SÃO BENTO DO SUL,DESTINATARIA,2026-07-16 18:49:15,REDISTRIBUICAO,VALIDA,
0001785-83.2026.5.12.0015,0001785-83.2026.5.12.0015,1,VARA DO TRABALHO DE SAO MIGUEL DO OESTE,VARA DO TRABALHO DE SÃO MIGUEL DO OESTE,CEDENTE,2026-07-20 14:10:20,2 VARA DO TRABALHO DE TUBARAO - TRIAGEM DE EQUALIZACAO,2ª VARA DO TRABALHO DE TUBARÃO - TRIAGEM DE EQUALIZAÇÃO,REDISTRIBUICAO,2 VARA DO TRABALHO DE TUBARAO,2ª VARA DO TRABALHO DE TUBARÃO,DESTINATARIA,2026-07-20 14:38:31,REDISTRIBUICAO,VALIDA,
0001786-42.2026.5.12.0056,0001786-42.2026.5.12.0056,1,VARA DO TRABALHO DE NAVEGANTES,VARA DO TRABALHO DE NAVEGANTES,CEDENTE,2026-07-16 18:13:34,3 VARA DO TRABALHO DE BLUMENAU - TRIAGEM DE EQUALIZACAO,3ª VARA DO TRABALHO DE BLUMENAU - TRIAGEM DE EQUALIZAÇÃO,REDISTRIBUICAO,3 VARA DO TRABALHO DE BLUMENAU,3ª VARA DO TRABALHO DE BLUMENAU,DESTINATARIA,2026-07-16 18:35:47,REDISTRIBUICAO,VALIDA,
0001786-68.2026.5.12.0015,0001786-68.2026.5.12.0015,1,VARA DO TRABALHO DE SAO MIGUEL DO OESTE,VARA DO TRABALHO DE SÃO MIGUEL DO OESTE,CEDENTE,2026-07-20 17:06:53,VARA DO TRABALHO DE MAFRA - TRIAGEM DE EQUALIZACAO,VARA DO TRABALHO DE MAFRA - TRIAGEM DE EQUALIZAÇÃO,REDISTRIBUICAO,VARA DO TRABALHO DE MAFRA,VARA DO TRABALHO DE MAFRA,DESTINATARIA,2026-07-20 17:25:34,REDISTRIBUICAO,VALIDA,
0001787-27.2026.5.12.0056,0001787-27.2026.5.12.0056,1,VARA DO TRABALHO DE NAVEGANTES,VARA DO TRABALHO DE NAVEGANTES,CEDENTE,2026-07-16 18:13:50,1 VARA DO TRABALHO DE TUBARAO - TRIAGEM DE EQUALIZACAO,1ª VARA DO TRABALHO DE TUBARÃO - TRIAGEM DE EQUALIZAÇÃO,REDISTRIBUICAO,1 VARA DO TRABALHO DE TUBARAO,1ª VARA DO TRABALHO DE TUBARÃO,DESTINATARIA,2026-07-16 18:40:32,REDISTRIBUICAO,VALIDA,
0001787-53.2026.5.12.0015,0001787-53.2026.5.12.0015,1,VARA DO TRABALHO DE SAO MIGUEL DO OESTE,VARA DO TRABALHO DE SÃO MIGUEL DO OESTE,CEDENTE,2026-07-20 17:07:02,VARA DO TRABALHO DE MAFRA - TRIAGEM DE EQUALIZACAO,VARA DO TRABALHO DE MAFRA - TRIAGEM DE EQUALIZAÇÃO,REDISTRIBUICAO,VARA DO TRABALHO DE MAFRA,VARA DO TRABALHO DE MAFRA,DESTINATARIA,2026-07-20 17:28:48,REDISTRIBUICAO,VALIDA,
0001788-12.2026.5.12.0056,0001788-12.2026.5.12.0056,1,VARA DO TRABALHO DE NAVEGANTES,VARA DO TRABALHO DE NAVEGANTES,CEDENTE,2026-07-17 13:59:32,VARA DO TRABALHO DE ARARANGUA - TRIAGEM DE EQUALIZACAO,VARA DO TRABALHO DE ARARANGUÁ - TRIAGEM DE EQUALIZAÇÃO,REDISTRIBUICAO,VARA DO TRABALHO DE ARARANGUA,VARA DO TRABALHO DE ARARANGUÁ,DESTINATARIA,2026-07-17 14:26:22,REDISTRIBUICAO,VALIDA,
0001788-38.2026.5.12.0015,0001788-38.2026.5.12.0015,1,VARA DO TRABALHO DE SAO MIGUEL DO OESTE,VARA DO TRABALHO DE SÃO MIGUEL DO OESTE,CEDENTE,2026-07-20 17:07:12,2 VARA DO TRABALHO DE TUBARAO - TRIAGEM DE EQUALIZACAO,2ª VARA DO TRABALHO DE TUBARÃO - TRIAGEM DE EQUALIZAÇÃO,REDISTRIBUICAO,2 VARA DO TRABALHO DE TUBARAO,2ª VARA DO TRABALHO DE TUBARÃO,DESTINATARIA,2026-07-20 17:23:28,REDISTRIBUICAO,VALIDA,
0001789-23.2026.5.12.0015,0001789-23.2026.5.12.0015,1,VARA DO TRABALHO DE SAO MIGUEL DO OESTE,VARA DO TRABALHO DE SÃO MIGUEL DO OESTE,CEDENTE,2026-07-20 17:07:24,VARA DO TRABALHO DE SAO BENTO DO SUL - TRIAGEM DE EQUALIZACAO,VARA DO TRABALHO DE SÃO BENTO DO SUL - TRIAGEM DE EQUALIZAÇÃO,REDISTRIBUICAO,VARA DO TRABALHO DE SAO BENTO DO SUL,VARA DO TRABALHO DE SÃO BENTO DO SUL,DESTINATARIA,2026-07-20 17:26:06,REDISTRIBUICAO,VALIDA,
0001789-94.2026.5.12.0056,0001789-94.2026.5.12.0056,1,VARA DO TRABALHO DE NAVEGANTES,VARA DO TRABALHO DE NAVEGANTES,CEDENTE,2026-07-17 13:59:46,VARA DO TRABALHO DE INDAIAL - TRIAGEM DE EQUALIZACAO,VARA DO TRABALHO DE INDAIAL - TRIAGEM DE EQUALIZAÇÃO,REDISTRIBUICAO,VARA DO TRABALHO DE INDAIAL,VARA DO TRABALHO DE INDAIAL,DESTINATARIA,2026-07-17 14:32:11,REDISTRIBUICAO,VALIDA,
0001790-08.2026.5.12.0015,0001790-08.2026.5.12.0015,1,VARA DO TRABALHO DE SAO MIGUEL DO OESTE,VARA DO TRABALHO DE SÃO MIGUEL DO OESTE,CEDENTE,2026-07-20 17:07:35,3 VARA DO TRABALHO DE LAGES - TRIAGEM DE EQUALIZACAO,3ª VARA DO TRABALHO DE LAGES - TRIAGEM DE EQUALIZAÇÃO,REDISTRIBUICAO,3 VARA DO TRABALHO DE LAGES,3ª VARA DO TRABALHO DE LAGES,DESTINATARIA,2026-07-20 17:24:03,REDISTRIBUICAO,VALIDA,
0001790-79.2026.5.12.0056,0001790-79.2026.5.12.0056,1,VARA DO TRABALHO DE NAVEGANTES,VARA DO TRABALHO DE NAVEGANTES,CEDENTE,2026-07-17 14:00:00,3 VARA DO TRABALHO DE BLUMENAU - TRIAGEM DE EQUALIZACAO,3ª VARA DO TRABALHO DE BLUMENAU - TRIAGEM DE EQUALIZAÇÃO,REDISTRIBUICAO,3 VARA DO TRABALHO DE BLUMENAU,3ª VARA DO TRABALHO DE BLUMENAU,DESTINATARIA,2026-07-17 14:24:38,REDISTRIBUICAO,VALIDA,
0001791-64.2026.5.12.0056,0001791-64.2026.5.12.0056,1,VARA DO TRABALHO DE NAVEGANTES,VARA DO TRABALHO DE NAVEGANTES,CEDENTE,2026-07-17 14:08:49,VARA DO TRABALHO DE CURITIBANOS - TRIAGEM DE EQUALIZACAO,VARA DO TRABALHO DE CURITIBANOS - TRIAGEM DE EQUALIZAÇÃO,REDISTRIBUICAO,VARA DO TRABALHO DE CURITIBANOS,VARA DO TRABALHO DE CURITIBANOS,DESTINATARIA,2026-07-17 14:28:33,REDISTRIBUICAO,VALIDA,
0001791-90.2026.5.12.0015,0001791-90.2026.5.12.0015,1,VARA DO TRABALHO DE SAO MIGUEL DO OESTE,VARA DO TRABALHO DE SÃO MIGUEL DO OESTE,CEDENTE,2026-07-20 17:07:45,2 VARA DO TRABALHO DE LAGES - TRIAGEM DE EQUALIZACAO,2ª VARA DO TRABALHO DE LAGES - TRIAGEM DE EQUALIZAÇÃO,REDISTRIBUICAO,2 VARA DO TRABALHO DE LAGES,2ª VARA DO TRABALHO DE LAGES,DESTINATARIA,2026-07-20 17:22:40,REDISTRIBUICAO,VALIDA,
0001792-49.2026.5.12.0056,0001792-49.2026.5.12.0056,1,VARA DO TRABALHO DE NAVEGANTES,VARA DO TRABALHO DE NAVEGANTES,CEDENTE,2026-07-17 14:00:52,2 VARA DO TRABALHO DE TUBARAO - TRIAGEM DE EQUALIZACAO,2ª VARA DO TRABALHO DE TUBARÃO - TRIAGEM DE EQUALIZAÇÃO,REDISTRIBUICAO,2 VARA DO TRABALHO DE TUBARAO,2ª VARA DO TRABALHO DE TUBARÃO,DESTINATARIA,2026-07-17 14:23:42,REDISTRIBUICAO,VALIDA,
0001792-75.2026.5.12.0015,0001792-75.2026.5.12.0015,1,VARA DO TRABALHO DE SAO MIGUEL DO OESTE,VARA DO TRABALHO DE SÃO MIGUEL DO OESTE,CEDENTE,2026-07-20 17:07:56,2 VARA DO TRABALHO DE BLUMENAU - TRIAGEM DE EQUALIZACAO,2ª VARA DO TRABALHO DE BLUMENAU - TRIAGEM DE EQUALIZAÇÃO,REDISTRIBUICAO,2 VARA DO TRABALHO DE BLUMENAU,2ª VARA DO TRABALHO DE BLUMENAU,DESTINATARIA,2026-07-20 17:21:31,REDISTRIBUICAO,VALIDA,
0001793-34.2026.5.12.0056,0001793-34.2026.5.12.0056,1,VARA DO TRABALHO DE NAVEGANTES,VARA DO TRABALHO DE NAVEGANTES,CEDENTE,2026-07-17 14:01:06,VARA DO TRABALHO DE CANOINHAS - TRIAGEM DE EQUALIZACAO,VARA DO TRABALHO DE CANOINHAS - TRIAGEM DE EQUALIZAÇÃO,REDISTRIBUICAO,VARA DO TRABALHO DE CANOINHAS,VARA DO TRABALHO DE CANOINHAS,DESTINATARIA,2026-07-17 14:27:14,REDISTRIBUICAO,VALIDA,
0001793-60.2026.5.12.0015,0001793-60.2026.5.12.0015,1,VARA DO TRABALHO DE SAO MIGUEL DO OESTE,VARA DO TRABALHO DE SÃO MIGUEL DO OESTE,CEDENTE,2026-07-20 17:08:07,VARA DO TRABALHO DE CANOINHAS - TRIAGEM DE EQUALIZACAO,VARA DO TRABALHO DE CANOINHAS - TRIAGEM DE EQUALIZAÇÃO,REDISTRIBUICAO,VARA DO TRABALHO DE CANOINHAS,VARA DO TRABALHO DE CANOINHAS,DESTINATARIA,2026-07-20 17:25:00,REDISTRIBUICAO,VALIDA,
0001794-19.2026.5.12.0056,0001794-19.2026.5.12.0056,1,VARA DO TRABALHO DE NAVEGANTES,VARA DO TRABALHO DE NAVEGANTES,CEDENTE,2026-07-17 14:09:04,1 VARA DO TRABALHO DE BLUMENAU - TRIAGEM DE EQUALIZACAO,1ª VARA DO TRABALHO DE BLUMENAU - TRIAGEM DE EQUALIZAÇÃO,REDISTRIBUICAO,1 VARA DO TRABALHO DE BLUMENAU,1ª VARA DO TRABALHO DE BLUMENAU,DESTINATARIA,2026-07-17 14:18:16,REDISTRIBUICAO,VALIDA,
0001794-45.2026.5.12.0015,0001794-45.2026.5.12.0015,1,VARA DO TRABALHO DE SAO MIGUEL DO OESTE,VARA DO TRABALHO DE SÃO MIGUEL DO OESTE,CEDENTE,2026-07-21 14:06:51,2 VARA DO TRABALHO DE TUBARAO - TRIAGEM DE EQUALIZACAO,2ª VARA DO TRABALHO DE TUBARÃO - TRIAGEM DE EQUALIZAÇÃO,REDISTRIBUICAO,2 VARA DO TRABALHO DE TUBARAO,2ª VARA DO TRABALHO DE TUBARÃO,DESTINATARIA,2026-07-21 14:26:25,REDISTRIBUICAO,VALIDA,
0001795-04.2026.5.12.0056,0001795-04.2026.5.12.0056,1,VARA DO TRABALHO DE NAVEGANTES,VARA DO TRABALHO DE NAVEGANTES,CEDENTE,2026-07-17 17:37:41,1 VARA DO TRABALHO DE TUBARAO - TRIAGEM DE EQUALIZACAO,1ª VARA DO TRABALHO DE TUBARÃO - TRIAGEM DE EQUALIZAÇÃO,REDISTRIBUICAO,1 VARA DO TRABALHO DE TUBARAO,1ª VARA DO TRABALHO DE TUBARÃO,DESTINATARIA,2026-07-17 18:10:26,REDISTRIBUICAO,VALIDA,
0001795-30.2026.5.12.0015,0001795-30.2026.5.12.0015,1,VARA DO TRABALHO DE SAO MIGUEL DO OESTE,VARA DO TRABALHO DE SÃO MIGUEL DO OESTE,CEDENTE,2026-07-21 14:07:07,2 VARA DO TRABALHO DE TUBARAO - TRIAGEM DE EQUALIZACAO,2ª VARA DO TRABALHO DE TUBARÃO - TRIAGEM DE EQUALIZAÇÃO,REDISTRIBUICAO,2 VARA DO TRABALHO DE TUBARAO,2ª VARA DO TRABALHO DE TUBARÃO,DESTINATARIA,2026-07-21 14:26:40,REDISTRIBUICAO,VALIDA,
0001796-86.2026.5.12.0056,0001796-86.2026.5.12.0056,1,VARA DO TRABALHO DE NAVEGANTES,VARA DO TRABALHO DE NAVEGANTES,CEDENTE,2026-07-17 17:37:51,3 VARA DO TRABALHO DE BLUMENAU - TRIAGEM DE EQUALIZACAO,3ª VARA DO TRABALHO DE BLUMENAU - TRIAGEM DE EQUALIZAÇÃO,REDISTRIBUICAO,3 VARA DO TRABALHO DE BLUMENAU,3ª VARA DO TRABALHO DE BLUMENAU,DESTINATARIA,2026-07-17 18:14:27,REDISTRIBUICAO,VALIDA,
0001797-71.2026.5.12.0056,0001797-71.2026.5.12.0056,1,VARA DO TRABALHO DE NAVEGANTES,VARA DO TRABALHO DE NAVEGANTES,CEDENTE,2026-07-17 17:38:04,1 VARA DO TRABALHO DE LAGES - TRIAGEM DE EQUALIZACAO,1ª VARA DO TRABALHO DE LAGES - TRIAGEM DE EQUALIZAÇÃO,REDISTRIBUICAO,1 VARA DO TRABALHO DE LAGES,1ª VARA DO TRABALHO DE LAGES,DESTINATARIA,2026-07-17 18:27:37,REDISTRIBUICAO,VALIDA,
0001797-97.2026.5.12.0015,0001797-97.2026.5.12.0015,1,VARA DO TRABALHO DE SAO MIGUEL DO OESTE,VARA DO TRABALHO DE SÃO MIGUEL DO OESTE,CEDENTE,2026-07-21 14:07:23,3 VARA DO TRABALHO DE LAGES - TRIAGEM DE EQUALIZACAO,3ª VARA DO TRABALHO DE LAGES - TRIAGEM DE EQUALIZAÇÃO,REDISTRIBUICAO,3 VARA DO TRABALHO DE LAGES,3ª VARA DO TRABALHO DE LAGES,DESTINATARIA,2026-07-21 14:27:14,REDISTRIBUICAO,VALIDA,
0001798-56.2026.5.12.0056,0001798-56.2026.5.12.0056,1,VARA DO TRABALHO DE NAVEGANTES,VARA DO TRABALHO DE NAVEGANTES,CEDENTE,2026-07-17 17:38:15,VARA DO TRABALHO DE INDAIAL - TRIAGEM DE EQUALIZACAO,VARA DO TRABALHO DE INDAIAL - TRIAGEM DE EQUALIZAÇÃO,REDISTRIBUICAO,VARA DO TRABALHO DE INDAIAL,VARA DO TRABALHO DE INDAIAL,DESTINATARIA,2026-07-17 18:28:40,REDISTRIBUICAO,VALIDA,
0001799-41.2026.5.12.0056,0001799-41.2026.5.12.0056,1,VARA DO TRABALHO DE NAVEGANTES,VARA DO TRABALHO DE NAVEGANTES,CEDENTE,2026-07-17 17:38:29,VARA DO TRABALHO DE FRAIBURGO - TRIAGEM DE EQUALIZACAO,VARA DO TRABALHO DE FRAIBURGO - TRIAGEM DE EQUALIZAÇÃO,REDISTRIBUICAO,VARA DO TRABALHO DE FRAIBURGO,VARA DO TRABALHO DE FRAIBURGO,DESTINATARIA,2026-07-17 18:28:27,REDISTRIBUICAO,VALIDA,
0001800-52.2026.5.12.0015,0001800-52.2026.5.12.0015,1,VARA DO TRABALHO DE SAO MIGUEL DO OESTE,VARA DO TRABALHO DE SÃO MIGUEL DO OESTE,CEDENTE,2026-07-21 17:42:59,VARA DO TRABALHO DE SAO BENTO DO SUL - TRIAGEM DE EQUALIZACAO,VARA DO TRABALHO DE SÃO BENTO DO SUL - TRIAGEM DE EQUALIZAÇÃO,REDISTRIBUICAO,VARA DO TRABALHO DE SAO BENTO DO SUL,VARA DO TRABALHO DE SÃO BENTO DO SUL,DESTINATARIA,2026-07-21 18:08:29,REDISTRIBUICAO,VALIDA,
0001801-37.2026.5.12.0015,0001801-37.2026.5.12.0015,1,VARA DO TRABALHO DE SAO MIGUEL DO OESTE,VARA DO TRABALHO DE SÃO MIGUEL DO OESTE,CEDENTE,2026-07-21 17:43:10,2 VARA DO TRABALHO DE BLUMENAU - TRIAGEM DE EQUALIZACAO,2ª VARA DO TRABALHO DE BLUMENAU - TRIAGEM DE EQUALIZAÇÃO,REDISTRIBUICAO,2 VARA DO TRABALHO DE BLUMENAU,2ª VARA DO TRABALHO DE BLUMENAU,DESTINATARIA,2026-07-21 18:05:37,REDISTRIBUICAO,VALIDA,
0001803-07.2026.5.12.0015,0001803-07.2026.5.12.0015,1,VARA DO TRABALHO DE SAO MIGUEL DO OESTE,VARA DO TRABALHO DE SÃO MIGUEL DO OESTE,CEDENTE,2026-07-21 17:43:20,VARA DO TRABALHO DE CANOINHAS - TRIAGEM DE EQUALIZACAO,VARA DO TRABALHO DE CANOINHAS - TRIAGEM DE EQUALIZAÇÃO,REDISTRIBUICAO,VARA DO TRABALHO DE CANOINHAS,VARA DO TRABALHO DE CANOINHAS,DESTINATARIA,2026-07-21 18:07:27,REDISTRIBUICAO,VALIDA,
0001804-89.2026.5.12.0015,0001804-89.2026.5.12.0015,1,VARA DO TRABALHO DE SAO MIGUEL DO OESTE,VARA DO TRABALHO DE SÃO MIGUEL DO OESTE,CEDENTE,2026-07-21 17:43:30,VARA DO TRABALHO DE MAFRA - TRIAGEM DE EQUALIZACAO,VARA DO TRABALHO DE MAFRA - TRIAGEM DE EQUALIZAÇÃO,REDISTRIBUICAO,VARA DO TRABALHO DE MAFRA,VARA DO TRABALHO DE MAFRA,DESTINATARIA,2026-07-21 18:08:08,REDISTRIBUICAO,VALIDA,
0001805-74.2026.5.12.0015,0001805-74.2026.5.12.0015,1,VARA DO TRABALHO DE SAO MIGUEL DO OESTE,VARA DO TRABALHO DE SÃO MIGUEL DO OESTE,CEDENTE,2026-07-21 17:43:39,1 VARA DO TRABALHO DE BLUMENAU - TRIAGEM DE EQUALIZACAO,1ª VARA DO TRABALHO DE BLUMENAU - TRIAGEM DE EQUALIZAÇÃO,REDISTRIBUICAO,1 VARA DO TRABALHO DE BLUMENAU,1ª VARA DO TRABALHO DE BLUMENAU,DESTINATARIA,2026-07-21 18:04:53,REDISTRIBUICAO,VALIDA,
0001806-59.2026.5.12.0015,0001806-59.2026.5.12.0015,1,VARA DO TRABALHO DE SAO MIGUEL DO OESTE,VARA DO TRABALHO DE SÃO MIGUEL DO OESTE,CEDENTE,2026-07-21 17:50:40,1 VARA DO TRABALHO DE BLUMENAU - TRIAGEM DE EQUALIZACAO,1ª VARA DO TRABALHO DE BLUMENAU - TRIAGEM DE EQUALIZAÇÃO,REDISTRIBUICAO,1 VARA DO TRABALHO DE BLUMENAU,1ª VARA DO TRABALHO DE BLUMENAU,DESTINATARIA,2026-07-21 18:14:54,REDISTRIBUICAO,VALIDA,
0001808-29.2026.5.12.0015,0001808-29.2026.5.12.0015,1,VARA DO TRABALHO DE SAO MIGUEL DO OESTE,VARA DO TRABALHO DE SÃO MIGUEL DO OESTE,CEDENTE,2026-07-22 14:07:11,VARA DO TRABALHO DE SAO BENTO DO SUL - TRIAGEM DE EQUALIZACAO,VARA DO TRABALHO DE SÃO BENTO DO SUL - TRIAGEM DE EQUALIZAÇÃO,REDISTRIBUICAO,VARA DO TRABALHO DE SAO BENTO DO SUL,VARA DO TRABALHO DE SÃO BENTO DO SUL,DESTINATARIA,2026-07-22 14:24:32,REDISTRIBUICAO,VALIDA,
0001809-14.2026.5.12.0015,0001809-14.2026.5.12.0015,1,VARA DO TRABALHO DE SAO MIGUEL DO OESTE,VARA DO TRABALHO DE SÃO MIGUEL DO OESTE,CEDENTE,2026-07-22 14:07:26,2 VARA DO TRABALHO DE LAGES - TRIAGEM DE EQUALIZACAO,2ª VARA DO TRABALHO DE LAGES - TRIAGEM DE EQUALIZAÇÃO,REDISTRIBUICAO,2 VARA DO TRABALHO DE LAGES,2ª VARA DO TRABALHO DE LAGES,DESTINATARIA,2026-07-22 14:16:13,REDISTRIBUICAO,VALIDA,
0001810-96.2026.5.12.0015,0001810-96.2026.5.12.0015,1,VARA DO TRABALHO DE SAO MIGUEL DO OESTE,VARA DO TRABALHO DE SÃO MIGUEL DO OESTE,CEDENTE,2026-07-22 14:07:42,VARA DO TRABALHO DE MAFRA - TRIAGEM DE EQUALIZACAO,VARA DO TRABALHO DE MAFRA - TRIAGEM DE EQUALIZAÇÃO,REDISTRIBUICAO,VARA DO TRABALHO DE MAFRA,VARA DO TRABALHO DE MAFRA,DESTINATARIA,2026-07-22 14:17:37,REDISTRIBUICAO,VALIDA,
0001812-66.2026.5.12.0015,0001812-66.2026.5.12.0015,1,VARA DO TRABALHO DE SAO MIGUEL DO OESTE,VARA DO TRABALHO DE SÃO MIGUEL DO OESTE,CEDENTE,2026-07-22 14:07:58,3 VARA DO TRABALHO DE LAGES - TRIAGEM DE EQUALIZACAO,3ª VARA DO TRABALHO DE LAGES - TRIAGEM DE EQUALIZAÇÃO,REDISTRIBUICAO,3 VARA DO TRABALHO DE LAGES,3ª VARA DO TRABALHO DE LAGES,DESTINATARIA,2026-07-22 14:16:48,REDISTRIBUICAO,VALIDA,
0001814-36.2026.5.12.0015,0001814-36.2026.5.12.0015,1,VARA DO TRABALHO DE SAO MIGUEL DO OESTE,VARA DO TRABALHO DE SÃO MIGUEL DO OESTE,CEDENTE,2026-07-22 18:23:07,VARA DO TRABALHO DE CANOINHAS - TRIAGEM DE EQUALIZACAO,VARA DO TRABALHO DE CANOINHAS - TRIAGEM DE EQUALIZAÇÃO,REDISTRIBUICAO,VARA DO TRABALHO DE CANOINHAS,VARA DO TRABALHO DE CANOINHAS,DESTINATARIA,2026-07-22 18:39:16,REDISTRIBUICAO,VALIDA,
0001815-21.2026.5.12.0015,0001815-21.2026.5.12.0015,1,VARA DO TRABALHO DE SAO MIGUEL DO OESTE,VARA DO TRABALHO DE SÃO MIGUEL DO OESTE,CEDENTE,2026-07-22 18:23:17,3 VARA DO TRABALHO DE LAGES - TRIAGEM DE EQUALIZACAO,3ª VARA DO TRABALHO DE LAGES - TRIAGEM DE EQUALIZAÇÃO,REDISTRIBUICAO,3 VARA DO TRABALHO DE LAGES,3ª VARA DO TRABALHO DE LAGES,DESTINATARIA,2026-07-22 18:37:54,REDISTRIBUICAO,VALIDA,
0001816-73.2026.5.12.0025,0001816-73.2026.5.12.0025,1,VARA DO TRABALHO DE XANXERE,VARA DO TRABALHO DE XANXERÊ,CEDENTE,2026-08-03 14:07:36,VARA DO TRABALHO DE MAFRA - TRIAGEM DE EQUALIZACAO,VARA DO TRABALHO DE MAFRA - TRIAGEM DE EQUALIZAÇÃO,REDISTRIBUICAO,VARA DO TRABALHO DE MAFRA,VARA DO TRABALHO DE MAFRA,DESTINATARIA,2026-08-03 14:18:54,REDISTRIBUICAO,VALIDA,
0001817-58.2026.5.12.0025,0001817-58.2026.5.12.0025,1,VARA DO TRABALHO DE XANXERE,VARA DO TRABALHO DE XANXERÊ,CEDENTE,2026-08-03 14:07:51,VARA DO TRABALHO DE MAFRA - TRIAGEM DE EQUALIZACAO,VARA DO TRABALHO DE MAFRA - TRIAGEM DE EQUALIZAÇÃO,REDISTRIBUICAO,VARA DO TRABALHO DE MAFRA,VARA DO TRABALHO DE MAFRA,DESTINATARIA,2026-08-03 14:19:10,REDISTRIBUICAO,VALIDA,
0001817-88.2026.5.12.0015,0001817-88.2026.5.12.0015,1,VARA DO TRABALHO DE SAO MIGUEL DO OESTE,VARA DO TRABALHO DE SÃO MIGUEL DO OESTE,CEDENTE,2026-07-22 18:23:27,1 VARA DO TRABALHO DE BLUMENAU - TRIAGEM DE EQUALIZACAO,1ª VARA DO TRABALHO DE BLUMENAU - TRIAGEM DE EQUALIZAÇÃO,REDISTRIBUICAO,1 VARA DO TRABALHO DE BLUMENAU,1ª VARA DO TRABALHO DE BLUMENAU,DESTINATARIA,2026-07-22 18:36:16,REDISTRIBUICAO,VALIDA,
0001818-43.2026.5.12.0025,0001818-43.2026.5.12.0025,1,VARA DO TRABALHO DE XANXERE,VARA DO TRABALHO DE XANXERÊ,CEDENTE,2026-08-03 14:08:08,1 VARA DO TRABALHO DE LAGES - TRIAGEM DE EQUALIZACAO,1ª VARA DO TRABALHO DE LAGES - TRIAGEM DE EQUALIZAÇÃO,REDISTRIBUICAO,1 VARA DO TRABALHO DE LAGES,1ª VARA DO TRABALHO DE LAGES,DESTINATARIA,2026-08-03 14:14:19,REDISTRIBUICAO,VALIDA,
0001818-73.2026.5.12.0015,0001818-73.2026.5.12.0015,1,VARA DO TRABALHO DE SAO MIGUEL DO OESTE,VARA DO TRABALHO DE SÃO MIGUEL DO OESTE,CEDENTE,2026-07-22 18:23:36,1 VARA DO TRABALHO DE BLUMENAU - TRIAGEM DE EQUALIZACAO,1ª VARA DO TRABALHO DE BLUMENAU - TRIAGEM DE EQUALIZAÇÃO,REDISTRIBUICAO,1 VARA DO TRABALHO DE BLUMENAU,1ª VARA DO TRABALHO DE BLUMENAU,DESTINATARIA,2026-07-22 18:36:27,REDISTRIBUICAO,VALIDA,
0001819-28.2026.5.12.0025,0001819-28.2026.5.12.0025,1,VARA DO TRABALHO DE XANXERE,VARA DO TRABALHO DE XANXERÊ,CEDENTE,2026-08-03 14:08:24,VARA DO TRABALHO DE MAFRA - TRIAGEM DE EQUALIZACAO,VARA DO TRABALHO DE MAFRA - TRIAGEM DE EQUALIZAÇÃO,REDISTRIBUICAO,VARA DO TRABALHO DE MAFRA,VARA DO TRABALHO DE MAFRA,DESTINATARIA,2026-08-03 14:19:30,REDISTRIBUICAO,VALIDA,
0001819-58.2026.5.12.0015,0001819-58.2026.5.12.0015,1,VARA DO TRABALHO DE SAO MIGUEL DO OESTE,VARA DO TRABALHO DE SÃO MIGUEL DO OESTE,CEDENTE,2026-07-23 14:06:44,2 VARA DO TRABALHO DE TUBARAO - TRIAGEM DE EQUALIZACAO,2ª VARA DO TRABALHO DE TUBARÃO - TRIAGEM DE EQUALIZAÇÃO,REDISTRIBUICAO,2 VARA DO TRABALHO DE TUBARAO,2ª VARA DO TRABALHO DE TUBARÃO,DESTINATARIA,2026-07-23 14:38:26,REDISTRIBUICAO,VALIDA,
0001820-13.2026.5.12.0025,0001820-13.2026.5.12.0025,1,VARA DO TRABALHO DE XANXERE,VARA DO TRABALHO DE XANXERÊ,CEDENTE,2026-08-03 17:46:10,VARA DO TRABALHO DE ARARANGUA - TRIAGEM DE EQUALIZACAO,VARA DO TRABALHO DE ARARANGUÁ - TRIAGEM DE EQUALIZAÇÃO,REDISTRIBUICAO,VARA DO TRABALHO DE ARARANGUA,VARA DO TRABALHO DE ARARANGUÁ,DESTINATARIA,2026-08-03 17:54:29,REDISTRIBUICAO,VALIDA,
0001820-43.2026.5.12.0015,0001820-43.2026.5.12.0015,1,VARA DO TRABALHO DE SAO MIGUEL DO OESTE,VARA DO TRABALHO DE SÃO MIGUEL DO OESTE,CEDENTE,2026-07-23 14:06:58,2 VARA DO TRABALHO DE TUBARAO - TRIAGEM DE EQUALIZACAO,2ª VARA DO TRABALHO DE TUBARÃO - TRIAGEM DE EQUALIZAÇÃO,REDISTRIBUICAO,2 VARA DO TRABALHO DE TUBARAO,2ª VARA DO TRABALHO DE TUBARÃO,DESTINATARIA,2026-07-23 14:20:18,REDISTRIBUICAO,VALIDA,
0001821-28.2026.5.12.0015,0001821-28.2026.5.12.0015,1,VARA DO TRABALHO DE SAO MIGUEL DO OESTE,VARA DO TRABALHO DE SÃO MIGUEL DO OESTE,CEDENTE,2026-07-23 17:36:36,4 VARA DO TRABALHO DE BLUMENAU - TRIAGEM DE EQUALIZACAO,4ª VARA DO TRABALHO DE BLUMENAU - TRIAGEM DE EQUALIZAÇÃO,REDISTRIBUICAO,4 VARA DO TRABALHO DE BLUMENAU,4ª VARA DO TRABALHO DE BLUMENAU,DESTINATARIA,2026-07-23 18:13:01,REDISTRIBUICAO,VALIDA,
0001822-13.2026.5.12.0015,0001822-13.2026.5.12.0015,1,VARA DO TRABALHO DE SAO MIGUEL DO OESTE,VARA DO TRABALHO DE SÃO MIGUEL DO OESTE,CEDENTE,2026-07-23 17:36:47,2 VARA DO TRABALHO DE LAGES - TRIAGEM DE EQUALIZACAO,2ª VARA DO TRABALHO DE LAGES - TRIAGEM DE EQUALIZAÇÃO,REDISTRIBUICAO,2 VARA DO TRABALHO DE LAGES,2ª VARA DO TRABALHO DE LAGES,DESTINATARIA,2026-07-23 18:10:50,REDISTRIBUICAO,VALIDA,
0001822-80.2026.5.12.0025,0001822-80.2026.5.12.0025,1,VARA DO TRABALHO DE XANXERE,VARA DO TRABALHO DE XANXERÊ,CEDENTE,2026-08-04 14:06:16,VARA DO TRABALHO DE INDAIAL - TRIAGEM DE EQUALIZACAO,VARA DO TRABALHO DE INDAIAL - TRIAGEM DE EQUALIZAÇÃO,REDISTRIBUICAO,VARA DO TRABALHO DE INDAIAL,VARA DO TRABALHO DE INDAIAL,DESTINATARIA,2026-08-04 14:17:53,REDISTRIBUICAO,VALIDA,
0001823-65.2026.5.12.0025,0001823-65.2026.5.12.0025,1,VARA DO TRABALHO DE XANXERE,VARA DO TRABALHO DE XANXERÊ,CEDENTE,2026-08-04 14:06:32,VARA DO TRABALHO DE ARARANGUA - TRIAGEM DE EQUALIZACAO,VARA DO TRABALHO DE ARARANGUÁ - TRIAGEM DE EQUALIZAÇÃO,REDISTRIBUICAO,VARA DO TRABALHO DE ARARANGUA,VARA DO TRABALHO DE ARARANGUÁ,DESTINATARIA,2026-08-04 14:17:20,REDISTRIBUICAO,VALIDA,
0001823-95.2026.5.12.0015,0001823-95.2026.5.12.0015,1,VARA DO TRABALHO DE SAO MIGUEL DO OESTE,VARA DO TRABALHO DE SÃO MIGUEL DO OESTE,CEDENTE,2026-07-23 18:01:14,2 VARA DO TRABALHO DE TUBARAO - TRIAGEM DE EQUALIZACAO,2ª VARA DO TRABALHO DE TUBARÃO - TRIAGEM DE EQUALIZAÇÃO,REDISTRIBUICAO,2 VARA DO TRABALHO DE TUBARAO,2ª VARA DO TRABALHO DE TUBARÃO,DESTINATARIA,2026-07-23 18:11:49,REDISTRIBUICAO,VALIDA,
0001824-80.2026.5.12.0015,0001824-80.2026.5.12.0015,1,VARA DO TRABALHO DE SAO MIGUEL DO OESTE,VARA DO TRABALHO DE SÃO MIGUEL DO OESTE,CEDENTE,2026-07-24 14:07:50,1 VARA DO TRABALHO DE BLUMENAU - TRIAGEM DE EQUALIZACAO,1ª VARA DO TRABALHO DE BLUMENAU - TRIAGEM DE EQUALIZAÇÃO,REDISTRIBUICAO,1 VARA DO TRABALHO DE BLUMENAU,1ª VARA DO TRABALHO DE BLUMENAU,DESTINATARIA,2026-07-24 14:21:57,REDISTRIBUICAO,VALIDA,
0001825-65.2026.5.12.0015,0001825-65.2026.5.12.0015,1,VARA DO TRABALHO DE SAO MIGUEL DO OESTE,VARA DO TRABALHO DE SÃO MIGUEL DO OESTE,CEDENTE,2026-07-24 14:14:50,VARA DO TRABALHO DE MAFRA - TRIAGEM DE EQUALIZACAO,VARA DO TRABALHO DE MAFRA - TRIAGEM DE EQUALIZAÇÃO,REDISTRIBUICAO,VARA DO TRABALHO DE MAFRA,VARA DO TRABALHO DE MAFRA,DESTINATARIA,2026-07-24 14:25:33,REDISTRIBUICAO,VALIDA,
0001826-50.2026.5.12.0015,0001826-50.2026.5.12.0015,1,VARA DO TRABALHO DE SAO MIGUEL DO OESTE,VARA DO TRABALHO DE SÃO MIGUEL DO OESTE,CEDENTE,2026-07-24 14:08:03,VARA DO TRABALHO DE MAFRA - TRIAGEM DE EQUALIZACAO,VARA DO TRABALHO DE MAFRA - TRIAGEM DE EQUALIZAÇÃO,REDISTRIBUICAO,VARA DO TRABALHO DE MAFRA,VARA DO TRABALHO DE MAFRA,DESTINATARIA,2026-07-24 14:25:44,REDISTRIBUICAO,VALIDA,
0001827-05.2026.5.12.0025,0001827-05.2026.5.12.0025,1,VARA DO TRABALHO DE XANXERE,VARA DO TRABALHO DE XANXERÊ,CEDENTE,2026-08-04 17:25:02,1 VARA DO TRABALHO DE LAGES - TRIAGEM DE EQUALIZACAO,1ª VARA DO TRABALHO DE LAGES - TRIAGEM DE EQUALIZAÇÃO,REDISTRIBUICAO,1 VARA DO TRABALHO DE LAGES,1ª VARA DO TRABALHO DE LAGES,DESTINATARIA,2026-08-04 17:43:55,REDISTRIBUICAO,VALIDA,
0001827-35.2026.5.12.0015,0001827-35.2026.5.12.0015,1,VARA DO TRABALHO DE SAO MIGUEL DO OESTE,VARA DO TRABALHO DE SÃO MIGUEL DO OESTE,CEDENTE,2026-07-24 17:28:35,3 VARA DO TRABALHO DE LAGES - TRIAGEM DE EQUALIZACAO,3ª VARA DO TRABALHO DE LAGES - TRIAGEM DE EQUALIZAÇÃO,REDISTRIBUICAO,3 VARA DO TRABALHO DE LAGES,3ª VARA DO TRABALHO DE LAGES,DESTINATARIA,2026-07-24 17:44:21,REDISTRIBUICAO,VALIDA,
0001828-87.2026.5.12.0025,0001828-87.2026.5.12.0025,1,VARA DO TRABALHO DE XANXERE,VARA DO TRABALHO DE XANXERÊ,CEDENTE,2026-08-05 14:18:51,3 VARA DO TRABALHO DE LAGES - TRIAGEM DE EQUALIZACAO,3ª VARA DO TRABALHO DE LAGES - TRIAGEM DE EQUALIZAÇÃO,REDISTRIBUICAO,3 VARA DO TRABALHO DE LAGES,3ª VARA DO TRABALHO DE LAGES,DESTINATARIA,2026-08-05 14:24:57,REDISTRIBUICAO,VALIDA,
0001829-05.2026.5.12.0015,0001829-05.2026.5.12.0015,1,VARA DO TRABALHO DE SAO MIGUEL DO OESTE,VARA DO TRABALHO DE SÃO MIGUEL DO OESTE,CEDENTE,2026-07-24 17:28:43,1 VARA DO TRABALHO DE BLUMENAU - TRIAGEM DE EQUALIZACAO,1ª VARA DO TRABALHO DE BLUMENAU - TRIAGEM DE EQUALIZAÇÃO,REDISTRIBUICAO,1 VARA DO TRABALHO DE BLUMENAU,1ª VARA DO TRABALHO DE BLUMENAU,DESTINATARIA,2026-07-24 17:42:14,REDISTRIBUICAO,VALIDA,
0001829-72.2026.5.12.0025,0001829-72.2026.5.12.0025,1,VARA DO TRABALHO DE XANXERE,VARA DO TRABALHO DE XANXERÊ,CEDENTE,2026-08-04 17:31:24,VARA DO TRABALHO DE INDAIAL - TRIAGEM DE EQUALIZACAO,VARA DO TRABALHO DE INDAIAL - TRIAGEM DE EQUALIZAÇÃO,REDISTRIBUICAO,VARA DO TRABALHO DE INDAIAL,VARA DO TRABALHO DE INDAIAL,DESTINATARIA,2026-08-04 17:45:45,REDISTRIBUICAO,VALIDA,
0001830-57.2026.5.12.0025,0001830-57.2026.5.12.0025,1,VARA DO TRABALHO DE XANXERE,VARA DO TRABALHO DE XANXERÊ,CEDENTE,2026-08-05 14:19:07,1 VARA DO TRABALHO DE LAGES - TRIAGEM DE EQUALIZACAO,1ª VARA DO TRABALHO DE LAGES - TRIAGEM DE EQUALIZAÇÃO,REDISTRIBUICAO,1 VARA DO TRABALHO DE LAGES,1ª VARA DO TRABALHO DE LAGES,DESTINATARIA,2026-08-05 14:24:23,REDISTRIBUICAO,VALIDA,
0001830-87.2026.5.12.0015,0001830-87.2026.5.12.0015,1,VARA DO TRABALHO DE SAO MIGUEL DO OESTE,VARA DO TRABALHO DE SÃO MIGUEL DO OESTE,CEDENTE,2026-07-24 17:28:53,VARA DO TRABALHO DE CANOINHAS - TRIAGEM DE EQUALIZACAO,VARA DO TRABALHO DE CANOINHAS - TRIAGEM DE EQUALIZAÇÃO,REDISTRIBUICAO,VARA DO TRABALHO DE CANOINHAS,VARA DO TRABALHO DE CANOINHAS,DESTINATARIA,2026-07-24 17:45:05,REDISTRIBUICAO,VALIDA,
0001831-42.2026.5.12.0025,0001831-42.2026.5.12.0025,1,VARA DO TRABALHO DE XANXERE,VARA DO TRABALHO DE XANXERÊ,CEDENTE,2026-08-05 18:02:22,VARA DO TRABALHO DE ARARANGUA - TRIAGEM DE EQUALIZACAO,VARA DO TRABALHO DE ARARANGUÁ - TRIAGEM DE EQUALIZAÇÃO,REDISTRIBUICAO,VARA DO TRABALHO DE ARARANGUA,VARA DO TRABALHO DE ARARANGUÁ,DESTINATARIA,2026-08-05 18:15:59,REDISTRIBUICAO,VALIDA,
0001831-72.2026.5.12.0015,0001831-72.2026.5.12.0015,1,VARA DO TRABALHO DE SAO MIGUEL DO OESTE,VARA DO TRABALHO DE SÃO MIGUEL DO OESTE,CEDENTE,2026-07-24 17:29:03,2 VARA DO TRABALHO DE TUBARAO - TRIAGEM DE EQUALIZACAO,2ª VARA DO TRABALHO DE TUBARÃO - TRIAGEM DE EQUALIZAÇÃO,REDISTRIBUICAO,2 VARA DO TRABALHO DE TUBARAO,2ª VARA DO TRABALHO DE TUBARÃO,DESTINATARIA,2026-07-24 17:44:10,REDISTRIBUICAO,VALIDA,
0001832-27.2026.5.12.0025,0001832-27.2026.5.12.0025,1,VARA DO TRABALHO DE XANXERE,VARA DO TRABALHO DE XANXERÊ,CEDENTE,2026-08-05 18:02:32,3 VARA DO TRABALHO DE LAGES - TRIAGEM DE EQUALIZACAO,3ª VARA DO TRABALHO DE LAGES - TRIAGEM DE EQUALIZAÇÃO,REDISTRIBUICAO,3 VARA DO TRABALHO DE LAGES,3ª VARA DO TRABALHO DE LAGES,DESTINATARIA,2026-08-05 18:15:25,REDISTRIBUICAO,VALIDA,
0001832-57.2026.5.12.0015,0001832-57.2026.5.12.0015,1,VARA DO TRABALHO DE SAO MIGUEL DO OESTE,VARA DO TRABALHO DE SÃO MIGUEL DO OESTE,CEDENTE,2026-07-24 17:34:38,VARA DO TRABALHO DE SAO BENTO DO SUL - TRIAGEM DE EQUALIZACAO,VARA DO TRABALHO DE SÃO BENTO DO SUL - TRIAGEM DE EQUALIZAÇÃO,REDISTRIBUICAO,VARA DO TRABALHO DE SAO BENTO DO SUL,VARA DO TRABALHO DE SÃO BENTO DO SUL,DESTINATARIA,2026-07-24 17:45:47,REDISTRIBUICAO,VALIDA,
0001833-12.2026.5.12.0025,0001833-12.2026.5.12.0025,1,VARA DO TRABALHO DE XANXERE,VARA DO TRABALHO DE XANXERÊ,CEDENTE,2026-08-06 14:05:21,VARA DO TRABALHO DE ARARANGUA - TRIAGEM DE EQUALIZACAO,VARA DO TRABALHO DE ARARANGUÁ - TRIAGEM DE EQUALIZAÇÃO,REDISTRIBUICAO,VARA DO TRABALHO DE ARARANGUA,VARA DO TRABALHO DE ARARANGUÁ,DESTINATARIA,2026-08-06 14:41:24,REDISTRIBUICAO,VALIDA,
0001833-42.2026.5.12.0015,0001833-42.2026.5.12.0015,1,VARA DO TRABALHO DE SAO MIGUEL DO OESTE,VARA DO TRABALHO DE SÃO MIGUEL DO OESTE,CEDENTE,2026-07-24 17:34:48,1 VARA DO TRABALHO DE BLUMENAU - TRIAGEM DE EQUALIZACAO,1ª VARA DO TRABALHO DE BLUMENAU - TRIAGEM DE EQUALIZAÇÃO,REDISTRIBUICAO,1 VARA DO TRABALHO DE BLUMENAU,1ª VARA DO TRABALHO DE BLUMENAU,DESTINATARIA,2026-07-24 17:42:25,REDISTRIBUICAO,VALIDA,
0001834-27.2026.5.12.0015,0001834-27.2026.5.12.0015,1,VARA DO TRABALHO DE SAO MIGUEL DO OESTE,VARA DO TRABALHO DE SÃO MIGUEL DO OESTE,CEDENTE,2026-07-24 17:38:04,2 VARA DO TRABALHO DE TUBARAO - TRIAGEM DE EQUALIZACAO,2ª VARA DO TRABALHO DE TUBARÃO - TRIAGEM DE EQUALIZAÇÃO,REDISTRIBUICAO,2 VARA DO TRABALHO DE TUBARAO,2ª VARA DO TRABALHO DE TUBARÃO,DESTINATARIA,2026-07-24 17:50:45,REDISTRIBUICAO,VALIDA,
0001834-94.2026.5.12.0025,0001834-94.2026.5.12.0025,1,VARA DO TRABALHO DE XANXERE,VARA DO TRABALHO DE XANXERÊ,CEDENTE,2026-08-06 14:05:35,2 VARA DO TRABALHO DE LAGES - TRIAGEM DE EQUALIZACAO,2ª VARA DO TRABALHO DE LAGES - TRIAGEM DE EQUALIZAÇÃO,REDISTRIBUICAO,2 VARA DO TRABALHO DE LAGES,2ª VARA DO TRABALHO DE LAGES,DESTINATARIA,2026-08-06 14:39:24,REDISTRIBUICAO,VALIDA,
0001835-12.2026.5.12.0015,0001835-12.2026.5.12.0015,1,VARA DO TRABALHO DE SAO MIGUEL DO OESTE,VARA DO TRABALHO DE SÃO MIGUEL DO OESTE,CEDENTE,2026-07-27 14:08:30,1 VARA DO TRABALHO DE LAGES - TRIAGEM DE EQUALIZACAO,1ª VARA DO TRABALHO DE LAGES - TRIAGEM DE EQUALIZAÇÃO,REDISTRIBUICAO,1 VARA DO TRABALHO DE LAGES,1ª VARA DO TRABALHO DE LAGES,DESTINATARIA,2026-07-27 14:17:41,REDISTRIBUICAO,VALIDA,
0001835-79.2026.5.12.0025,0001835-79.2026.5.12.0025,1,VARA DO TRABALHO DE XANXERE,VARA DO TRABALHO DE XANXERÊ,CEDENTE,2026-08-06 14:05:51,VARA DO TRABALHO DE INDAIAL - TRIAGEM DE EQUALIZACAO,VARA DO TRABALHO DE INDAIAL - TRIAGEM DE EQUALIZAÇÃO,REDISTRIBUICAO,VARA DO TRABALHO DE INDAIAL,VARA DO TRABALHO DE INDAIAL,DESTINATARIA,2026-08-06 14:36:29,REDISTRIBUICAO,VALIDA,
0001836-64.2026.5.12.0025,0001836-64.2026.5.12.0025,1,VARA DO TRABALHO DE XANXERE,VARA DO TRABALHO DE XANXERÊ,CEDENTE,2026-08-06 14:15:25,3 VARA DO TRABALHO DE LAGES - TRIAGEM DE EQUALIZACAO,3ª VARA DO TRABALHO DE LAGES - TRIAGEM DE EQUALIZAÇÃO,REDISTRIBUICAO,3 VARA DO TRABALHO DE LAGES,3ª VARA DO TRABALHO DE LAGES,DESTINATARIA,2026-08-06 14:43:41,REDISTRIBUICAO,VALIDA,
0001836-94.2026.5.12.0015,0001836-94.2026.5.12.0015,1,VARA DO TRABALHO DE SAO MIGUEL DO OESTE,VARA DO TRABALHO DE SÃO MIGUEL DO OESTE,CEDENTE,2026-07-27 14:08:46,VARA DO TRABALHO DE ARARANGUA - TRIAGEM DE EQUALIZACAO,VARA DO TRABALHO DE ARARANGUÁ - TRIAGEM DE EQUALIZAÇÃO,REDISTRIBUICAO,VARA DO TRABALHO DE ARARANGUA,VARA DO TRABALHO DE ARARANGUÁ,DESTINATARIA,2026-07-27 14:20:50,REDISTRIBUICAO,VALIDA,
0001837-49.2026.5.12.0025,0001837-49.2026.5.12.0025,1,VARA DO TRABALHO DE XANXERE,VARA DO TRABALHO DE XANXERÊ,CEDENTE,2026-08-06 17:56:42,2 VARA DO TRABALHO DE LAGES - TRIAGEM DE EQUALIZACAO,2ª VARA DO TRABALHO DE LAGES - TRIAGEM DE EQUALIZAÇÃO,REDISTRIBUICAO,2 VARA DO TRABALHO DE LAGES,2ª VARA DO TRABALHO DE LAGES,DESTINATARIA,2026-08-06 18:09:07,REDISTRIBUICAO,VALIDA,
0001837-79.2026.5.12.0015,0001837-79.2026.5.12.0015,1,VARA DO TRABALHO DE SAO MIGUEL DO OESTE,VARA DO TRABALHO DE SÃO MIGUEL DO OESTE,CEDENTE,2026-07-27 14:09:01,1 VARA DO TRABALHO DE TUBARAO - TRIAGEM DE EQUALIZACAO,1ª VARA DO TRABALHO DE TUBARÃO - TRIAGEM DE EQUALIZAÇÃO,REDISTRIBUICAO,1 VARA DO TRABALHO DE TUBARAO,1ª VARA DO TRABALHO DE TUBARÃO,DESTINATARIA,2026-07-27 14:18:16,REDISTRIBUICAO,VALIDA,
0001838-34.2026.5.12.0025,0001838-34.2026.5.12.0025,1,VARA DO TRABALHO DE XANXERE,VARA DO TRABALHO DE XANXERÊ,CEDENTE,2026-08-07 14:20:58,VARA DO TRABALHO DE INDAIAL - TRIAGEM DE EQUALIZACAO,VARA DO TRABALHO DE INDAIAL - TRIAGEM DE EQUALIZAÇÃO,REDISTRIBUICAO,VARA DO TRABALHO DE INDAIAL,VARA DO TRABALHO DE INDAIAL,DESTINATARIA,2026-08-07 14:29:41,REDISTRIBUICAO,VALIDA,
0001838-64.2026.5.12.0015,0001838-64.2026.5.12.0015,1,VARA DO TRABALHO DE SAO MIGUEL DO OESTE,VARA DO TRABALHO DE SÃO MIGUEL DO OESTE,CEDENTE,2026-07-27 14:09:15,VARA DO TRABALHO DE ARARANGUA - TRIAGEM DE EQUALIZACAO,VARA DO TRABALHO DE ARARANGUÁ - TRIAGEM DE EQUALIZAÇÃO,REDISTRIBUICAO,VARA DO TRABALHO DE ARARANGUA,VARA DO TRABALHO DE ARARANGUÁ,DESTINATARIA,2026-07-27 14:21:06,REDISTRIBUICAO,VALIDA,
0001839-19.2026.5.12.0025,0001839-19.2026.5.12.0025,1,VARA DO TRABALHO DE XANXERE,VARA DO TRABALHO DE XANXERÊ,CEDENTE,2026-08-07 14:21:08,3 VARA DO TRABALHO DE LAGES - TRIAGEM DE EQUALIZACAO,3ª VARA DO TRABALHO DE LAGES - TRIAGEM DE EQUALIZAÇÃO,REDISTRIBUICAO,3 VARA DO TRABALHO DE LAGES,3ª VARA DO TRABALHO DE LAGES,DESTINATARIA,2026-08-07 14:28:34,REDISTRIBUICAO,VALIDA,
0001840-34.2026.5.12.0015,0001840-34.2026.5.12.0015,1,VARA DO TRABALHO DE SAO MIGUEL DO OESTE,VARA DO TRABALHO DE SÃO MIGUEL DO OESTE,CEDENTE,2026-07-27 14:09:31,1 VARA DO TRABALHO DE TUBARAO - TRIAGEM DE EQUALIZACAO,1ª VARA DO TRABALHO DE TUBARÃO - TRIAGEM DE EQUALIZAÇÃO,REDISTRIBUICAO,1 VARA DO TRABALHO DE TUBARAO,1ª VARA DO TRABALHO DE TUBARÃO,DESTINATARIA,2026-07-27 14:18:32,REDISTRIBUICAO,VALIDA,
0001841-19.2026.5.12.0015,0001841-19.2026.5.12.0015,1,VARA DO TRABALHO DE SAO MIGUEL DO OESTE,VARA DO TRABALHO DE SÃO MIGUEL DO OESTE,CEDENTE,2026-07-27 14:09:48,3 VARA DO TRABALHO DE LAGES - TRIAGEM DE EQUALIZACAO,3ª VARA DO TRABALHO DE LAGES - TRIAGEM DE EQUALIZAÇÃO,REDISTRIBUICAO,3 VARA DO TRABALHO DE LAGES,3ª VARA DO TRABALHO DE LAGES,DESTINATARIA,2026-07-27 14:19:41,REDISTRIBUICAO,VALIDA,
0001841-86.2026.5.12.0025,0001841-86.2026.5.12.0025,1,VARA DO TRABALHO DE XANXERE,VARA DO TRABALHO DE XANXERÊ,CEDENTE,2026-08-07 14:21:18,1 VARA DO TRABALHO DE LAGES - TRIAGEM DE EQUALIZACAO,1ª VARA DO TRABALHO DE LAGES - TRIAGEM DE EQUALIZAÇÃO,REDISTRIBUICAO,1 VARA DO TRABALHO DE LAGES,1ª VARA DO TRABALHO DE LAGES,DESTINATARIA,2026-08-07 14:28:11,REDISTRIBUICAO,VALIDA,
0001842-04.2026.5.12.0015,0001842-04.2026.5.12.0015,1,VARA DO TRABALHO DE SAO MIGUEL DO OESTE,VARA DO TRABALHO DE SÃO MIGUEL DO OESTE,CEDENTE,2026-07-27 14:10:11,2 VARA DO TRABALHO DE LAGES - TRIAGEM DE EQUALIZACAO,2ª VARA DO TRABALHO DE LAGES - TRIAGEM DE EQUALIZAÇÃO,REDISTRIBUICAO,2 VARA DO TRABALHO DE LAGES,2ª VARA DO TRABALHO DE LAGES,DESTINATARIA,2026-07-27 14:19:07,REDISTRIBUICAO,VALIDA,
0001842-71.2026.5.12.0025,0001842-71.2026.5.12.0025,1,VARA DO TRABALHO DE XANXERE,VARA DO TRABALHO DE XANXERÊ,CEDENTE,2026-08-11 14:34:12,VARA DO TRABALHO DE MAFRA - TRIAGEM DE EQUALIZACAO,VARA DO TRABALHO DE MAFRA - TRIAGEM DE EQUALIZAÇÃO,REDISTRIBUICAO,VARA DO TRABALHO DE MAFRA,VARA DO TRABALHO DE MAFRA,DESTINATARIA,2026-08-11 14:55:58,REDISTRIBUICAO,VALIDA,
0001843-56.2026.5.12.0025,0001843-56.2026.5.12.0025,1,VARA DO TRABALHO DE XANXERE,VARA DO TRABALHO DE XANXERÊ,CEDENTE,2026-08-07 18:05:32,VARA DO TRABALHO DE CANOINHAS - TRIAGEM DE EQUALIZACAO,VARA DO TRABALHO DE CANOINHAS - TRIAGEM DE EQUALIZAÇÃO,REDISTRIBUICAO,VARA DO TRABALHO DE CANOINHAS,VARA DO TRABALHO DE CANOINHAS,DESTINATARIA,2026-08-07 18:25:44,REDISTRIBUICAO,VALIDA,
0001843-86.2026.5.12.0015,0001843-86.2026.5.12.0015,1,VARA DO TRABALHO DE SAO MIGUEL DO OESTE,VARA DO TRABALHO DE SÃO MIGUEL DO OESTE,CEDENTE,2026-07-27 17:27:35,VARA DO TRABALHO DE CANOINHAS - TRIAGEM DE EQUALIZACAO,VARA DO TRABALHO DE CANOINHAS - TRIAGEM DE EQUALIZAÇÃO,REDISTRIBUICAO,VARA DO TRABALHO DE CANOINHAS,VARA DO TRABALHO DE CANOINHAS,DESTINATARIA,2026-07-27 18:43:12,REDISTRIBUICAO,VALIDA,
0001844-41.2026.5.12.0025,0001844-41.2026.5.12.0025,1,VARA DO TRABALHO DE XANXERE,VARA DO TRABALHO DE XANXERÊ,CEDENTE,2026-08-11 14:34:28,VARA DO TRABALHO DE MAFRA - TRIAGEM DE EQUALIZACAO,VARA DO TRABALHO DE MAFRA - TRIAGEM DE EQUALIZAÇÃO,REDISTRIBUICAO,VARA DO TRABALHO DE MAFRA,VARA DO TRABALHO DE MAFRA,DESTINATARIA,2026-08-11 14:56:15,REDISTRIBUICAO,VALIDA,
0001844-71.2026.5.12.0015,0001844-71.2026.5.12.0015,1,VARA DO TRABALHO DE SAO MIGUEL DO OESTE,VARA DO TRABALHO DE SÃO MIGUEL DO OESTE,CEDENTE,2026-07-27 17:27:47,VARA DO TRABALHO DE SAO BENTO DO SUL - TRIAGEM DE EQUALIZACAO,VARA DO TRABALHO DE SÃO BENTO DO SUL - TRIAGEM DE EQUALIZAÇÃO,REDISTRIBUICAO,VARA DO TRABALHO DE SAO BENTO DO SUL,VARA DO TRABALHO DE SÃO BENTO DO SUL,DESTINATARIA,2026-07-27 18:43:36,REDISTRIBUICAO,VALIDA,
0001845-26.2026.5.12.0025,0001845-26.2026.5.12.0025,1,VARA DO TRABALHO DE XANXERE,VARA DO TRABALHO DE XANXERÊ,CEDENTE,2026-08-07 18:05:41,VARA DO TRABALHO DE INDAIAL - TRIAGEM DE EQUALIZACAO,VARA DO TRABALHO DE INDAIAL - TRIAGEM DE EQUALIZAÇÃO,REDISTRIBUICAO,VARA DO TRABALHO DE INDAIAL,VARA DO TRABALHO DE INDAIAL,DESTINATARIA,2026-08-07 18:26:06,REDISTRIBUICAO,VALIDA,
0001845-56.2026.5.12.0015,0001845-56.2026.5.12.0015,1,VARA DO TRABALHO DE SAO MIGUEL DO OESTE,VARA DO TRABALHO DE SÃO MIGUEL DO OESTE,CEDENTE,2026-07-27 17:27:58,VARA DO TRABALHO DE SAO BENTO DO SUL - TRIAGEM DE EQUALIZACAO,VARA DO TRABALHO DE SÃO BENTO DO SUL - TRIAGEM DE EQUALIZAÇÃO,REDISTRIBUICAO,VARA DO TRABALHO DE SAO BENTO DO SUL,VARA DO TRABALHO DE SÃO BENTO DO SUL,DESTINATARIA,2026-07-27 18:43:45,REDISTRIBUICAO,VALIDA,
0001846-11.2026.5.12.0025,0001846-11.2026.5.12.0025,1,VARA DO TRABALHO DE XANXERE,VARA DO TRABALHO DE XANXERÊ,CEDENTE,2026-08-07 18:05:51,VARA DO TRABALHO DE ARARANGUA - TRIAGEM DE EQUALIZACAO,VARA DO TRABALHO DE ARARANGUÁ - TRIAGEM DE EQUALIZAÇÃO,REDISTRIBUICAO,VARA DO TRABALHO DE ARARANGUA,VARA DO TRABALHO DE ARARANGUÁ,DESTINATARIA,2026-08-07 18:25:22,REDISTRIBUICAO,VALIDA,
0001846-41.2026.5.12.0015,0001846-41.2026.5.12.0015,1,VARA DO TRABALHO DE SAO MIGUEL DO OESTE,VARA DO TRABALHO DE SÃO MIGUEL DO OESTE,CEDENTE,2026-07-28 14:15:45,1 VARA DO TRABALHO DE TUBARAO - TRIAGEM DE EQUALIZACAO,1ª VARA DO TRABALHO DE TUBARÃO - TRIAGEM DE EQUALIZAÇÃO,REDISTRIBUICAO,1 VARA DO TRABALHO DE TUBARAO,1ª VARA DO TRABALHO DE TUBARÃO,DESTINATARIA,2026-07-28 14:28:12,REDISTRIBUICAO,VALIDA,
0001847-26.2026.5.12.0015,0001847-26.2026.5.12.0015,1,VARA DO TRABALHO DE SAO MIGUEL DO OESTE,VARA DO TRABALHO DE SÃO MIGUEL DO OESTE,CEDENTE,2026-07-28 14:16:01,VARA DO TRABALHO DE SAO BENTO DO SUL - TRIAGEM DE EQUALIZACAO,VARA DO TRABALHO DE SÃO BENTO DO SUL - TRIAGEM DE EQUALIZAÇÃO,REDISTRIBUICAO,VARA DO TRABALHO DE SAO BENTO DO SUL,VARA DO TRABALHO DE SÃO BENTO DO SUL,DESTINATARIA,2026-07-28 14:31:59,REDISTRIBUICAO,VALIDA,
0001847-93.2026.5.12.0025,0001847-93.2026.5.12.0025,1,VARA DO TRABALHO DE XANXERE,VARA DO TRABALHO DE XANXERÊ,CEDENTE,2026-08-07 18:06:01,VARA DO TRABALHO DE MAFRA - TRIAGEM DE EQUALIZACAO,VARA DO TRABALHO DE MAFRA - TRIAGEM DE EQUALIZAÇÃO,REDISTRIBUICAO,VARA DO TRABALHO DE MAFRA,VARA DO TRABALHO DE MAFRA,DESTINATARIA,2026-08-07 18:26:27,REDISTRIBUICAO,VALIDA,
0001848-11.2026.5.12.0015,0001848-11.2026.5.12.0015,1,VARA DO TRABALHO DE SAO MIGUEL DO OESTE,VARA DO TRABALHO DE SÃO MIGUEL DO OESTE,CEDENTE,2026-07-28 14:16:16,VARA DO TRABALHO DE CANOINHAS - TRIAGEM DE EQUALIZACAO,VARA DO TRABALHO DE CANOINHAS - TRIAGEM DE EQUALIZAÇÃO,REDISTRIBUICAO,VARA DO TRABALHO DE CANOINHAS,VARA DO TRABALHO DE CANOINHAS,DESTINATARIA,2026-07-28 14:30:56,REDISTRIBUICAO,VALIDA,
0001848-78.2026.5.12.0025,0001848-78.2026.5.12.0025,1,VARA DO TRABALHO DE XANXERE,VARA DO TRABALHO DE XANXERÊ,CEDENTE,2026-08-11 14:34:43,3 VARA DO TRABALHO DE LAGES - TRIAGEM DE EQUALIZACAO,3ª VARA DO TRABALHO DE LAGES - TRIAGEM DE EQUALIZAÇÃO,REDISTRIBUICAO,3 VARA DO TRABALHO DE LAGES,3ª VARA DO TRABALHO DE LAGES,DESTINATARIA,2026-08-11 14:49:42,REDISTRIBUICAO,VALIDA,
0001849-63.2026.5.12.0025,0001849-63.2026.5.12.0025,1,VARA DO TRABALHO DE XANXERE,VARA DO TRABALHO DE XANXERÊ,CEDENTE,2026-08-11 14:34:59,1 VARA DO TRABALHO DE BRUSQUE - TRIAGEM DE EQUALIZACAO,1ª VARA DO TRABALHO DE BRUSQUE - TRIAGEM DE EQUALIZAÇÃO,REDISTRIBUICAO,1 VARA DO TRABALHO DE BRUSQUE,1ª VARA DO TRABALHO DE BRUSQUE,DESTINATARIA,2026-08-11 14:43:53,REDISTRIBUICAO,VALIDA,
0001849-93.2026.5.12.0015,0001849-93.2026.5.12.0015,1,VARA DO TRABALHO DE SAO MIGUEL DO OESTE,VARA DO TRABALHO DE SÃO MIGUEL DO OESTE,CEDENTE,2026-07-28 14:16:32,2 VARA DO TRABALHO DE LAGES - TRIAGEM DE EQUALIZACAO,2ª VARA DO TRABALHO DE LAGES - TRIAGEM DE EQUALIZAÇÃO,REDISTRIBUICAO,2 VARA DO TRABALHO DE LAGES,2ª VARA DO TRABALHO DE LAGES,DESTINATARIA,2026-07-28 14:28:43,REDISTRIBUICAO,VALIDA,
0001850-48.2026.5.12.0025,0001850-48.2026.5.12.0025,1,VARA DO TRABALHO DE XANXERE,VARA DO TRABALHO DE XANXERÊ,CEDENTE,2026-08-11 14:35:16,VARA DO TRABALHO DE ARARANGUA - TRIAGEM DE EQUALIZACAO,VARA DO TRABALHO DE ARARANGUÁ - TRIAGEM DE EQUALIZAÇÃO,REDISTRIBUICAO,VARA DO TRABALHO DE ARARANGUA,VARA DO TRABALHO DE ARARANGUÁ,DESTINATARIA,2026-08-11 14:52:41,REDISTRIBUICAO,VALIDA,
0001851-33.2026.5.12.0025,0001851-33.2026.5.12.0025,1,VARA DO TRABALHO DE XANXERE,VARA DO TRABALHO DE XANXERÊ,CEDENTE,2026-08-11 14:35:32,1 VARA DO TRABALHO DE LAGES - TRIAGEM DE EQUALIZACAO,1ª VARA DO TRABALHO DE LAGES - TRIAGEM DE EQUALIZAÇÃO,REDISTRIBUICAO,1 VARA DO TRABALHO DE LAGES,1ª VARA DO TRABALHO DE LAGES,DESTINATARIA,2026-08-11 14:45:18,REDISTRIBUICAO,VALIDA,
0001851-63.2026.5.12.0015,0001851-63.2026.5.12.0015,1,VARA DO TRABALHO DE SAO MIGUEL DO OESTE,VARA DO TRABALHO DE SÃO MIGUEL DO OESTE,CEDENTE,2026-07-28 14:19:44,1 VARA DO TRABALHO DE BRUSQUE - TRIAGEM DE EQUALIZACAO,1ª VARA DO TRABALHO DE BRUSQUE - TRIAGEM DE EQUALIZAÇÃO,REDISTRIBUICAO,1 VARA DO TRABALHO DE BRUSQUE,1ª VARA DO TRABALHO DE BRUSQUE,DESTINATARIA,2026-07-28 14:25:40,REDISTRIBUICAO,VALIDA,
0001852-18.2026.5.12.0025,0001852-18.2026.5.12.0025,1,VARA DO TRABALHO DE XANXERE,VARA DO TRABALHO DE XANXERÊ,CEDENTE,2026-08-11 14:35:48,VARA DO TRABALHO DE CANOINHAS - TRIAGEM DE EQUALIZACAO,VARA DO TRABALHO DE CANOINHAS - TRIAGEM DE EQUALIZAÇÃO,REDISTRIBUICAO,VARA DO TRABALHO DE CANOINHAS,VARA DO TRABALHO DE CANOINHAS,DESTINATARIA,2026-08-11 14:53:54,REDISTRIBUICAO,VALIDA,
0001852-48.2026.5.12.0015,0001852-48.2026.5.12.0015,1,VARA DO TRABALHO DE SAO MIGUEL DO OESTE,VARA DO TRABALHO DE SÃO MIGUEL DO OESTE,CEDENTE,2026-07-28 14:20:01,VARA DO TRABALHO DE CANOINHAS - TRIAGEM DE EQUALIZACAO,VARA DO TRABALHO DE CANOINHAS - TRIAGEM DE EQUALIZAÇÃO,REDISTRIBUICAO,VARA DO TRABALHO DE CANOINHAS,VARA DO TRABALHO DE CANOINHAS,DESTINATARIA,2026-07-28 14:31:11,REDISTRIBUICAO,VALIDA,
0001853-03.2026.5.12.0025,0001853-03.2026.5.12.0025,1,VARA DO TRABALHO DE XANXERE,VARA DO TRABALHO DE XANXERÊ,CEDENTE,2026-08-11 14:36:04,1 VARA DO TRABALHO DE BRUSQUE - TRIAGEM DE EQUALIZACAO,1ª VARA DO TRABALHO DE BRUSQUE - TRIAGEM DE EQUALIZAÇÃO,REDISTRIBUICAO,1 VARA DO TRABALHO DE BRUSQUE,1ª VARA DO TRABALHO DE BRUSQUE,DESTINATARIA,2026-08-11 14:44:12,REDISTRIBUICAO,VALIDA,
0001853-33.2026.5.12.0015,0001853-33.2026.5.12.0015,1,VARA DO TRABALHO DE SAO MIGUEL DO OESTE,VARA DO TRABALHO DE SÃO MIGUEL DO OESTE,CEDENTE,2026-07-28 17:24:27,1 VARA DO TRABALHO DE TUBARAO - TRIAGEM DE EQUALIZACAO,1ª VARA DO TRABALHO DE TUBARÃO - TRIAGEM DE EQUALIZAÇÃO,REDISTRIBUICAO,1 VARA DO TRABALHO DE TUBARAO,1ª VARA DO TRABALHO DE TUBARÃO,DESTINATARIA,2026-07-28 17:34:54,REDISTRIBUICAO,VALIDA,
0001854-18.2026.5.12.0015,0001854-18.2026.5.12.0015,1,VARA DO TRABALHO DE SAO MIGUEL DO OESTE,VARA DO TRABALHO DE SÃO MIGUEL DO OESTE,CEDENTE,2026-07-28 17:24:37,1 VARA DO TRABALHO DE TUBARAO - TRIAGEM DE EQUALIZACAO,1ª VARA DO TRABALHO DE TUBARÃO - TRIAGEM DE EQUALIZAÇÃO,REDISTRIBUICAO,1 VARA DO TRABALHO DE TUBARAO,1ª VARA DO TRABALHO DE TUBARÃO,DESTINATARIA,2026-07-28 17:35:06,REDISTRIBUICAO,VALIDA,
0001854-85.2026.5.12.0025,0001854-85.2026.5.12.0025,1,VARA DO TRABALHO DE XANXERE,VARA DO TRABALHO DE XANXERÊ,CEDENTE,2026-08-11 14:36:22,VARA DO TRABALHO DE ARARANGUA - TRIAGEM DE EQUALIZACAO,VARA DO TRABALHO DE ARARANGUÁ - TRIAGEM DE EQUALIZAÇÃO,REDISTRIBUICAO,VARA DO TRABALHO DE ARARANGUA,VARA DO TRABALHO DE ARARANGUÁ,DESTINATARIA,2026-08-11 15:01:30,REDISTRIBUICAO,VALIDA,
0001855-03.2026.5.12.0015,0001855-03.2026.5.12.0015,1,VARA DO TRABALHO DE SAO MIGUEL DO OESTE,VARA DO TRABALHO DE SÃO MIGUEL DO OESTE,CEDENTE,2026-07-28 17:30:04,VARA DO TRABALHO DE SAO BENTO DO SUL - TRIAGEM DE EQUALIZACAO,VARA DO TRABALHO DE SÃO BENTO DO SUL - TRIAGEM DE EQUALIZAÇÃO,REDISTRIBUICAO,VARA DO TRABALHO DE SAO BENTO DO SUL,VARA DO TRABALHO DE SÃO BENTO DO SUL,DESTINATARIA,2026-07-28 17:37:05,REDISTRIBUICAO,VALIDA,
0001855-70.2026.5.12.0025,0001855-70.2026.5.12.0025,1,VARA DO TRABALHO DE XANXERE,VARA DO TRABALHO DE XANXERÊ,CEDENTE,2026-08-11 14:36:37,VARA DO TRABALHO DE SAO BENTO DO SUL - TRIAGEM DE EQUALIZACAO,VARA DO TRABALHO DE SÃO BENTO DO SUL - TRIAGEM DE EQUALIZAÇÃO,REDISTRIBUICAO,VARA DO TRABALHO DE SAO BENTO DO SUL,VARA DO TRABALHO DE SÃO BENTO DO SUL,DESTINATARIA,2026-08-11 14:56:47,REDISTRIBUICAO,VALIDA,
0001856-55.2026.5.12.0025,0001856-55.2026.5.12.0025,1,VARA DO TRABALHO DE XANXERE,VARA DO TRABALHO DE XANXERÊ,CEDENTE,2026-08-11 14:36:53,2 VARA DO TRABALHO DE LAGES - TRIAGEM DE EQUALIZACAO,2ª VARA DO TRABALHO DE LAGES - TRIAGEM DE EQUALIZAÇÃO,REDISTRIBUICAO,2 VARA DO TRABALHO DE LAGES,2ª VARA DO TRABALHO DE LAGES,DESTINATARIA,2026-08-11 14:48:18,REDISTRIBUICAO,VALIDA,
0001856-85.2026.5.12.0015,0001856-85.2026.5.12.0015,1,VARA DO TRABALHO DE SAO MIGUEL DO OESTE,VARA DO TRABALHO DE SÃO MIGUEL DO OESTE,CEDENTE,2026-07-29 14:25:50,1 VARA DO TRABALHO DE LAGES - TRIAGEM DE EQUALIZACAO,1ª VARA DO TRABALHO DE LAGES - TRIAGEM DE EQUALIZAÇÃO,REDISTRIBUICAO,1 VARA DO TRABALHO DE LAGES,1ª VARA DO TRABALHO DE LAGES,DESTINATARIA,2026-07-29 14:34:50,REDISTRIBUICAO,VALIDA,
0001857-40.2026.5.12.0025,0001857-40.2026.5.12.0025,1,VARA DO TRABALHO DE XANXERE,VARA DO TRABALHO DE XANXERÊ,CEDENTE,2026-08-11 14:37:08,2 VARA DO TRABALHO DE BLUMENAU - TRIAGEM DE EQUALIZACAO,2ª VARA DO TRABALHO DE BLUMENAU - TRIAGEM DE EQUALIZAÇÃO,REDISTRIBUICAO,2 VARA DO TRABALHO DE BLUMENAU,2ª VARA DO TRABALHO DE BLUMENAU,DESTINATARIA,2026-08-11 14:47:29,REDISTRIBUICAO,VALIDA,
0001857-70.2026.5.12.0015,0001857-70.2026.5.12.0015,1,VARA DO TRABALHO DE SAO MIGUEL DO OESTE,VARA DO TRABALHO DE SÃO MIGUEL DO OESTE,CEDENTE,2026-07-29 14:26:03,1 VARA DO TRABALHO DE LAGES - TRIAGEM DE EQUALIZACAO,1ª VARA DO TRABALHO DE LAGES - TRIAGEM DE EQUALIZAÇÃO,REDISTRIBUICAO,1 VARA DO TRABALHO DE LAGES,1ª VARA DO TRABALHO DE LAGES,DESTINATARIA,2026-07-29 14:35:02,REDISTRIBUICAO,VALIDA,
0001858-25.2026.5.12.0025,0001858-25.2026.5.12.0025,1,VARA DO TRABALHO DE XANXERE,VARA DO TRABALHO DE XANXERÊ,CEDENTE,2026-08-11 14:37:23,VARA DO TRABALHO DE CANOINHAS - TRIAGEM DE EQUALIZACAO,VARA DO TRABALHO DE CANOINHAS - TRIAGEM DE EQUALIZAÇÃO,REDISTRIBUICAO,VARA DO TRABALHO DE CANOINHAS,VARA DO TRABALHO DE CANOINHAS,DESTINATARIA,2026-08-11 15:01:46,REDISTRIBUICAO,VALIDA,
0001858-55.2026.5.12.0015,0001858-55.2026.5.12.0015,1,VARA DO TRABALHO DE SAO MIGUEL DO OESTE,VARA DO TRABALHO DE SÃO MIGUEL DO OESTE,CEDENTE,2026-07-29 14:26:15,2 VARA DO TRABALHO DE LAGES - TRIAGEM DE EQUALIZACAO,2ª VARA DO TRABALHO DE LAGES - TRIAGEM DE EQUALIZAÇÃO,REDISTRIBUICAO,2 VARA DO TRABALHO DE LAGES,2ª VARA DO TRABALHO DE LAGES,DESTINATARIA,2026-07-29 14:35:51,REDISTRIBUICAO,VALIDA,
0001859-10.2026.5.12.0025,0001859-10.2026.5.12.0025,1,VARA DO TRABALHO DE XANXERE,VARA DO TRABALHO DE XANXERÊ,CEDENTE,2026-08-11 14:37:40,1 VARA DO TRABALHO DE LAGES - TRIAGEM DE EQUALIZACAO,1ª VARA DO TRABALHO DE LAGES - TRIAGEM DE EQUALIZAÇÃO,REDISTRIBUICAO,1 VARA DO TRABALHO DE LAGES,1ª VARA DO TRABALHO DE LAGES,DESTINATARIA,2026-08-11 14:45:36,REDISTRIBUICAO,VALIDA,
0001859-40.2026.5.12.0015,0001859-40.2026.5.12.0015,1,VARA DO TRABALHO DE SAO MIGUEL DO OESTE,VARA DO TRABALHO DE SÃO MIGUEL DO OESTE,CEDENTE,2026-07-29 14:26:29,3 VARA DO TRABALHO DE LAGES - TRIAGEM DE EQUALIZACAO,3ª VARA DO TRABALHO DE LAGES - TRIAGEM DE EQUALIZAÇÃO,REDISTRIBUICAO,3 VARA DO TRABALHO DE LAGES,3ª VARA DO TRABALHO DE LAGES,DESTINATARIA,2026-07-29 14:41:52,REDISTRIBUICAO,VALIDA,
0001860-92.2026.5.12.0025,0001860-92.2026.5.12.0025,1,VARA DO TRABALHO DE XANXERE,VARA DO TRABALHO DE XANXERÊ,CEDENTE,2026-08-11 14:37:56,4 VARA DO TRABALHO DE BLUMENAU - TRIAGEM DE EQUALIZACAO,4ª VARA DO TRABALHO DE BLUMENAU - TRIAGEM DE EQUALIZAÇÃO,REDISTRIBUICAO,4 VARA DO TRABALHO DE BLUMENAU,4ª VARA DO TRABALHO DE BLUMENAU,DESTINATARIA,2026-08-11 14:50:46,REDISTRIBUICAO,VALIDA,
0001861-10.2026.5.12.0015,0001861-10.2026.5.12.0015,1,VARA DO TRABALHO DE SAO MIGUEL DO OESTE,VARA DO TRABALHO DE SÃO MIGUEL DO OESTE,CEDENTE,2026-07-29 14:26:43,1 VARA DO TRABALHO DE TUBARAO - TRIAGEM DE EQUALIZACAO,1ª VARA DO TRABALHO DE TUBARÃO - TRIAGEM DE EQUALIZAÇÃO,REDISTRIBUICAO,1 VARA DO TRABALHO DE TUBARAO,1ª VARA DO TRABALHO DE TUBARÃO,DESTINATARIA,2026-07-29 14:35:26,REDISTRIBUICAO,VALIDA,
0001861-77.2026.5.12.0025,0001861-77.2026.5.12.0025,1,VARA DO TRABALHO DE XANXERE,VARA DO TRABALHO DE XANXERÊ,CEDENTE,2026-08-11 14:38:11,4 VARA DO TRABALHO DE BLUMENAU - TRIAGEM DE EQUALIZACAO,4ª VARA DO TRABALHO DE BLUMENAU - TRIAGEM DE EQUALIZAÇÃO,REDISTRIBUICAO,4 VARA DO TRABALHO DE BLUMENAU,4ª VARA DO TRABALHO DE BLUMENAU,DESTINATARIA,2026-08-11 14:51:03,REDISTRIBUICAO,VALIDA,
0001862-62.2026.5.12.0025,0001862-62.2026.5.12.0025,1,VARA DO TRABALHO DE XANXERE,VARA DO TRABALHO DE XANXERÊ,CEDENTE,2026-08-11 14:38:27,VARA DO TRABALHO DE ARARANGUA - TRIAGEM DE EQUALIZACAO,VARA DO TRABALHO DE ARARANGUÁ - TRIAGEM DE EQUALIZAÇÃO,REDISTRIBUICAO,VARA DO TRABALHO DE ARARANGUA,VARA DO TRABALHO DE ARARANGUÁ,DESTINATARIA,2026-08-11 14:53:36,REDISTRIBUICAO,VALIDA,
0001862-92.2026.5.12.0015,0001862-92.2026.5.12.0015,1,VARA DO TRABALHO DE SAO MIGUEL DO OESTE,VARA DO TRABALHO DE SÃO MIGUEL DO OESTE,CEDENTE,2026-07-29 14:26:57,2 VARA DO TRABALHO DE LAGES - TRIAGEM DE EQUALIZACAO,2ª VARA DO TRABALHO DE LAGES - TRIAGEM DE EQUALIZAÇÃO,REDISTRIBUICAO,2 VARA DO TRABALHO DE LAGES,2ª VARA DO TRABALHO DE LAGES,DESTINATARIA,2026-07-29 14:36:04,REDISTRIBUICAO,VALIDA,
0001863-47.2026.5.12.0025,0001863-47.2026.5.12.0025,1,VARA DO TRABALHO DE XANXERE,VARA DO TRABALHO DE XANXERÊ,CEDENTE,2026-08-13 14:15:55,VARA DO TRABALHO DE CANOINHAS - TRIAGEM DE EQUALIZACAO,VARA DO TRABALHO DE CANOINHAS - TRIAGEM DE EQUALIZAÇÃO,REDISTRIBUICAO,VARA DO TRABALHO DE CANOINHAS,VARA DO TRABALHO DE CANOINHAS,DESTINATARIA,2026-08-13 14:27:51,REDISTRIBUICAO,VALIDA,
0001864-32.2026.5.12.0025,0001864-32.2026.5.12.0025,1,VARA DO TRABALHO DE XANXERE,VARA DO TRABALHO DE XANXERÊ,CEDENTE,2026-08-11 17:46:38,2 VARA DO TRABALHO DE BLUMENAU - TRIAGEM DE EQUALIZACAO,2ª VARA DO TRABALHO DE BLUMENAU - TRIAGEM DE EQUALIZAÇÃO,REDISTRIBUICAO,2 VARA DO TRABALHO DE BLUMENAU,2ª VARA DO TRABALHO DE BLUMENAU,DESTINATARIA,2026-08-11 17:55:39,REDISTRIBUICAO,VALIDA,
0001864-62.2026.5.12.0015,0001864-62.2026.5.12.0015,1,VARA DO TRABALHO DE SAO MIGUEL DO OESTE,VARA DO TRABALHO DE SÃO MIGUEL DO OESTE,CEDENTE,2026-07-29 17:40:28,1 VARA DO TRABALHO DE LAGES - TRIAGEM DE EQUALIZACAO,1ª VARA DO TRABALHO DE LAGES - TRIAGEM DE EQUALIZAÇÃO,REDISTRIBUICAO,1 VARA DO TRABALHO DE LAGES,1ª VARA DO TRABALHO DE LAGES,DESTINATARIA,2026-07-29 17:50:30,REDISTRIBUICAO,VALIDA,
0001865-17.2026.5.12.0025,0001865-17.2026.5.12.0025,1,VARA DO TRABALHO DE XANXERE,VARA DO TRABALHO DE XANXERÊ,CEDENTE,2026-08-11 17:46:48,1 VARA DO TRABALHO DE TUBARAO - TRIAGEM DE EQUALIZACAO,1ª VARA DO TRABALHO DE TUBARÃO - TRIAGEM DE EQUALIZAÇÃO,REDISTRIBUICAO,1 VARA DO TRABALHO DE TUBARAO,1ª VARA DO TRABALHO DE TUBARÃO,DESTINATARIA,2026-08-11 17:55:17,REDISTRIBUICAO,VALIDA,
0001866-02.2026.5.12.0025,0001866-02.2026.5.12.0025,1,VARA DO TRABALHO DE XANXERE,VARA DO TRABALHO DE XANXERÊ,CEDENTE,2026-08-11 17:46:59,3 VARA DO TRABALHO DE LAGES - TRIAGEM DE EQUALIZACAO,3ª VARA DO TRABALHO DE LAGES - TRIAGEM DE EQUALIZAÇÃO,REDISTRIBUICAO,3 VARA DO TRABALHO DE LAGES,3ª VARA DO TRABALHO DE LAGES,DESTINATARIA,2026-08-11 17:56:15,REDISTRIBUICAO,VALIDA,
0001867-17.2026.5.12.0015,0001867-17.2026.5.12.0015,1,VARA DO TRABALHO DE SAO MIGUEL DO OESTE,VARA DO TRABALHO DE SÃO MIGUEL DO OESTE,CEDENTE,2026-07-30 14:02:35,VARA DO TRABALHO DE ARARANGUA - TRIAGEM DE EQUALIZACAO,VARA DO TRABALHO DE ARARANGUÁ - TRIAGEM DE EQUALIZAÇÃO,REDISTRIBUICAO,VARA DO TRABALHO DE ARARANGUA,VARA DO TRABALHO DE ARARANGUÁ,DESTINATARIA,2026-07-30 14:20:37,REDISTRIBUICAO,VALIDA,
0001867-84.2026.5.12.0025,0001867-84.2026.5.12.0025,1,VARA DO TRABALHO DE XANXERE,VARA DO TRABALHO DE XANXERÊ,CEDENTE,2026-08-11 17:47:10,2 VARA DO TRABALHO DE LAGES - TRIAGEM DE EQUALIZACAO,2ª VARA DO TRABALHO DE LAGES - TRIAGEM DE EQUALIZAÇÃO,REDISTRIBUICAO,2 VARA DO TRABALHO DE LAGES,2ª VARA DO TRABALHO DE LAGES,DESTINATARIA,2026-08-11 17:55:52,REDISTRIBUICAO,VALIDA,
0001868-02.2026.5.12.0015,0001868-02.2026.5.12.0015,1,VARA DO TRABALHO DE SAO MIGUEL DO OESTE,VARA DO TRABALHO DE SÃO MIGUEL DO OESTE,CEDENTE,2026-07-30 14:02:52,VARA DO TRABALHO DE ARARANGUA - TRIAGEM DE EQUALIZACAO,VARA DO TRABALHO DE ARARANGUÁ - TRIAGEM DE EQUALIZAÇÃO,REDISTRIBUICAO,VARA DO TRABALHO DE ARARANGUA,VARA DO TRABALHO DE ARARANGUÁ,DESTINATARIA,2026-07-30 14:20:54,REDISTRIBUICAO,VALIDA,
0001868-69.2026.5.12.0025,0001868-69.2026.5.12.0025,1,VARA DO TRABALHO DE XANXERE,VARA DO TRABALHO DE XANXERÊ,CEDENTE,2026-08-12 14:31:30,2 VARA DO TRABALHO DE BLUMENAU - TRIAGEM DE EQUALIZACAO,2ª VARA DO TRABALHO DE BLUMENAU - TRIAGEM DE EQUALIZAÇÃO,REDISTRIBUICAO,2 VARA DO TRABALHO DE BLUMENAU,2ª VARA DO TRABALHO DE BLUMENAU,DESTINATARIA,2026-08-12 14:51:35,REDISTRIBUICAO,VALIDA,
0001869-54.2026.5.12.0025,0001869-54.2026.5.12.0025,1,VARA DO TRABALHO DE XANXERE,VARA DO TRABALHO DE XANXERÊ,CEDENTE,2026-08-12 14:31:48,2 VARA DO TRABALHO DE BLUMENAU - TRIAGEM DE EQUALIZACAO,2ª VARA DO TRABALHO DE BLUMENAU - TRIAGEM DE EQUALIZAÇÃO,REDISTRIBUICAO,2 VARA DO TRABALHO DE BLUMENAU,2ª VARA DO TRABALHO DE BLUMENAU,DESTINATARIA,2026-08-12 14:51:49,REDISTRIBUICAO,VALIDA,
0001870-39.2026.5.12.0025,0001870-39.2026.5.12.0025,1,VARA DO TRABALHO DE XANXERE,VARA DO TRABALHO DE XANXERÊ,CEDENTE,2026-08-12 14:44:23,1 VARA DO TRABALHO DE LAGES - TRIAGEM DE EQUALIZACAO,1ª VARA DO TRABALHO DE LAGES - TRIAGEM DE EQUALIZAÇÃO,REDISTRIBUICAO,1 VARA DO TRABALHO DE LAGES,1ª VARA DO TRABALHO DE LAGES,DESTINATARIA,2026-08-12 14:50:48,REDISTRIBUICAO,VALIDA,
0001870-69.2026.5.12.0015,0001870-69.2026.5.12.0015,1,VARA DO TRABALHO DE SAO MIGUEL DO OESTE,VARA DO TRABALHO DE SÃO MIGUEL DO OESTE,CEDENTE,2026-07-30 14:03:08,VARA DO TRABALHO DE CANOINHAS - TRIAGEM DE EQUALIZACAO,VARA DO TRABALHO DE CANOINHAS - TRIAGEM DE EQUALIZAÇÃO,REDISTRIBUICAO,VARA DO TRABALHO DE CANOINHAS,VARA DO TRABALHO DE CANOINHAS,DESTINATARIA,2026-07-30 14:21:47,REDISTRIBUICAO,VALIDA,
0001871-24.2026.5.12.0025,0001871-24.2026.5.12.0025,1,VARA DO TRABALHO DE XANXERE,VARA DO TRABALHO DE XANXERÊ,CEDENTE,2026-08-12 15:00:50,VARA DO TRABALHO DE ARARANGUA - TRIAGEM DE EQUALIZACAO,VARA DO TRABALHO DE ARARANGUÁ - TRIAGEM DE EQUALIZAÇÃO,REDISTRIBUICAO,VARA DO TRABALHO DE ARARANGUA,VARA DO TRABALHO DE ARARANGUÁ,DESTINATARIA,2026-08-12 15:13:10,REDISTRIBUICAO,VALIDA,
0001871-54.2026.5.12.0015,0001871-54.2026.5.12.0015,1,VARA DO TRABALHO DE SAO MIGUEL DO OESTE,VARA DO TRABALHO DE SÃO MIGUEL DO OESTE,CEDENTE,2026-07-30 14:03:25,3 VARA DO TRABALHO DE LAGES - TRIAGEM DE EQUALIZACAO,3ª VARA DO TRABALHO DE LAGES - TRIAGEM DE EQUALIZAÇÃO,REDISTRIBUICAO,3 VARA DO TRABALHO DE LAGES,3ª VARA DO TRABALHO DE LAGES,DESTINATARIA,2026-07-30 14:19:06,REDISTRIBUICAO,VALIDA,
0001872-09.2026.5.12.0025,0001872-09.2026.5.12.0025,1,VARA DO TRABALHO DE XANXERE,VARA DO TRABALHO DE XANXERÊ,CEDENTE,2026-08-12 15:07:16,2 VARA DO TRABALHO DE BLUMENAU - TRIAGEM DE EQUALIZACAO,2ª VARA DO TRABALHO DE BLUMENAU - TRIAGEM DE EQUALIZAÇÃO,REDISTRIBUICAO,2 VARA DO TRABALHO DE BLUMENAU,2ª VARA DO TRABALHO DE BLUMENAU,DESTINATARIA,2026-08-12 15:15:20,REDISTRIBUICAO,VALIDA,
0001872-39.2026.5.12.0015,0001872-39.2026.5.12.0015,1,VARA DO TRABALHO DE SAO MIGUEL DO OESTE,VARA DO TRABALHO DE SÃO MIGUEL DO OESTE,CEDENTE,2026-07-30 14:03:43,2 VARA DO TRABALHO DE LAGES - TRIAGEM DE EQUALIZACAO,2ª VARA DO TRABALHO DE LAGES - TRIAGEM DE EQUALIZAÇÃO,REDISTRIBUICAO,2 VARA DO TRABALHO DE LAGES,2ª VARA DO TRABALHO DE LAGES,DESTINATARIA,2026-07-30 14:18:15,REDISTRIBUICAO,VALIDA,
0001873-24.2026.5.12.0015,0001873-24.2026.5.12.0015,1,VARA DO TRABALHO DE SAO MIGUEL DO OESTE,VARA DO TRABALHO DE SÃO MIGUEL DO OESTE,CEDENTE,2026-07-30 14:03:59,3 VARA DO TRABALHO DE LAGES - TRIAGEM DE EQUALIZACAO,3ª VARA DO TRABALHO DE LAGES - TRIAGEM DE EQUALIZAÇÃO,REDISTRIBUICAO,3 VARA DO TRABALHO DE LAGES,3ª VARA DO TRABALHO DE LAGES,DESTINATARIA,2026-07-30 14:19:23,REDISTRIBUICAO,VALIDA,
0001873-91.2026.5.12.0025,0001873-91.2026.5.12.0025,1,VARA DO TRABALHO DE XANXERE,VARA DO TRABALHO DE XANXERÊ,CEDENTE,2026-08-12 15:07:31,1 VARA DO TRABALHO DE BRUSQUE - TRIAGEM DE EQUALIZACAO,1ª VARA DO TRABALHO DE BRUSQUE - TRIAGEM DE EQUALIZAÇÃO,REDISTRIBUICAO,1 VARA DO TRABALHO DE BRUSQUE,1ª VARA DO TRABALHO DE BRUSQUE,DESTINATARIA,2026-08-12 15:12:13,REDISTRIBUICAO,VALIDA,
0001874-09.2026.5.12.0015,0001874-09.2026.5.12.0015,1,VARA DO TRABALHO DE SAO MIGUEL DO OESTE,VARA DO TRABALHO DE SÃO MIGUEL DO OESTE,CEDENTE,2026-07-30 14:04:16,VARA DO TRABALHO DE SAO BENTO DO SUL - TRIAGEM DE EQUALIZACAO,VARA DO TRABALHO DE SÃO BENTO DO SUL - TRIAGEM DE EQUALIZAÇÃO,REDISTRIBUICAO,VARA DO TRABALHO DE SAO BENTO DO SUL,VARA DO TRABALHO DE SÃO BENTO DO SUL,DESTINATARIA,2026-07-30 14:22:21,REDISTRIBUICAO,VALIDA,
0001874-76.2026.5.12.0025,0001874-76.2026.5.12.0025,1,VARA DO TRABALHO DE XANXERE,VARA DO TRABALHO DE XANXERÊ,CEDENTE,2026-08-12 17:50:41,VARA DO TRABALHO DE SAO BENTO DO SUL - TRIAGEM DE EQUALIZACAO,VARA DO TRABALHO DE SÃO BENTO DO SUL - TRIAGEM DE EQUALIZAÇÃO,REDISTRIBUICAO,VARA DO TRABALHO DE SAO BENTO DO SUL,VARA DO TRABALHO DE SÃO BENTO DO SUL,DESTINATARIA,2026-08-12 18:01:55,REDISTRIBUICAO,VALIDA,
0001876-46.2026.5.12.0025,0001876-46.2026.5.12.0025,1,VARA DO TRABALHO DE XANXERE,VARA DO TRABALHO DE XANXERÊ,CEDENTE,2026-08-12 17:50:53,VARA DO TRABALHO DE MAFRA - TRIAGEM DE EQUALIZACAO,VARA DO TRABALHO DE MAFRA - TRIAGEM DE EQUALIZAÇÃO,REDISTRIBUICAO,VARA DO TRABALHO DE MAFRA,VARA DO TRABALHO DE MAFRA,DESTINATARIA,2026-08-12 18:01:43,REDISTRIBUICAO,VALIDA,
0001876-76.2026.5.12.0015,0001876-76.2026.5.12.0015,1,VARA DO TRABALHO DE SAO MIGUEL DO OESTE,VARA DO TRABALHO DE SÃO MIGUEL DO OESTE,CEDENTE,2026-07-30 17:36:39,1 VARA DO TRABALHO DE BRUSQUE - TRIAGEM DE EQUALIZACAO,1ª VARA DO TRABALHO DE BRUSQUE - TRIAGEM DE EQUALIZAÇÃO,REDISTRIBUICAO,1 VARA DO TRABALHO DE BRUSQUE,1ª VARA DO TRABALHO DE BRUSQUE,DESTINATARIA,2026-07-30 17:46:05,REDISTRIBUICAO,VALIDA,
0001877-31.2026.5.12.0025,0001877-31.2026.5.12.0025,1,VARA DO TRABALHO DE XANXERE,VARA DO TRABALHO DE XANXERÊ,CEDENTE,2026-08-12 17:51:05,2 VARA DO TRABALHO DE LAGES - TRIAGEM DE EQUALIZACAO,2ª VARA DO TRABALHO DE LAGES - TRIAGEM DE EQUALIZAÇÃO,REDISTRIBUICAO,2 VARA DO TRABALHO DE LAGES,2ª VARA DO TRABALHO DE LAGES,DESTINATARIA,2026-08-12 18:00:38,REDISTRIBUICAO,VALIDA,
0001877-61.2026.5.12.0015,0001877-61.2026.5.12.0015,1,VARA DO TRABALHO DE SAO MIGUEL DO OESTE,VARA DO TRABALHO DE SÃO MIGUEL DO OESTE,CEDENTE,2026-07-30 17:36:50,3 VARA DO TRABALHO DE LAGES - TRIAGEM DE EQUALIZACAO,3ª VARA DO TRABALHO DE LAGES - TRIAGEM DE EQUALIZAÇÃO,REDISTRIBUICAO,3 VARA DO TRABALHO DE LAGES,3ª VARA DO TRABALHO DE LAGES,DESTINATARIA,2026-07-30 17:47:42,REDISTRIBUICAO,VALIDA,
0001878-16.2026.5.12.0025,0001878-16.2026.5.12.0025,1,VARA DO TRABALHO DE XANXERE,VARA DO TRABALHO DE XANXERÊ,CEDENTE,2026-08-12 17:51:17,1 VARA DO TRABALHO DE BRUSQUE - TRIAGEM DE EQUALIZACAO,1ª VARA DO TRABALHO DE BRUSQUE - TRIAGEM DE EQUALIZAÇÃO,REDISTRIBUICAO,1 VARA DO TRABALHO DE BRUSQUE,1ª VARA DO TRABALHO DE BRUSQUE,DESTINATARIA,2026-08-12 17:59:59,REDISTRIBUICAO,VALIDA,
0001878-46.2026.5.12.0015,0001878-46.2026.5.12.0015,1,VARA DO TRABALHO DE SAO MIGUEL DO OESTE,VARA DO TRABALHO DE SÃO MIGUEL DO OESTE,CEDENTE,2026-07-30 17:37:01,VARA DO TRABALHO DE ARARANGUA - TRIAGEM DE EQUALIZACAO,VARA DO TRABALHO DE ARARANGUÁ - TRIAGEM DE EQUALIZAÇÃO,REDISTRIBUICAO,VARA DO TRABALHO DE ARARANGUA,VARA DO TRABALHO DE ARARANGUÁ,DESTINATARIA,2026-07-30 17:48:07,REDISTRIBUICAO,VALIDA,
0001879-31.2026.5.12.0015,0001879-31.2026.5.12.0015,1,VARA DO TRABALHO DE SAO MIGUEL DO OESTE,VARA DO TRABALHO DE SÃO MIGUEL DO OESTE,CEDENTE,2026-07-30 17:37:12,1 VARA DO TRABALHO DE BRUSQUE - TRIAGEM DE EQUALIZACAO,1ª VARA DO TRABALHO DE BRUSQUE - TRIAGEM DE EQUALIZAÇÃO,REDISTRIBUICAO,1 VARA DO TRABALHO DE BRUSQUE,1ª VARA DO TRABALHO DE BRUSQUE,DESTINATARIA,2026-07-30 17:46:18,REDISTRIBUICAO,VALIDA,
0001879-98.2026.5.12.0025,0001879-98.2026.5.12.0025,1,VARA DO TRABALHO DE XANXERE,VARA DO TRABALHO DE XANXERÊ,CEDENTE,2026-08-12 17:51:28,2 VARA DO TRABALHO DE BLUMENAU - TRIAGEM DE EQUALIZACAO,2ª VARA DO TRABALHO DE BLUMENAU - TRIAGEM DE EQUALIZAÇÃO,REDISTRIBUICAO,2 VARA DO TRABALHO DE BLUMENAU,2ª VARA DO TRABALHO DE BLUMENAU,DESTINATARIA,2026-08-12 18:00:25,REDISTRIBUICAO,VALIDA,
0001880-83.2026.5.12.0025,0001880-83.2026.5.12.0025,1,VARA DO TRABALHO DE XANXERE,VARA DO TRABALHO DE XANXERÊ,CEDENTE,2026-08-13 14:16:10,1 VARA DO TRABALHO DE TUBARAO - TRIAGEM DE EQUALIZACAO,1ª VARA DO TRABALHO DE TUBARÃO - TRIAGEM DE EQUALIZAÇÃO,REDISTRIBUICAO,1 VARA DO TRABALHO DE TUBARAO,1ª VARA DO TRABALHO DE TUBARÃO,DESTINATARIA,2026-08-13 14:24:50,REDISTRIBUICAO,VALIDA,
0001881-68.2026.5.12.0025,0001881-68.2026.5.12.0025,1,VARA DO TRABALHO DE XANXERE,VARA DO TRABALHO DE XANXERÊ,CEDENTE,2026-08-13 14:16:24,2 VARA DO TRABALHO DE BLUMENAU - TRIAGEM DE EQUALIZACAO,2ª VARA DO TRABALHO DE BLUMENAU - TRIAGEM DE EQUALIZAÇÃO,REDISTRIBUICAO,2 VARA DO TRABALHO DE BLUMENAU,2ª VARA DO TRABALHO DE BLUMENAU,DESTINATARIA,2026-08-13 14:25:08,REDISTRIBUICAO,VALIDA,
0001881-98.2026.5.12.0015,0001881-98.2026.5.12.0015,1,VARA DO TRABALHO DE SAO MIGUEL DO OESTE,VARA DO TRABALHO DE SÃO MIGUEL DO OESTE,CEDENTE,2026-07-31 14:13:02,3 VARA DO TRABALHO DE LAGES - TRIAGEM DE EQUALIZACAO,3ª VARA DO TRABALHO DE LAGES - TRIAGEM DE EQUALIZAÇÃO,REDISTRIBUICAO,3 VARA DO TRABALHO DE LAGES,3ª VARA DO TRABALHO DE LAGES,DESTINATARIA,2026-07-31 14:33:28,REDISTRIBUICAO,VALIDA,
0001882-53.2026.5.12.0025,0001882-53.2026.5.12.0025,1,VARA DO TRABALHO DE XANXERE,VARA DO TRABALHO DE XANXERÊ,CEDENTE,2026-08-13 14:16:38,VARA DO TRABALHO DE ARARANGUA - TRIAGEM DE EQUALIZACAO,VARA DO TRABALHO DE ARARANGUÁ - TRIAGEM DE EQUALIZAÇÃO,REDISTRIBUICAO,VARA DO TRABALHO DE ARARANGUA,VARA DO TRABALHO DE ARARANGUÁ,DESTINATARIA,2026-08-13 14:26:58,REDISTRIBUICAO,VALIDA,
0001882-83.2026.5.12.0015,0001882-83.2026.5.12.0015,1,VARA DO TRABALHO DE SAO MIGUEL DO OESTE,VARA DO TRABALHO DE SÃO MIGUEL DO OESTE,CEDENTE,2026-07-31 14:13:20,VARA DO TRABALHO DE ARARANGUA - TRIAGEM DE EQUALIZACAO,VARA DO TRABALHO DE ARARANGUÁ - TRIAGEM DE EQUALIZAÇÃO,REDISTRIBUICAO,VARA DO TRABALHO DE ARARANGUA,VARA DO TRABALHO DE ARARANGUÁ,DESTINATARIA,2026-07-31 14:34:04,REDISTRIBUICAO,VALIDA,
0001883-38.2026.5.12.0025,0001883-38.2026.5.12.0025,1,VARA DO TRABALHO DE XANXERE,VARA DO TRABALHO DE XANXERÊ,CEDENTE,2026-08-13 14:16:53,3 VARA DO TRABALHO DE LAGES - TRIAGEM DE EQUALIZACAO,3ª VARA DO TRABALHO DE LAGES - TRIAGEM DE EQUALIZAÇÃO,REDISTRIBUICAO,3 VARA DO TRABALHO DE LAGES,3ª VARA DO TRABALHO DE LAGES,DESTINATARIA,2026-08-13 14:26:08,REDISTRIBUICAO,VALIDA,
0001883-68.2026.5.12.0015,0001883-68.2026.5.12.0015,1,VARA DO TRABALHO DE SAO MIGUEL DO OESTE,VARA DO TRABALHO DE SÃO MIGUEL DO OESTE,CEDENTE,2026-07-31 14:13:38,1 VARA DO TRABALHO DE LAGES - TRIAGEM DE EQUALIZACAO,1ª VARA DO TRABALHO DE LAGES - TRIAGEM DE EQUALIZAÇÃO,REDISTRIBUICAO,1 VARA DO TRABALHO DE LAGES,1ª VARA DO TRABALHO DE LAGES,DESTINATARIA,2026-07-31 14:29:38,REDISTRIBUICAO,VALIDA,
0001884-23.2026.5.12.0025,0001884-23.2026.5.12.0025,1,VARA DO TRABALHO DE XANXERE,VARA DO TRABALHO DE XANXERÊ,CEDENTE,2026-08-13 14:17:09,VARA DO TRABALHO DE ARARANGUA - TRIAGEM DE EQUALIZACAO,VARA DO TRABALHO DE ARARANGUÁ - TRIAGEM DE EQUALIZAÇÃO,REDISTRIBUICAO,VARA DO TRABALHO DE ARARANGUA,VARA DO TRABALHO DE ARARANGUÁ,DESTINATARIA,2026-08-13 14:27:14,REDISTRIBUICAO,VALIDA,
0001884-53.2026.5.12.0015,0001884-53.2026.5.12.0015,1,VARA DO TRABALHO DE SAO MIGUEL DO OESTE,VARA DO TRABALHO DE SÃO MIGUEL DO OESTE,CEDENTE,2026-07-31 14:25:53,VARA DO TRABALHO DE CANOINHAS - TRIAGEM DE EQUALIZACAO,VARA DO TRABALHO DE CANOINHAS - TRIAGEM DE EQUALIZAÇÃO,REDISTRIBUICAO,VARA DO TRABALHO DE CANOINHAS,VARA DO TRABALHO DE CANOINHAS,DESTINATARIA,2026-07-31 14:40:07,REDISTRIBUICAO,VALIDA,
0001885-08.2026.5.12.0025,0001885-08.2026.5.12.0025,1,VARA DO TRABALHO DE XANXERE,VARA DO TRABALHO DE XANXERÊ,CEDENTE,2026-08-13 17:34:08,1 VARA DO TRABALHO DE TUBARAO - TRIAGEM DE EQUALIZACAO,1ª VARA DO TRABALHO DE TUBARÃO - TRIAGEM DE EQUALIZAÇÃO,REDISTRIBUICAO,1 VARA DO TRABALHO DE TUBARAO,1ª VARA DO TRABALHO DE TUBARÃO,DESTINATARIA,2026-08-13 17:47:36,REDISTRIBUICAO,VALIDA,
0001885-38.2026.5.12.0015,0001885-38.2026.5.12.0015,1,VARA DO TRABALHO DE SAO MIGUEL DO OESTE,VARA DO TRABALHO DE SÃO MIGUEL DO OESTE,CEDENTE,2026-07-31 18:04:09,2 VARA DO TRABALHO DE LAGES - TRIAGEM DE EQUALIZACAO,2ª VARA DO TRABALHO DE LAGES - TRIAGEM DE EQUALIZAÇÃO,REDISTRIBUICAO,2 VARA DO TRABALHO DE LAGES,2ª VARA DO TRABALHO DE LAGES,DESTINATARIA,2026-07-31 18:10:28,REDISTRIBUICAO,VALIDA,
0001886-23.2026.5.12.0015,0001886-23.2026.5.12.0015,1,VARA DO TRABALHO DE SAO MIGUEL DO OESTE,VARA DO TRABALHO DE SÃO MIGUEL DO OESTE,CEDENTE,2026-07-31 18:04:17,2 VARA DO TRABALHO DE LAGES - TRIAGEM DE EQUALIZACAO,2ª VARA DO TRABALHO DE LAGES - TRIAGEM DE EQUALIZAÇÃO,REDISTRIBUICAO,2 VARA DO TRABALHO DE LAGES,2ª VARA DO TRABALHO DE LAGES,DESTINATARIA,2026-07-31 18:10:38,REDISTRIBUICAO,VALIDA,
0001886-90.2026.5.12.0025,0001886-90.2026.5.12.0025,1,VARA DO TRABALHO DE XANXERE,VARA DO TRABALHO DE XANXERÊ,CEDENTE,2026-08-13 17:34:19,4 VARA DO TRABALHO DE BLUMENAU - TRIAGEM DE EQUALIZACAO,4ª VARA DO TRABALHO DE BLUMENAU - TRIAGEM DE EQUALIZAÇÃO,REDISTRIBUICAO,4 VARA DO TRABALHO DE BLUMENAU,4ª VARA DO TRABALHO DE BLUMENAU,DESTINATARIA,2026-08-13 17:48:14,REDISTRIBUICAO,VALIDA,
0001887-08.2026.5.12.0015,0001887-08.2026.5.12.0015,1,VARA DO TRABALHO DE SAO MIGUEL DO OESTE,VARA DO TRABALHO DE SÃO MIGUEL DO OESTE,CEDENTE,2026-07-31 17:58:00,1 VARA DO TRABALHO DE TUBARAO - TRIAGEM DE EQUALIZACAO,1ª VARA DO TRABALHO DE TUBARÃO - TRIAGEM DE EQUALIZAÇÃO,REDISTRIBUICAO,1 VARA DO TRABALHO DE TUBARAO,1ª VARA DO TRABALHO DE TUBARÃO,DESTINATARIA,2026-07-31 18:19:59,REDISTRIBUICAO,VALIDA,
0001887-75.2026.5.12.0025,0001887-75.2026.5.12.0025,1,VARA DO TRABALHO DE XANXERE,VARA DO TRABALHO DE XANXERÊ,CEDENTE,2026-08-13 17:34:30,4 VARA DO TRABALHO DE BLUMENAU - TRIAGEM DE EQUALIZACAO,4ª VARA DO TRABALHO DE BLUMENAU - TRIAGEM DE EQUALIZAÇÃO,REDISTRIBUICAO,4 VARA DO TRABALHO DE BLUMENAU,4ª VARA DO TRABALHO DE BLUMENAU,DESTINATARIA,2026-08-13 17:48:25,REDISTRIBUICAO,VALIDA,
0001888-60.2026.5.12.0025,0001888-60.2026.5.12.0025,1,VARA DO TRABALHO DE XANXERE,VARA DO TRABALHO DE XANXERÊ,CEDENTE,2026-08-14 14:11:05,1 VARA DO TRABALHO DE LAGES - TRIAGEM DE EQUALIZACAO,1ª VARA DO TRABALHO DE LAGES - TRIAGEM DE EQUALIZAÇÃO,REDISTRIBUICAO,1 VARA DO TRABALHO DE LAGES,1ª VARA DO TRABALHO DE LAGES,DESTINATARIA,2026-08-14 14:21:44,REDISTRIBUICAO,VALIDA,
0001888-90.2026.5.12.0015,0001888-90.2026.5.12.0015,1,VARA DO TRABALHO DE SAO MIGUEL DO OESTE,VARA DO TRABALHO DE SÃO MIGUEL DO OESTE,CEDENTE,2026-07-31 17:58:11,1 VARA DO TRABALHO DE LAGES - TRIAGEM DE EQUALIZACAO,1ª VARA DO TRABALHO DE LAGES - TRIAGEM DE EQUALIZAÇÃO,REDISTRIBUICAO,1 VARA DO TRABALHO DE LAGES,1ª VARA DO TRABALHO DE LAGES,DESTINATARIA,2026-07-31 18:09:18,REDISTRIBUICAO,VALIDA,
0001889-75.2026.5.12.0015,0001889-75.2026.5.12.0015,1,VARA DO TRABALHO DE SAO MIGUEL DO OESTE,VARA DO TRABALHO DE SÃO MIGUEL DO OESTE,CEDENTE,2026-07-31 17:58:21,1 VARA DO TRABALHO DE LAGES - TRIAGEM DE EQUALIZACAO,1ª VARA DO TRABALHO DE LAGES - TRIAGEM DE EQUALIZAÇÃO,REDISTRIBUICAO,1 VARA DO TRABALHO DE LAGES,1ª VARA DO TRABALHO DE LAGES,DESTINATARIA,2026-07-31 18:09:29,REDISTRIBUICAO,VALIDA,
0001890-30.2026.5.12.0025,0001890-30.2026.5.12.0025,1,VARA DO TRABALHO DE XANXERE,VARA DO TRABALHO DE XANXERÊ,CEDENTE,2026-08-14 14:11:27,1 VARA DO TRABALHO DE TUBARAO - TRIAGEM DE EQUALIZACAO,1ª VARA DO TRABALHO DE TUBARÃO - TRIAGEM DE EQUALIZAÇÃO,REDISTRIBUICAO,1 VARA DO TRABALHO DE TUBARAO,1ª VARA DO TRABALHO DE TUBARÃO,DESTINATARIA,2026-08-14 14:22:21,REDISTRIBUICAO,VALIDA,
0001891-15.2026.5.12.0025,0001891-15.2026.5.12.0025,1,VARA DO TRABALHO DE XANXERE,VARA DO TRABALHO DE XANXERÊ,CEDENTE,2026-08-14 14:16:43,VARA DO TRABALHO DE ARARANGUA - TRIAGEM DE EQUALIZACAO,VARA DO TRABALHO DE ARARANGUÁ - TRIAGEM DE EQUALIZAÇÃO,REDISTRIBUICAO,VARA DO TRABALHO DE ARARANGUA,VARA DO TRABALHO DE ARARANGUÁ,DESTINATARIA,2026-08-14 14:32:05,REDISTRIBUICAO,VALIDA,
0001892-30.2026.5.12.0015,0001892-30.2026.5.12.0015,1,VARA DO TRABALHO DE SAO MIGUEL DO OESTE,VARA DO TRABALHO DE SÃO MIGUEL DO OESTE,CEDENTE,2026-07-31 17:58:32,VARA DO TRABALHO DE CANOINHAS - TRIAGEM DE EQUALIZACAO,VARA DO TRABALHO DE CANOINHAS - TRIAGEM DE EQUALIZAÇÃO,REDISTRIBUICAO,VARA DO TRABALHO DE CANOINHAS,VARA DO TRABALHO DE CANOINHAS,DESTINATARIA,2026-07-31 18:11:48,REDISTRIBUICAO,VALIDA,
0001892-97.2026.5.12.0025,0001892-97.2026.5.12.0025,1,VARA DO TRABALHO DE XANXERE,VARA DO TRABALHO DE XANXERÊ,CEDENTE,2026-08-14 14:12:31,1 VARA DO TRABALHO DE TUBARAO - TRIAGEM DE EQUALIZACAO,1ª VARA DO TRABALHO DE TUBARÃO - TRIAGEM DE EQUALIZAÇÃO,REDISTRIBUICAO,1 VARA DO TRABALHO DE TUBARAO,1ª VARA DO TRABALHO DE TUBARÃO,DESTINATARIA,2026-08-14 14:31:10,REDISTRIBUICAO,VALIDA,
0001893-15.2026.5.12.0015,0001893-15.2026.5.12.0015,1,VARA DO TRABALHO DE SAO MIGUEL DO OESTE,VARA DO TRABALHO DE SÃO MIGUEL DO OESTE,CEDENTE,2026-08-03 17:45:55,VARA DO TRABALHO DE INDAIAL - TRIAGEM DE EQUALIZACAO,VARA DO TRABALHO DE INDAIAL - TRIAGEM DE EQUALIZAÇÃO,REDISTRIBUICAO,VARA DO TRABALHO DE INDAIAL,VARA DO TRABALHO DE INDAIAL,DESTINATARIA,2026-08-03 17:54:51,REDISTRIBUICAO,VALIDA,
0001893-82.2026.5.12.0025,0001893-82.2026.5.12.0025,1,VARA DO TRABALHO DE XANXERE,VARA DO TRABALHO DE XANXERÊ,CEDENTE,2026-08-14 14:13:13,2 VARA DO TRABALHO DE LAGES - TRIAGEM DE EQUALIZACAO,2ª VARA DO TRABALHO DE LAGES - TRIAGEM DE EQUALIZAÇÃO,REDISTRIBUICAO,2 VARA DO TRABALHO DE LAGES,2ª VARA DO TRABALHO DE LAGES,DESTINATARIA,2026-08-14 14:23:43,REDISTRIBUICAO,VALIDA,
0001894-67.2026.5.12.0025,0001894-67.2026.5.12.0025,1,VARA DO TRABALHO DE XANXERE,VARA DO TRABALHO DE XANXERÊ,CEDENTE,2026-08-14 14:16:53,VARA DO TRABALHO DE SAO BENTO DO SUL - TRIAGEM DE EQUALIZACAO,VARA DO TRABALHO DE SÃO BENTO DO SUL - TRIAGEM DE EQUALIZAÇÃO,REDISTRIBUICAO,VARA DO TRABALHO DE SAO BENTO DO SUL,VARA DO TRABALHO DE SÃO BENTO DO SUL,DESTINATARIA,2026-08-14 14:32:45,REDISTRIBUICAO,VALIDA,
0001907-70.2026.5.12.0056,0001907-70.2026.5.12.0056,1,VARA DO TRABALHO DE NAVEGANTES,VARA DO TRABALHO DE NAVEGANTES,CEDENTE,2026-07-27 14:06:43,3 VARA DO TRABALHO DE LAGES - TRIAGEM DE EQUALIZACAO,3ª VARA DO TRABALHO DE LAGES - TRIAGEM DE EQUALIZAÇÃO,REDISTRIBUICAO,3 VARA DO TRABALHO DE LAGES,3ª VARA DO TRABALHO DE LAGES,DESTINATARIA,2026-07-27 14:19:57,REDISTRIBUICAO,VALIDA,
0001908-55.2026.5.12.0056,0001908-55.2026.5.12.0056,1,VARA DO TRABALHO DE NAVEGANTES,VARA DO TRABALHO DE NAVEGANTES,CEDENTE,2026-07-27 14:07:00,1 VARA DO TRABALHO DE LAGES - TRIAGEM DE EQUALIZACAO,1ª VARA DO TRABALHO DE LAGES - TRIAGEM DE EQUALIZAÇÃO,REDISTRIBUICAO,1 VARA DO TRABALHO DE LAGES,1ª VARA DO TRABALHO DE LAGES,DESTINATARIA,2026-07-27 14:17:59,REDISTRIBUICAO,VALIDA,
0001909-40.2026.5.12.0056,0001909-40.2026.5.12.0056,1,VARA DO TRABALHO DE NAVEGANTES,VARA DO TRABALHO DE NAVEGANTES,CEDENTE,2026-07-27 14:13:51,VARA DO TRABALHO DE ARARANGUA - TRIAGEM DE EQUALIZACAO,VARA DO TRABALHO DE ARARANGUÁ - TRIAGEM DE EQUALIZAÇÃO,REDISTRIBUICAO,VARA DO TRABALHO DE ARARANGUA,VARA DO TRABALHO DE ARARANGUÁ,DESTINATARIA,2026-07-27 14:27:20,REDISTRIBUICAO,VALIDA,
0001910-25.2026.5.12.0056,0001910-25.2026.5.12.0056,1,VARA DO TRABALHO DE NAVEGANTES,VARA DO TRABALHO DE NAVEGANTES,CEDENTE,2026-07-27 14:07:54,1 VARA DO TRABALHO DE TUBARAO - TRIAGEM DE EQUALIZACAO,1ª VARA DO TRABALHO DE TUBARÃO - TRIAGEM DE EQUALIZAÇÃO,REDISTRIBUICAO,1 VARA DO TRABALHO DE TUBARAO,1ª VARA DO TRABALHO DE TUBARÃO,DESTINATARIA,2026-07-27 14:18:48,REDISTRIBUICAO,VALIDA,
0001911-10.2026.5.12.0056,0001911-10.2026.5.12.0056,1,VARA DO TRABALHO DE NAVEGANTES,VARA DO TRABALHO DE NAVEGANTES,CEDENTE,2026-07-27 14:08:10,1 VARA DO TRABALHO DE BRUSQUE - TRIAGEM DE EQUALIZACAO,1ª VARA DO TRABALHO DE BRUSQUE - TRIAGEM DE EQUALIZAÇÃO,REDISTRIBUICAO,1 VARA DO TRABALHO DE BRUSQUE,1ª VARA DO TRABALHO DE BRUSQUE,DESTINATARIA,2026-07-27 14:17:05,REDISTRIBUICAO,VALIDA,
0001912-92.2026.5.12.0056,0001912-92.2026.5.12.0056,1,VARA DO TRABALHO DE NAVEGANTES,VARA DO TRABALHO DE NAVEGANTES,CEDENTE,2026-07-27 17:26:57,VARA DO TRABALHO DE CANOINHAS - TRIAGEM DE EQUALIZACAO,VARA DO TRABALHO DE CANOINHAS - TRIAGEM DE EQUALIZAÇÃO,REDISTRIBUICAO,VARA DO TRABALHO DE CANOINHAS,VARA DO TRABALHO DE CANOINHAS,DESTINATARIA,2026-07-27 18:43:25,REDISTRIBUICAO,VALIDA,
0001913-77.2026.5.12.0056,0001913-77.2026.5.12.0056,1,VARA DO TRABALHO DE NAVEGANTES,VARA DO TRABALHO DE NAVEGANTES,CEDENTE,2026-07-27 17:27:07,1 VARA DO TRABALHO DE TUBARAO - TRIAGEM DE EQUALIZACAO,1ª VARA DO TRABALHO DE TUBARÃO - TRIAGEM DE EQUALIZAÇÃO,REDISTRIBUICAO,1 VARA DO TRABALHO DE TUBARAO,1ª VARA DO TRABALHO DE TUBARÃO,DESTINATARIA,2026-07-27 18:41:58,REDISTRIBUICAO,VALIDA,
0001914-62.2026.5.12.0056,0001914-62.2026.5.12.0056,1,VARA DO TRABALHO DE NAVEGANTES,VARA DO TRABALHO DE NAVEGANTES,CEDENTE,2026-07-27 17:27:19,VARA DO TRABALHO DE ARARANGUA - TRIAGEM DE EQUALIZACAO,VARA DO TRABALHO DE ARARANGUÁ - TRIAGEM DE EQUALIZAÇÃO,REDISTRIBUICAO,VARA DO TRABALHO DE ARARANGUA,VARA DO TRABALHO DE ARARANGUÁ,DESTINATARIA,2026-07-27 18:42:38,REDISTRIBUICAO,VALIDA,
0001916-32.2026.5.12.0056,0001916-32.2026.5.12.0056,1,VARA DO TRABALHO DE NAVEGANTES,VARA DO TRABALHO DE NAVEGANTES,CEDENTE,2026-07-28 14:13:44,3 VARA DO TRABALHO DE LAGES - TRIAGEM DE EQUALIZACAO,3ª VARA DO TRABALHO DE LAGES - TRIAGEM DE EQUALIZAÇÃO,REDISTRIBUICAO,3 VARA DO TRABALHO DE LAGES,3ª VARA DO TRABALHO DE LAGES,DESTINATARIA,2026-07-28 14:29:48,REDISTRIBUICAO,VALIDA,
0001917-17.2026.5.12.0056,0001917-17.2026.5.12.0056,1,VARA DO TRABALHO DE NAVEGANTES,VARA DO TRABALHO DE NAVEGANTES,CEDENTE,2026-07-28 14:13:59,3 VARA DO TRABALHO DE LAGES - TRIAGEM DE EQUALIZACAO,3ª VARA DO TRABALHO DE LAGES - TRIAGEM DE EQUALIZAÇÃO,REDISTRIBUICAO,3 VARA DO TRABALHO DE LAGES,3ª VARA DO TRABALHO DE LAGES,DESTINATARIA,2026-07-28 14:30:05,REDISTRIBUICAO,VALIDA,
0001918-02.2026.5.12.0056,0001918-02.2026.5.12.0056,1,VARA DO TRABALHO DE NAVEGANTES,VARA DO TRABALHO DE NAVEGANTES,CEDENTE,2026-07-28 14:14:15,3 VARA DO TRABALHO DE LAGES - TRIAGEM DE EQUALIZACAO,3ª VARA DO TRABALHO DE LAGES - TRIAGEM DE EQUALIZAÇÃO,REDISTRIBUICAO,3 VARA DO TRABALHO DE LAGES,3ª VARA DO TRABALHO DE LAGES,DESTINATARIA,2026-07-28 14:30:21,REDISTRIBUICAO,VALIDA,
0001920-69.2026.5.12.0056,0001920-69.2026.5.12.0056,1,VARA DO TRABALHO DE NAVEGANTES,VARA DO TRABALHO DE NAVEGANTES,CEDENTE,2026-07-28 14:14:29,2 VARA DO TRABALHO DE LAGES - TRIAGEM DE EQUALIZACAO,2ª VARA DO TRABALHO DE LAGES - TRIAGEM DE EQUALIZAÇÃO,REDISTRIBUICAO,2 VARA DO TRABALHO DE LAGES,2ª VARA DO TRABALHO DE LAGES,DESTINATARIA,2026-07-28 14:28:59,REDISTRIBUICAO,VALIDA,
0001921-54.2026.5.12.0056,0001921-54.2026.5.12.0056,1,VARA DO TRABALHO DE NAVEGANTES,VARA DO TRABALHO DE NAVEGANTES,CEDENTE,2026-07-28 14:14:43,1 VARA DO TRABALHO DE BRUSQUE - TRIAGEM DE EQUALIZACAO,1ª VARA DO TRABALHO DE BRUSQUE - TRIAGEM DE EQUALIZAÇÃO,REDISTRIBUICAO,1 VARA DO TRABALHO DE BRUSQUE,1ª VARA DO TRABALHO DE BRUSQUE,DESTINATARIA,2026-07-28 14:25:54,REDISTRIBUICAO,VALIDA,
0001922-39.2026.5.12.0056,0001922-39.2026.5.12.0056,1,VARA DO TRABALHO DE NAVEGANTES,VARA DO TRABALHO DE NAVEGANTES,CEDENTE,2026-07-28 14:14:58,VARA DO TRABALHO DE ARARANGUA - TRIAGEM DE EQUALIZACAO,VARA DO TRABALHO DE ARARANGUÁ - TRIAGEM DE EQUALIZAÇÃO,REDISTRIBUICAO,VARA DO TRABALHO DE ARARANGUA,VARA DO TRABALHO DE ARARANGUÁ,DESTINATARIA,2026-07-28 14:30:38,REDISTRIBUICAO,VALIDA,
0001923-24.2026.5.12.0056,0001923-24.2026.5.12.0056,1,VARA DO TRABALHO DE NAVEGANTES,VARA DO TRABALHO DE NAVEGANTES,CEDENTE,2026-07-28 14:15:15,VARA DO TRABALHO DE SAO BENTO DO SUL - TRIAGEM DE EQUALIZACAO,VARA DO TRABALHO DE SÃO BENTO DO SUL - TRIAGEM DE EQUALIZAÇÃO,REDISTRIBUICAO,VARA DO TRABALHO DE SAO BENTO DO SUL,VARA DO TRABALHO DE SÃO BENTO DO SUL,DESTINATARIA,2026-07-28 14:32:15,REDISTRIBUICAO,VALIDA,
0001924-09.2026.5.12.0056,0001924-09.2026.5.12.0056,1,VARA DO TRABALHO DE NAVEGANTES,VARA DO TRABALHO DE NAVEGANTES,CEDENTE,2026-07-28 17:23:20,VARA DO TRABALHO DE ARARANGUA - TRIAGEM DE EQUALIZACAO,VARA DO TRABALHO DE ARARANGUÁ - TRIAGEM DE EQUALIZAÇÃO,REDISTRIBUICAO,VARA DO TRABALHO DE ARARANGUA,VARA DO TRABALHO DE ARARANGUÁ,DESTINATARIA,2026-07-28 17:36:18,REDISTRIBUICAO,VALIDA,
0001925-91.2026.5.12.0056,0001925-91.2026.5.12.0056,1,VARA DO TRABALHO DE NAVEGANTES,VARA DO TRABALHO DE NAVEGANTES,CEDENTE,2026-07-28 17:23:31,2 VARA DO TRABALHO DE LAGES - TRIAGEM DE EQUALIZACAO,2ª VARA DO TRABALHO DE LAGES - TRIAGEM DE EQUALIZAÇÃO,REDISTRIBUICAO,2 VARA DO TRABALHO DE LAGES,2ª VARA DO TRABALHO DE LAGES,DESTINATARIA,2026-07-28 17:35:30,REDISTRIBUICAO,VALIDA,
0001926-76.2026.5.12.0056,0001926-76.2026.5.12.0056,1,VARA DO TRABALHO DE NAVEGANTES,VARA DO TRABALHO DE NAVEGANTES,CEDENTE,2026-07-28 17:23:42,1 VARA DO TRABALHO DE BRUSQUE - TRIAGEM DE EQUALIZACAO,1ª VARA DO TRABALHO DE BRUSQUE - TRIAGEM DE EQUALIZAÇÃO,REDISTRIBUICAO,1 VARA DO TRABALHO DE BRUSQUE,1ª VARA DO TRABALHO DE BRUSQUE,DESTINATARIA,2026-07-28 17:34:28,REDISTRIBUICAO,VALIDA,
0001927-61.2026.5.12.0056,0001927-61.2026.5.12.0056,1,VARA DO TRABALHO DE NAVEGANTES,VARA DO TRABALHO DE NAVEGANTES,CEDENTE,2026-07-28 17:23:53,1 VARA DO TRABALHO DE TUBARAO - TRIAGEM DE EQUALIZACAO,1ª VARA DO TRABALHO DE TUBARÃO - TRIAGEM DE EQUALIZAÇÃO,REDISTRIBUICAO,1 VARA DO TRABALHO DE TUBARAO,1ª VARA DO TRABALHO DE TUBARÃO,DESTINATARIA,2026-07-28 17:35:18,REDISTRIBUICAO,VALIDA,
0001928-46.2026.5.12.0056,0001928-46.2026.5.12.0056,1,VARA DO TRABALHO DE NAVEGANTES,VARA DO TRABALHO DE NAVEGANTES,CEDENTE,2026-07-28 17:24:03,2 VARA DO TRABALHO DE LAGES - TRIAGEM DE EQUALIZACAO,2ª VARA DO TRABALHO DE LAGES - TRIAGEM DE EQUALIZAÇÃO,REDISTRIBUICAO,2 VARA DO TRABALHO DE LAGES,2ª VARA DO TRABALHO DE LAGES,DESTINATARIA,2026-07-28 17:35:42,REDISTRIBUICAO,VALIDA,
0001929-31.2026.5.12.0056,0001929-31.2026.5.12.0056,1,VARA DO TRABALHO DE NAVEGANTES,VARA DO TRABALHO DE NAVEGANTES,CEDENTE,2026-07-28 17:24:14,VARA DO TRABALHO DE CANOINHAS - TRIAGEM DE EQUALIZACAO,VARA DO TRABALHO DE CANOINHAS - TRIAGEM DE EQUALIZAÇÃO,REDISTRIBUICAO,VARA DO TRABALHO DE CANOINHAS,VARA DO TRABALHO DE CANOINHAS,DESTINATARIA,2026-07-28 17:36:29,REDISTRIBUICAO,VALIDA,
0001930-16.2026.5.12.0056,0001930-16.2026.5.12.0056,1,VARA DO TRABALHO DE NAVEGANTES,VARA DO TRABALHO DE NAVEGANTES,CEDENTE,2026-07-29 14:25:14,VARA DO TRABALHO DE ARARANGUA - TRIAGEM DE EQUALIZACAO,VARA DO TRABALHO DE ARARANGUÁ - TRIAGEM DE EQUALIZAÇÃO,REDISTRIBUICAO,VARA DO TRABALHO DE ARARANGUA,VARA DO TRABALHO DE ARARANGUÁ,DESTINATARIA,2026-07-29 14:37:28,REDISTRIBUICAO,VALIDA,
0001931-98.2026.5.12.0056,0001931-98.2026.5.12.0056,1,VARA DO TRABALHO DE NAVEGANTES,VARA DO TRABALHO DE NAVEGANTES,CEDENTE,2026-07-29 14:25:25,2 VARA DO TRABALHO DE LAGES - TRIAGEM DE EQUALIZACAO,2ª VARA DO TRABALHO DE LAGES - TRIAGEM DE EQUALIZAÇÃO,REDISTRIBUICAO,2 VARA DO TRABALHO DE LAGES,2ª VARA DO TRABALHO DE LAGES,DESTINATARIA,2026-07-29 14:36:15,REDISTRIBUICAO,VALIDA,
0001933-68.2026.5.12.0056,0001933-68.2026.5.12.0056,1,VARA DO TRABALHO DE NAVEGANTES,VARA DO TRABALHO DE NAVEGANTES,CEDENTE,2026-07-29 14:25:38,VARA DO TRABALHO DE CANOINHAS - TRIAGEM DE EQUALIZACAO,VARA DO TRABALHO DE CANOINHAS - TRIAGEM DE EQUALIZAÇÃO,REDISTRIBUICAO,VARA DO TRABALHO DE CANOINHAS,VARA DO TRABALHO DE CANOINHAS,DESTINATARIA,2026-07-29 14:38:04,REDISTRIBUICAO,VALIDA,
0001934-53.2026.5.12.0056,0001934-53.2026.5.12.0056,1,VARA DO TRABALHO DE NAVEGANTES,VARA DO TRABALHO DE NAVEGANTES,CEDENTE,2026-07-29 17:40:17,1 VARA DO TRABALHO DE TUBARAO - TRIAGEM DE EQUALIZACAO,1ª VARA DO TRABALHO DE TUBARÃO - TRIAGEM DE EQUALIZAÇÃO,REDISTRIBUICAO,1 VARA DO TRABALHO DE TUBARAO,1ª VARA DO TRABALHO DE TUBARÃO,DESTINATARIA,2026-07-29 17:51:08,REDISTRIBUICAO,VALIDA,
0001937-08.2026.5.12.0056,0001937-08.2026.5.12.0056,1,VARA DO TRABALHO DE NAVEGANTES,VARA DO TRABALHO DE NAVEGANTES,CEDENTE,2026-07-30 14:08:31,1 VARA DO TRABALHO DE TUBARAO - TRIAGEM DE EQUALIZACAO,1ª VARA DO TRABALHO DE TUBARÃO - TRIAGEM DE EQUALIZAÇÃO,REDISTRIBUICAO,1 VARA DO TRABALHO DE TUBARAO,1ª VARA DO TRABALHO DE TUBARÃO,DESTINATARIA,2026-07-30 14:17:39,REDISTRIBUICAO,VALIDA,
0001938-90.2026.5.12.0056,0001938-90.2026.5.12.0056,1,VARA DO TRABALHO DE NAVEGANTES,VARA DO TRABALHO DE NAVEGANTES,CEDENTE,2026-07-30 14:02:03,1 VARA DO TRABALHO DE LAGES - TRIAGEM DE EQUALIZACAO,1ª VARA DO TRABALHO DE LAGES - TRIAGEM DE EQUALIZAÇÃO,REDISTRIBUICAO,1 VARA DO TRABALHO DE LAGES,1ª VARA DO TRABALHO DE LAGES,DESTINATARIA,2026-07-30 14:16:49,REDISTRIBUICAO,VALIDA,
0001940-60.2026.5.12.0056,0001940-60.2026.5.12.0056,1,VARA DO TRABALHO DE NAVEGANTES,VARA DO TRABALHO DE NAVEGANTES,CEDENTE,2026-07-30 14:02:19,1 VARA DO TRABALHO DE LAGES - TRIAGEM DE EQUALIZACAO,1ª VARA DO TRABALHO DE LAGES - TRIAGEM DE EQUALIZAÇÃO,REDISTRIBUICAO,1 VARA DO TRABALHO DE LAGES,1ª VARA DO TRABALHO DE LAGES,DESTINATARIA,2026-07-30 14:17:05,REDISTRIBUICAO,VALIDA,
0001941-45.2026.5.12.0056,0001941-45.2026.5.12.0056,1,VARA DO TRABALHO DE NAVEGANTES,VARA DO TRABALHO DE NAVEGANTES,CEDENTE,2026-07-30 17:36:02,VARA DO TRABALHO DE CANOINHAS - TRIAGEM DE EQUALIZACAO,VARA DO TRABALHO DE CANOINHAS - TRIAGEM DE EQUALIZAÇÃO,REDISTRIBUICAO,VARA DO TRABALHO DE CANOINHAS,VARA DO TRABALHO DE CANOINHAS,DESTINATARIA,2026-07-30 17:48:30,REDISTRIBUICAO,VALIDA,
0001943-15.2026.5.12.0056,0001943-15.2026.5.12.0056,1,VARA DO TRABALHO DE NAVEGANTES,VARA DO TRABALHO DE NAVEGANTES,CEDENTE,2026-07-30 17:36:16,VARA DO TRABALHO DE CANOINHAS - TRIAGEM DE EQUALIZACAO,VARA DO TRABALHO DE CANOINHAS - TRIAGEM DE EQUALIZAÇÃO,REDISTRIBUICAO,VARA DO TRABALHO DE CANOINHAS,VARA DO TRABALHO DE CANOINHAS,DESTINATARIA,2026-07-30 17:48:41,REDISTRIBUICAO,VALIDA,
0001945-82.2026.5.12.0056,0001945-82.2026.5.12.0056,1,VARA DO TRABALHO DE NAVEGANTES,VARA DO TRABALHO DE NAVEGANTES,CEDENTE,2026-07-30 17:36:28,1 VARA DO TRABALHO DE TUBARAO - TRIAGEM DE EQUALIZACAO,1ª VARA DO TRABALHO DE TUBARÃO - TRIAGEM DE EQUALIZAÇÃO,REDISTRIBUICAO,1 VARA DO TRABALHO DE TUBARAO,1ª VARA DO TRABALHO DE TUBARÃO,DESTINATARIA,2026-07-30 17:47:06,REDISTRIBUICAO,VALIDA,
0001946-67.2026.5.12.0056,0001946-67.2026.5.12.0056,1,VARA DO TRABALHO DE NAVEGANTES,VARA DO TRABALHO DE NAVEGANTES,CEDENTE,2026-07-31 14:22:20,1 VARA DO TRABALHO DE LAGES - TRIAGEM DE EQUALIZACAO,1ª VARA DO TRABALHO DE LAGES - TRIAGEM DE EQUALIZAÇÃO,REDISTRIBUICAO,1 VARA DO TRABALHO DE LAGES,1ª VARA DO TRABALHO DE LAGES,DESTINATARIA,2026-07-31 14:38:59,REDISTRIBUICAO,VALIDA,
0001947-52.2026.5.12.0056,0001947-52.2026.5.12.0056,1,VARA DO TRABALHO DE NAVEGANTES,VARA DO TRABALHO DE NAVEGANTES,CEDENTE,2026-07-31 14:09:50,1 VARA DO TRABALHO DE BRUSQUE - TRIAGEM DE EQUALIZACAO,1ª VARA DO TRABALHO DE BRUSQUE - TRIAGEM DE EQUALIZAÇÃO,REDISTRIBUICAO,1 VARA DO TRABALHO DE BRUSQUE,1ª VARA DO TRABALHO DE BRUSQUE,DESTINATARIA,2026-07-31 14:28:24,REDISTRIBUICAO,VALIDA,
0001948-37.2026.5.12.0056,0001948-37.2026.5.12.0056,1,VARA DO TRABALHO DE NAVEGANTES,VARA DO TRABALHO DE NAVEGANTES,CEDENTE,2026-07-31 14:10:10,VARA DO TRABALHO DE SAO BENTO DO SUL - TRIAGEM DE EQUALIZACAO,VARA DO TRABALHO DE SÃO BENTO DO SUL - TRIAGEM DE EQUALIZAÇÃO,REDISTRIBUICAO,VARA DO TRABALHO DE SAO BENTO DO SUL,VARA DO TRABALHO DE SÃO BENTO DO SUL,DESTINATARIA,2026-07-31 14:40:24,REDISTRIBUICAO,VALIDA,
0001949-22.2026.5.12.0056,0001949-22.2026.5.12.0056,1,VARA DO TRABALHO DE NAVEGANTES,VARA DO TRABALHO DE NAVEGANTES,CEDENTE,2026-07-31 14:10:28,1 VARA DO TRABALHO DE LAGES - TRIAGEM DE EQUALIZACAO,1ª VARA DO TRABALHO DE LAGES - TRIAGEM DE EQUALIZAÇÃO,REDISTRIBUICAO,1 VARA DO TRABALHO DE LAGES,1ª VARA DO TRABALHO DE LAGES,DESTINATARIA,2026-07-31 14:30:39,REDISTRIBUICAO,VALIDA,
0001950-07.2026.5.12.0056,0001950-07.2026.5.12.0056,1,VARA DO TRABALHO DE NAVEGANTES,VARA DO TRABALHO DE NAVEGANTES,CEDENTE,2026-07-31 14:10:48,1 VARA DO TRABALHO DE TUBARAO - TRIAGEM DE EQUALIZACAO,1ª VARA DO TRABALHO DE TUBARÃO - TRIAGEM DE EQUALIZAÇÃO,REDISTRIBUICAO,1 VARA DO TRABALHO DE TUBARAO,1ª VARA DO TRABALHO DE TUBARÃO,DESTINATARIA,2026-07-31 14:39:34,REDISTRIBUICAO,VALIDA,
0001951-89.2026.5.12.0056,0001951-89.2026.5.12.0056,1,VARA DO TRABALHO DE NAVEGANTES,VARA DO TRABALHO DE NAVEGANTES,CEDENTE,2026-07-31 14:22:33,1 VARA DO TRABALHO DE BRUSQUE - TRIAGEM DE EQUALIZACAO,1ª VARA DO TRABALHO DE BRUSQUE - TRIAGEM DE EQUALIZAÇÃO,REDISTRIBUICAO,1 VARA DO TRABALHO DE BRUSQUE,1ª VARA DO TRABALHO DE BRUSQUE,DESTINATARIA,2026-07-31 14:28:42,REDISTRIBUICAO,VALIDA,
0001952-74.2026.5.12.0056,0001952-74.2026.5.12.0056,1,VARA DO TRABALHO DE NAVEGANTES,VARA DO TRABALHO DE NAVEGANTES,CEDENTE,2026-07-31 14:11:46,3 VARA DO TRABALHO DE LAGES - TRIAGEM DE EQUALIZACAO,3ª VARA DO TRABALHO DE LAGES - TRIAGEM DE EQUALIZAÇÃO,REDISTRIBUICAO,3 VARA DO TRABALHO DE LAGES,3ª VARA DO TRABALHO DE LAGES,DESTINATARIA,2026-07-31 14:33:46,REDISTRIBUICAO,VALIDA,
0001953-59.2026.5.12.0056,0001953-59.2026.5.12.0056,1,VARA DO TRABALHO DE NAVEGANTES,VARA DO TRABALHO DE NAVEGANTES,CEDENTE,2026-07-31 14:12:05,VARA DO TRABALHO DE CANOINHAS - TRIAGEM DE EQUALIZACAO,VARA DO TRABALHO DE CANOINHAS - TRIAGEM DE EQUALIZAÇÃO,REDISTRIBUICAO,VARA DO TRABALHO DE CANOINHAS,VARA DO TRABALHO DE CANOINHAS,DESTINATARIA,2026-07-31 14:34:22,REDISTRIBUICAO,VALIDA,
0001954-44.2026.5.12.0056,0001954-44.2026.5.12.0056,1,VARA DO TRABALHO DE NAVEGANTES,VARA DO TRABALHO DE NAVEGANTES,CEDENTE,2026-07-31 14:22:44,1 VARA DO TRABALHO DE BRUSQUE - TRIAGEM DE EQUALIZACAO,1ª VARA DO TRABALHO DE BRUSQUE - TRIAGEM DE EQUALIZAÇÃO,REDISTRIBUICAO,1 VARA DO TRABALHO DE BRUSQUE,1ª VARA DO TRABALHO DE BRUSQUE,DESTINATARIA,2026-07-31 14:29:03,REDISTRIBUICAO,VALIDA,
0001955-29.2026.5.12.0056,0001955-29.2026.5.12.0056,1,VARA DO TRABALHO DE NAVEGANTES,VARA DO TRABALHO DE NAVEGANTES,CEDENTE,2026-07-31 17:56:27,VARA DO TRABALHO DE SAO BENTO DO SUL - TRIAGEM DE EQUALIZACAO,VARA DO TRABALHO DE SÃO BENTO DO SUL - TRIAGEM DE EQUALIZAÇÃO,REDISTRIBUICAO,VARA DO TRABALHO DE SAO BENTO DO SUL,VARA DO TRABALHO DE SÃO BENTO DO SUL,DESTINATARIA,2026-07-31 18:12:32,REDISTRIBUICAO,VALIDA,
0001956-14.2026.5.12.0056,0001956-14.2026.5.12.0056,1,VARA DO TRABALHO DE NAVEGANTES,VARA DO TRABALHO DE NAVEGANTES,CEDENTE,2026-07-31 17:56:37,VARA DO TRABALHO DE CANOINHAS - TRIAGEM DE EQUALIZACAO,VARA DO TRABALHO DE CANOINHAS - TRIAGEM DE EQUALIZAÇÃO,REDISTRIBUICAO,VARA DO TRABALHO DE CANOINHAS,VARA DO TRABALHO DE CANOINHAS,DESTINATARIA,2026-07-31 18:11:58,REDISTRIBUICAO,VALIDA,
0001957-96.2026.5.12.0056,0001957-96.2026.5.12.0056,1,VARA DO TRABALHO DE NAVEGANTES,VARA DO TRABALHO DE NAVEGANTES,CEDENTE,2026-07-31 17:56:47,VARA DO TRABALHO DE ARARANGUA - TRIAGEM DE EQUALIZACAO,VARA DO TRABALHO DE ARARANGUÁ - TRIAGEM DE EQUALIZAÇÃO,REDISTRIBUICAO,VARA DO TRABALHO DE ARARANGUA,VARA DO TRABALHO DE ARARANGUÁ,DESTINATARIA,2026-07-31 18:11:26,REDISTRIBUICAO,VALIDA,
0001958-81.2026.5.12.0056,0001958-81.2026.5.12.0056,1,VARA DO TRABALHO DE NAVEGANTES,VARA DO TRABALHO DE NAVEGANTES,CEDENTE,2026-07-31 17:56:58,VARA DO TRABALHO DE ARARANGUA - TRIAGEM DE EQUALIZACAO,VARA DO TRABALHO DE ARARANGUÁ - TRIAGEM DE EQUALIZAÇÃO,REDISTRIBUICAO,VARA DO TRABALHO DE ARARANGUA,VARA DO TRABALHO DE ARARANGUÁ,DESTINATARIA,2026-07-31 18:11:36,REDISTRIBUICAO,VALIDA,
0001959-66.2026.5.12.0056,0001959-66.2026.5.12.0056,1,VARA DO TRABALHO DE NAVEGANTES,VARA DO TRABALHO DE NAVEGANTES,CEDENTE,2026-07-31 17:57:08,2 VARA DO TRABALHO DE LAGES - TRIAGEM DE EQUALIZACAO,2ª VARA DO TRABALHO DE LAGES - TRIAGEM DE EQUALIZAÇÃO,REDISTRIBUICAO,2 VARA DO TRABALHO DE LAGES,2ª VARA DO TRABALHO DE LAGES,DESTINATARIA,2026-07-31 18:10:50,REDISTRIBUICAO,VALIDA,
0001961-36.2026.5.12.0056,0001961-36.2026.5.12.0056,1,VARA DO TRABALHO DE NAVEGANTES,VARA DO TRABALHO DE NAVEGANTES,CEDENTE,2026-07-31 17:57:19,3 VARA DO TRABALHO DE LAGES - TRIAGEM DE EQUALIZACAO,3ª VARA DO TRABALHO DE LAGES - TRIAGEM DE EQUALIZAÇÃO,REDISTRIBUICAO,3 VARA DO TRABALHO DE LAGES,3ª VARA DO TRABALHO DE LAGES,DESTINATARIA,2026-07-31 18:11:01,REDISTRIBUICAO,VALIDA,
0001962-21.2026.5.12.0056,0001962-21.2026.5.12.0056,1,VARA DO TRABALHO DE NAVEGANTES,VARA DO TRABALHO DE NAVEGANTES,CEDENTE,2026-07-31 17:57:30,1 VARA DO TRABALHO DE BRUSQUE - TRIAGEM DE EQUALIZACAO,1ª VARA DO TRABALHO DE BRUSQUE - TRIAGEM DE EQUALIZAÇÃO,REDISTRIBUICAO,1 VARA DO TRABALHO DE BRUSQUE,1ª VARA DO TRABALHO DE BRUSQUE,DESTINATARIA,2026-07-31 18:08:55,REDISTRIBUICAO,VALIDA,
0002316-28.2026.5.12.0062,0002316-28.2026.5.12.0062,1,VARA DO TRABALHO DE ITAPEMA,VARA DO TRABALHO DE ITAPEMA,CEDENTE,2026-07-13 14:22:12,1 VARA DO TRABALHO DE LAGES - TRIAGEM DE EQUALIZACAO,1ª VARA DO TRABALHO DE LAGES - TRIAGEM DE EQUALIZAÇÃO,REDISTRIBUICAO,1 VARA DO TRABALHO DE LAGES,1ª VARA DO TRABALHO DE LAGES,DESTINATARIA,2026-07-13 14:42:31,REDISTRIBUICAO,VALIDA,
0002317-13.2026.5.12.0062,0002317-13.2026.5.12.0062,1,VARA DO TRABALHO DE ITAPEMA,VARA DO TRABALHO DE ITAPEMA,CEDENTE,2026-07-13 14:22:27,VARA DO TRABALHO DE CANOINHAS - TRIAGEM DE EQUALIZACAO,VARA DO TRABALHO DE CANOINHAS - TRIAGEM DE EQUALIZAÇÃO,REDISTRIBUICAO,VARA DO TRABALHO DE CANOINHAS,VARA DO TRABALHO DE CANOINHAS,DESTINATARIA,2026-07-13 14:51:46,REDISTRIBUICAO,VALIDA,
0002320-65.2026.5.12.0062,0002320-65.2026.5.12.0062,1,VARA DO TRABALHO DE ITAPEMA,VARA DO TRABALHO DE ITAPEMA,CEDENTE,2026-07-13 14:22:48,1 VARA DO TRABALHO DE TUBARAO - TRIAGEM DE EQUALIZACAO,1ª VARA DO TRABALHO DE TUBARÃO - TRIAGEM DE EQUALIZAÇÃO,REDISTRIBUICAO,1 VARA DO TRABALHO DE TUBARAO,1ª VARA DO TRABALHO DE TUBARÃO,DESTINATARIA,2026-07-13 14:43:11,REDISTRIBUICAO,VALIDA,
0002321-50.2026.5.12.0062,0002321-50.2026.5.12.0062,1,VARA DO TRABALHO DE ITAPEMA,VARA DO TRABALHO DE ITAPEMA,CEDENTE,2026-07-13 14:23:06,1 VARA DO TRABALHO DE LAGES - TRIAGEM DE EQUALIZACAO,1ª VARA DO TRABALHO DE LAGES - TRIAGEM DE EQUALIZAÇÃO,REDISTRIBUICAO,1 VARA DO TRABALHO DE LAGES,1ª VARA DO TRABALHO DE LAGES,DESTINATARIA,2026-07-13 14:42:49,REDISTRIBUICAO,VALIDA,
0002322-35.2026.5.12.0062,0002322-35.2026.5.12.0062,1,VARA DO TRABALHO DE ITAPEMA,VARA DO TRABALHO DE ITAPEMA,CEDENTE,2026-07-13 14:23:24,3 VARA DO TRABALHO DE BLUMENAU - TRIAGEM DE EQUALIZACAO,3ª VARA DO TRABALHO DE BLUMENAU - TRIAGEM DE EQUALIZAÇÃO,REDISTRIBUICAO,3 VARA DO TRABALHO DE BLUMENAU,3ª VARA DO TRABALHO DE BLUMENAU,DESTINATARIA,2026-07-13 14:47:47,REDISTRIBUICAO,VALIDA,
0002323-20.2026.5.12.0062,0002323-20.2026.5.12.0062,1,VARA DO TRABALHO DE ITAPEMA,VARA DO TRABALHO DE ITAPEMA,CEDENTE,2026-07-13 14:23:40,2 VARA DO TRABALHO DE BRUSQUE - TRIAGEM DE EQUALIZACAO,2ª VARA DO TRABALHO DE BRUSQUE - TRIAGEM DE EQUALIZAÇÃO,REDISTRIBUICAO,2 VARA DO TRABALHO DE BRUSQUE,2ª VARA DO TRABALHO DE BRUSQUE,DESTINATARIA,2026-07-13 18:10:01,REDISTRIBUICAO,VALIDA,
0002324-05.2026.5.12.0062,0002324-05.2026.5.12.0062,1,VARA DO TRABALHO DE ITAPEMA,VARA DO TRABALHO DE ITAPEMA,CEDENTE,2026-07-13 17:36:53,2 VARA DO TRABALHO DE LAGES - TRIAGEM DE EQUALIZACAO,2ª VARA DO TRABALHO DE LAGES - TRIAGEM DE EQUALIZAÇÃO,REDISTRIBUICAO,2 VARA DO TRABALHO DE LAGES,2ª VARA DO TRABALHO DE LAGES,DESTINATARIA,2026-07-13 18:10:28,REDISTRIBUICAO,VALIDA,
0002325-87.2026.5.12.0062,0002325-87.2026.5.12.0062,1,VARA DO TRABALHO DE ITAPEMA,VARA DO TRABALHO DE ITAPEMA,CEDENTE,2026-07-13 17:37:05,2 VARA DO TRABALHO DE LAGES - TRIAGEM DE EQUALIZACAO,2ª VARA DO TRABALHO DE LAGES - TRIAGEM DE EQUALIZAÇÃO,REDISTRIBUICAO,2 VARA DO TRABALHO DE LAGES,2ª VARA DO TRABALHO DE LAGES,DESTINATARIA,2026-07-13 18:10:40,REDISTRIBUICAO,VALIDA,
0002326-72.2026.5.12.0062,0002326-72.2026.5.12.0062,1,VARA DO TRABALHO DE ITAPEMA,VARA DO TRABALHO DE ITAPEMA,CEDENTE,2026-07-13 17:37:18,2 VARA DO TRABALHO DE BLUMENAU - TRIAGEM DE EQUALIZACAO,2ª VARA DO TRABALHO DE BLUMENAU - TRIAGEM DE EQUALIZAÇÃO,REDISTRIBUICAO,2 VARA DO TRABALHO DE BLUMENAU,2ª VARA DO TRABALHO DE BLUMENAU,DESTINATARIA,2026-07-13 18:09:04,REDISTRIBUICAO,VALIDA,
0002327-57.2026.5.12.0062,0002327-57.2026.5.12.0062,1,VARA DO TRABALHO DE ITAPEMA,VARA DO TRABALHO DE ITAPEMA,CEDENTE,2026-07-13 17:37:30,VARA DO TRABALHO DE ARARANGUA - TRIAGEM DE EQUALIZACAO,VARA DO TRABALHO DE ARARANGUÁ - TRIAGEM DE EQUALIZAÇÃO,REDISTRIBUICAO,VARA DO TRABALHO DE ARARANGUA,VARA DO TRABALHO DE ARARANGUÁ,DESTINATARIA,2026-07-13 18:13:26,REDISTRIBUICAO,VALIDA,
0002328-42.2026.5.12.0062,0002328-42.2026.5.12.0062,1,VARA DO TRABALHO DE ITAPEMA,VARA DO TRABALHO DE ITAPEMA,CEDENTE,2026-07-13 17:51:43,VARA DO TRABALHO DE SAO BENTO DO SUL - TRIAGEM DE EQUALIZACAO,VARA DO TRABALHO DE SÃO BENTO DO SUL - TRIAGEM DE EQUALIZAÇÃO,REDISTRIBUICAO,VARA DO TRABALHO DE SAO BENTO DO SUL,VARA DO TRABALHO DE SÃO BENTO DO SUL,DESTINATARIA,2026-07-13 18:18:54,REDISTRIBUICAO,VALIDA,
0002330-12.2026.5.12.0062,0002330-12.2026.5.12.0062,1,VARA DO TRABALHO DE ITAPEMA,VARA DO TRABALHO DE ITAPEMA,CEDENTE,2026-07-14 13:54:07,1 VARA DO TRABALHO DE BRUSQUE - TRIAGEM DE EQUALIZACAO,1ª VARA DO TRABALHO DE BRUSQUE - TRIAGEM DE EQUALIZAÇÃO,REDISTRIBUICAO,1 VARA DO TRABALHO DE BRUSQUE,1ª VARA DO TRABALHO DE BRUSQUE,DESTINATARIA,2026-07-14 18:02:53,REDISTRIBUICAO,VALIDA,
0002331-94.2026.5.12.0062,0002331-94.2026.5.12.0062,1,VARA DO TRABALHO DE ITAPEMA,VARA DO TRABALHO DE ITAPEMA,CEDENTE,2026-07-14 13:54:21,VARA DO TRABALHO DE INDAIAL - TRIAGEM DE EQUALIZACAO,VARA DO TRABALHO DE INDAIAL - TRIAGEM DE EQUALIZAÇÃO,REDISTRIBUICAO,VARA DO TRABALHO DE INDAIAL,VARA DO TRABALHO DE INDAIAL,DESTINATARIA,2026-07-14 18:14:40,REDISTRIBUICAO,VALIDA,
0002334-49.2026.5.12.0062,0002334-49.2026.5.12.0062,1,VARA DO TRABALHO DE ITAPEMA,VARA DO TRABALHO DE ITAPEMA,CEDENTE,2026-07-14 13:54:32,2 VARA DO TRABALHO DE LAGES - TRIAGEM DE EQUALIZACAO,2ª VARA DO TRABALHO DE LAGES - TRIAGEM DE EQUALIZAÇÃO,REDISTRIBUICAO,2 VARA DO TRABALHO DE LAGES,2ª VARA DO TRABALHO DE LAGES,DESTINATARIA,2026-07-14 18:20:00,REDISTRIBUICAO,VALIDA,
0002336-19.2026.5.12.0062,0002336-19.2026.5.12.0062,1,VARA DO TRABALHO DE ITAPEMA,VARA DO TRABALHO DE ITAPEMA,CEDENTE,2026-07-14 13:54:45,VARA DO TRABALHO DE FRAIBURGO - TRIAGEM DE EQUALIZACAO,VARA DO TRABALHO DE FRAIBURGO - TRIAGEM DE EQUALIZAÇÃO,REDISTRIBUICAO,VARA DO TRABALHO DE FRAIBURGO,VARA DO TRABALHO DE FRAIBURGO,DESTINATARIA,2026-07-14 18:13:59,REDISTRIBUICAO,VALIDA,
0002339-71.2026.5.12.0062,0002339-71.2026.5.12.0062,1,VARA DO TRABALHO DE ITAPEMA,VARA DO TRABALHO DE ITAPEMA,CEDENTE,2026-07-14 17:45:45,VARA DO TRABALHO DE SAO BENTO DO SUL - TRIAGEM DE EQUALIZACAO,VARA DO TRABALHO DE SÃO BENTO DO SUL - TRIAGEM DE EQUALIZAÇÃO,REDISTRIBUICAO,VARA DO TRABALHO DE SAO BENTO DO SUL,VARA DO TRABALHO DE SÃO BENTO DO SUL,DESTINATARIA,2026-07-14 18:17:11,REDISTRIBUICAO,VALIDA,
0002340-56.2026.5.12.0062,0002340-56.2026.5.12.0062,1,VARA DO TRABALHO DE ITAPEMA,VARA DO TRABALHO DE ITAPEMA,CEDENTE,2026-07-14 17:45:57,1 VARA DO TRABALHO DE LAGES - TRIAGEM DE EQUALIZACAO,1ª VARA DO TRABALHO DE LAGES - TRIAGEM DE EQUALIZAÇÃO,REDISTRIBUICAO,1 VARA DO TRABALHO DE LAGES,1ª VARA DO TRABALHO DE LAGES,DESTINATARIA,2026-07-14 18:03:50,REDISTRIBUICAO,VALIDA,
0002341-41.2026.5.12.0062,0002341-41.2026.5.12.0062,1,VARA DO TRABALHO DE ITAPEMA,VARA DO TRABALHO DE ITAPEMA,CEDENTE,2026-07-14 17:46:11,VARA DO TRABALHO DE CURITIBANOS - TRIAGEM DE EQUALIZACAO,VARA DO TRABALHO DE CURITIBANOS - TRIAGEM DE EQUALIZAÇÃO,REDISTRIBUICAO,VARA DO TRABALHO DE CURITIBANOS,VARA DO TRABALHO DE CURITIBANOS,DESTINATARIA,2026-07-14 18:12:37,REDISTRIBUICAO,VALIDA,
0002342-26.2026.5.12.0062,0002342-26.2026.5.12.0062,1,VARA DO TRABALHO DE ITAPEMA,VARA DO TRABALHO DE ITAPEMA,CEDENTE,2026-07-14 17:46:25,1 VARA DO TRABALHO DE TUBARAO - TRIAGEM DE EQUALIZACAO,1ª VARA DO TRABALHO DE TUBARÃO - TRIAGEM DE EQUALIZAÇÃO,REDISTRIBUICAO,1 VARA DO TRABALHO DE TUBARAO,1ª VARA DO TRABALHO DE TUBARÃO,DESTINATARIA,2026-07-14 18:04:36,REDISTRIBUICAO,VALIDA,
0002343-11.2026.5.12.0062,0002343-11.2026.5.12.0062,1,VARA DO TRABALHO DE ITAPEMA,VARA DO TRABALHO DE ITAPEMA,CEDENTE,2026-07-15 13:39:49,VARA DO TRABALHO DE CURITIBANOS - TRIAGEM DE EQUALIZACAO,VARA DO TRABALHO DE CURITIBANOS - TRIAGEM DE EQUALIZAÇÃO,REDISTRIBUICAO,VARA DO TRABALHO DE CURITIBANOS,VARA DO TRABALHO DE CURITIBANOS,DESTINATARIA,2026-07-15 14:27:24,REDISTRIBUICAO,VALIDA,
0002344-93.2026.5.12.0062,0002344-93.2026.5.12.0062,1,VARA DO TRABALHO DE ITAPEMA,VARA DO TRABALHO DE ITAPEMA,CEDENTE,2026-07-15 13:40:06,VARA DO TRABALHO DE FRAIBURGO - TRIAGEM DE EQUALIZACAO,VARA DO TRABALHO DE FRAIBURGO - TRIAGEM DE EQUALIZAÇÃO,REDISTRIBUICAO,VARA DO TRABALHO DE FRAIBURGO,VARA DO TRABALHO DE FRAIBURGO,DESTINATARIA,2026-07-15 14:28:52,REDISTRIBUICAO,VALIDA,
0002345-78.2026.5.12.0062,0002345-78.2026.5.12.0062,1,VARA DO TRABALHO DE ITAPEMA,VARA DO TRABALHO DE ITAPEMA,CEDENTE,2026-07-15 14:02:53,1 VARA DO TRABALHO DE BRUSQUE - TRIAGEM DE EQUALIZACAO,1ª VARA DO TRABALHO DE BRUSQUE - TRIAGEM DE EQUALIZAÇÃO,REDISTRIBUICAO,1 VARA DO TRABALHO DE BRUSQUE,1ª VARA DO TRABALHO DE BRUSQUE,DESTINATARIA,2026-07-15 14:17:38,REDISTRIBUICAO,VALIDA,
0002346-63.2026.5.12.0062,0002346-63.2026.5.12.0062,1,VARA DO TRABALHO DE ITAPEMA,VARA DO TRABALHO DE ITAPEMA,CEDENTE,2026-07-15 13:41:05,2 VARA DO TRABALHO DE LAGES - TRIAGEM DE EQUALIZACAO,2ª VARA DO TRABALHO DE LAGES - TRIAGEM DE EQUALIZAÇÃO,REDISTRIBUICAO,2 VARA DO TRABALHO DE LAGES,2ª VARA DO TRABALHO DE LAGES,DESTINATARIA,2026-07-15 14:22:25,REDISTRIBUICAO,VALIDA,
0002347-48.2026.5.12.0062,0002347-48.2026.5.12.0062,1,VARA DO TRABALHO DE ITAPEMA,VARA DO TRABALHO DE ITAPEMA,CEDENTE,2026-07-15 13:41:19,4 VARA DO TRABALHO DE BLUMENAU - TRIAGEM DE EQUALIZACAO,4ª VARA DO TRABALHO DE BLUMENAU - TRIAGEM DE EQUALIZAÇÃO,REDISTRIBUICAO,4 VARA DO TRABALHO DE BLUMENAU,4ª VARA DO TRABALHO DE BLUMENAU,DESTINATARIA,2026-07-15 14:25:29,REDISTRIBUICAO,VALIDA,
0002348-33.2026.5.12.0062,0002348-33.2026.5.12.0062,1,VARA DO TRABALHO DE ITAPEMA,VARA DO TRABALHO DE ITAPEMA,CEDENTE,2026-07-15 13:41:35,1 VARA DO TRABALHO DE BLUMENAU - TRIAGEM DE EQUALIZACAO,1ª VARA DO TRABALHO DE BLUMENAU - TRIAGEM DE EQUALIZAÇÃO,REDISTRIBUICAO,1 VARA DO TRABALHO DE BLUMENAU,1ª VARA DO TRABALHO DE BLUMENAU,DESTINATARIA,2026-07-15 14:16:53,REDISTRIBUICAO,VALIDA,
0002349-18.2026.5.12.0062,0002349-18.2026.5.12.0062,1,VARA DO TRABALHO DE ITAPEMA,VARA DO TRABALHO DE ITAPEMA,CEDENTE,2026-07-15 13:41:51,VARA DO TRABALHO DE MAFRA - TRIAGEM DE EQUALIZACAO,VARA DO TRABALHO DE MAFRA - TRIAGEM DE EQUALIZAÇÃO,REDISTRIBUICAO,VARA DO TRABALHO DE MAFRA,VARA DO TRABALHO DE MAFRA,DESTINATARIA,2026-07-15 14:30:27,REDISTRIBUICAO,VALIDA,
0002350-03.2026.5.12.0062,0002350-03.2026.5.12.0062,1,VARA DO TRABALHO DE ITAPEMA,VARA DO TRABALHO DE ITAPEMA,CEDENTE,2026-07-15 13:42:06,1 VARA DO TRABALHO DE BLUMENAU - TRIAGEM DE EQUALIZACAO,1ª VARA DO TRABALHO DE BLUMENAU - TRIAGEM DE EQUALIZAÇÃO,REDISTRIBUICAO,1 VARA DO TRABALHO DE BLUMENAU,1ª VARA DO TRABALHO DE BLUMENAU,DESTINATARIA,2026-07-15 14:17:07,REDISTRIBUICAO,VALIDA,
0002351-85.2026.5.12.0062,0002351-85.2026.5.12.0062,1,VARA DO TRABALHO DE ITAPEMA,VARA DO TRABALHO DE ITAPEMA,CEDENTE,2026-07-15 14:03:08,VARA DO TRABALHO DE MAFRA - TRIAGEM DE EQUALIZACAO,VARA DO TRABALHO DE MAFRA - TRIAGEM DE EQUALIZAÇÃO,REDISTRIBUICAO,VARA DO TRABALHO DE MAFRA,VARA DO TRABALHO DE MAFRA,DESTINATARIA,2026-07-15 14:30:45,REDISTRIBUICAO,VALIDA,
0002352-70.2026.5.12.0062,0002352-70.2026.5.12.0062,1,VARA DO TRABALHO DE ITAPEMA,VARA DO TRABALHO DE ITAPEMA,CEDENTE,2026-07-15 14:03:21,2 VARA DO TRABALHO DE LAGES - TRIAGEM DE EQUALIZACAO,2ª VARA DO TRABALHO DE LAGES - TRIAGEM DE EQUALIZAÇÃO,REDISTRIBUICAO,2 VARA DO TRABALHO DE LAGES,2ª VARA DO TRABALHO DE LAGES,DESTINATARIA,2026-07-15 14:22:41,REDISTRIBUICAO,VALIDA,
0002354-40.2026.5.12.0062,0002354-40.2026.5.12.0062,1,VARA DO TRABALHO DE ITAPEMA,VARA DO TRABALHO DE ITAPEMA,CEDENTE,2026-07-15 17:38:45,1 VARA DO TRABALHO DE LAGES - TRIAGEM DE EQUALIZACAO,1ª VARA DO TRABALHO DE LAGES - TRIAGEM DE EQUALIZAÇÃO,REDISTRIBUICAO,1 VARA DO TRABALHO DE LAGES,1ª VARA DO TRABALHO DE LAGES,DESTINATARIA,2026-07-15 18:07:31,REDISTRIBUICAO,VALIDA,
0002356-10.2026.5.12.0062,0002356-10.2026.5.12.0062,1,VARA DO TRABALHO DE ITAPEMA,VARA DO TRABALHO DE ITAPEMA,CEDENTE,2026-07-15 17:38:57,2 VARA DO TRABALHO DE LAGES - TRIAGEM DE EQUALIZACAO,2ª VARA DO TRABALHO DE LAGES - TRIAGEM DE EQUALIZAÇÃO,REDISTRIBUICAO,2 VARA DO TRABALHO DE LAGES,2ª VARA DO TRABALHO DE LAGES,DESTINATARIA,2026-07-15 18:10:22,REDISTRIBUICAO,VALIDA,
0002358-77.2026.5.12.0062,0002358-77.2026.5.12.0062,1,VARA DO TRABALHO DE ITAPEMA,VARA DO TRABALHO DE ITAPEMA,CEDENTE,2026-07-15 17:39:10,VARA DO TRABALHO DE ARARANGUA - TRIAGEM DE EQUALIZACAO,VARA DO TRABALHO DE ARARANGUÁ - TRIAGEM DE EQUALIZAÇÃO,REDISTRIBUICAO,VARA DO TRABALHO DE ARARANGUA,VARA DO TRABALHO DE ARARANGUÁ,DESTINATARIA,2026-07-15 18:15:37,REDISTRIBUICAO,VALIDA,
0002359-62.2026.5.12.0062,0002359-62.2026.5.12.0062,1,VARA DO TRABALHO DE ITAPEMA,VARA DO TRABALHO DE ITAPEMA,CEDENTE,2026-07-15 17:39:23,2 VARA DO TRABALHO DE BRUSQUE - TRIAGEM DE EQUALIZACAO,2ª VARA DO TRABALHO DE BRUSQUE - TRIAGEM DE EQUALIZAÇÃO,REDISTRIBUICAO,2 VARA DO TRABALHO DE BRUSQUE,2ª VARA DO TRABALHO DE BRUSQUE,DESTINATARIA,2026-07-15 18:09:54,REDISTRIBUICAO,VALIDA,
0002360-47.2026.5.12.0062,0002360-47.2026.5.12.0062,1,VARA DO TRABALHO DE ITAPEMA,VARA DO TRABALHO DE ITAPEMA,CEDENTE,2026-07-15 17:39:38,VARA DO TRABALHO DE ARARANGUA - TRIAGEM DE EQUALIZACAO,VARA DO TRABALHO DE ARARANGUÁ - TRIAGEM DE EQUALIZAÇÃO,REDISTRIBUICAO,VARA DO TRABALHO DE ARARANGUA,VARA DO TRABALHO DE ARARANGUÁ,DESTINATARIA,2026-07-15 18:30:49,REDISTRIBUICAO,VALIDA,
0002361-32.2026.5.12.0062,0002361-32.2026.5.12.0062,1,VARA DO TRABALHO DE ITAPEMA,VARA DO TRABALHO DE ITAPEMA,CEDENTE,2026-07-15 17:39:51,VARA DO TRABALHO DE SAO BENTO DO SUL - TRIAGEM DE EQUALIZACAO,VARA DO TRABALHO DE SÃO BENTO DO SUL - TRIAGEM DE EQUALIZAÇÃO,REDISTRIBUICAO,VARA DO TRABALHO DE SAO BENTO DO SUL,VARA DO TRABALHO DE SÃO BENTO DO SUL,DESTINATARIA,2026-07-15 18:22:26,REDISTRIBUICAO,VALIDA,
0002362-17.2026.5.12.0062,0002362-17.2026.5.12.0062,1,VARA DO TRABALHO DE ITAPEMA,VARA DO TRABALHO DE ITAPEMA,CEDENTE,2026-07-15 17:40:04,VARA DO TRABALHO DE FRAIBURGO - TRIAGEM DE EQUALIZACAO,VARA DO TRABALHO DE FRAIBURGO - TRIAGEM DE EQUALIZAÇÃO,REDISTRIBUICAO,VARA DO TRABALHO DE FRAIBURGO,VARA DO TRABALHO DE FRAIBURGO,DESTINATARIA,2026-07-15 18:19:20,REDISTRIBUICAO,VALIDA,
0002363-02.2026.5.12.0062,0002363-02.2026.5.12.0062,1,VARA DO TRABALHO DE ITAPEMA,VARA DO TRABALHO DE ITAPEMA,CEDENTE,2026-07-15 17:40:18,2 VARA DO TRABALHO DE TUBARAO - TRIAGEM DE EQUALIZACAO,2ª VARA DO TRABALHO DE TUBARÃO - TRIAGEM DE EQUALIZAÇÃO,REDISTRIBUICAO,2 VARA DO TRABALHO DE TUBARAO,2ª VARA DO TRABALHO DE TUBARÃO,DESTINATARIA,2026-07-15 18:12:12,REDISTRIBUICAO,VALIDA,
0002364-84.2026.5.12.0062,0002364-84.2026.5.12.0062,1,VARA DO TRABALHO DE ITAPEMA,VARA DO TRABALHO DE ITAPEMA,CEDENTE,2026-07-15 17:40:32,3 VARA DO TRABALHO DE LAGES - TRIAGEM DE EQUALIZACAO,3ª VARA DO TRABALHO DE LAGES - TRIAGEM DE EQUALIZAÇÃO,REDISTRIBUICAO,3 VARA DO TRABALHO DE LAGES,3ª VARA DO TRABALHO DE LAGES,DESTINATARIA,2026-07-15 18:14:11,REDISTRIBUICAO,VALIDA,
0002365-69.2026.5.12.0062,0002365-69.2026.5.12.0062,1,VARA DO TRABALHO DE ITAPEMA,VARA DO TRABALHO DE ITAPEMA,CEDENTE,2026-07-15 17:40:46,2 VARA DO TRABALHO DE LAGES - TRIAGEM DE EQUALIZACAO,2ª VARA DO TRABALHO DE LAGES - TRIAGEM DE EQUALIZAÇÃO,REDISTRIBUICAO,2 VARA DO TRABALHO DE LAGES,2ª VARA DO TRABALHO DE LAGES,DESTINATARIA,2026-07-15 18:10:37,REDISTRIBUICAO,VALIDA,
0002366-54.2026.5.12.0062,0002366-54.2026.5.12.0062,1,VARA DO TRABALHO DE ITAPEMA,VARA DO TRABALHO DE ITAPEMA,CEDENTE,2026-07-15 17:41:00,1 VARA DO TRABALHO DE BLUMENAU - TRIAGEM DE EQUALIZACAO,1ª VARA DO TRABALHO DE BLUMENAU - TRIAGEM DE EQUALIZAÇÃO,REDISTRIBUICAO,1 VARA DO TRABALHO DE BLUMENAU,1ª VARA DO TRABALHO DE BLUMENAU,DESTINATARIA,2026-07-15 18:05:53,REDISTRIBUICAO,VALIDA,
0002367-39.2026.5.12.0062,0002367-39.2026.5.12.0062,1,VARA DO TRABALHO DE ITAPEMA,VARA DO TRABALHO DE ITAPEMA,CEDENTE,2026-07-15 17:41:13,4 VARA DO TRABALHO DE BLUMENAU - TRIAGEM DE EQUALIZACAO,4ª VARA DO TRABALHO DE BLUMENAU - TRIAGEM DE EQUALIZAÇÃO,REDISTRIBUICAO,4 VARA DO TRABALHO DE BLUMENAU,4ª VARA DO TRABALHO DE BLUMENAU,DESTINATARIA,2026-07-15 18:14:54,REDISTRIBUICAO,VALIDA,
0002369-09.2026.5.12.0062,0002369-09.2026.5.12.0062,1,VARA DO TRABALHO DE ITAPEMA,VARA DO TRABALHO DE ITAPEMA,CEDENTE,2026-07-16 18:09:32,1 VARA DO TRABALHO DE LAGES - TRIAGEM DE EQUALIZACAO,1ª VARA DO TRABALHO DE LAGES - TRIAGEM DE EQUALIZAÇÃO,REDISTRIBUICAO,1 VARA DO TRABALHO DE LAGES,1ª VARA DO TRABALHO DE LAGES,DESTINATARIA,2026-07-16 18:40:20,REDISTRIBUICAO,VALIDA,
0002370-91.2026.5.12.0062,0002370-91.2026.5.12.0062,1,VARA DO TRABALHO DE ITAPEMA,VARA DO TRABALHO DE ITAPEMA,CEDENTE,2026-07-16 14:57:54,2 VARA DO TRABALHO DE LAGES - TRIAGEM DE EQUALIZACAO,2ª VARA DO TRABALHO DE LAGES - TRIAGEM DE EQUALIZAÇÃO,REDISTRIBUICAO,2 VARA DO TRABALHO DE LAGES,2ª VARA DO TRABALHO DE LAGES,DESTINATARIA,2026-07-16 15:15:59,REDISTRIBUICAO,VALIDA,
0002371-76.2026.5.12.0062,0002371-76.2026.5.12.0062,1,VARA DO TRABALHO DE ITAPEMA,VARA DO TRABALHO DE ITAPEMA,CEDENTE,2026-07-16 14:58:06,3 VARA DO TRABALHO DE BLUMENAU - TRIAGEM DE EQUALIZACAO,3ª VARA DO TRABALHO DE BLUMENAU - TRIAGEM DE EQUALIZAÇÃO,REDISTRIBUICAO,3 VARA DO TRABALHO DE BLUMENAU,3ª VARA DO TRABALHO DE BLUMENAU,DESTINATARIA,2026-07-16 15:17:49,REDISTRIBUICAO,VALIDA,
0002372-61.2026.5.12.0062,0002372-61.2026.5.12.0062,1,VARA DO TRABALHO DE ITAPEMA,VARA DO TRABALHO DE ITAPEMA,CEDENTE,2026-07-16 14:58:19,VARA DO TRABALHO DE ARARANGUA - TRIAGEM DE EQUALIZACAO,VARA DO TRABALHO DE ARARANGUÁ - TRIAGEM DE EQUALIZAÇÃO,REDISTRIBUICAO,VARA DO TRABALHO DE ARARANGUA,VARA DO TRABALHO DE ARARANGUÁ,DESTINATARIA,2026-07-16 15:19:53,REDISTRIBUICAO,VALIDA,
0002373-46.2026.5.12.0062,0002373-46.2026.5.12.0062,1,VARA DO TRABALHO DE ITAPEMA,VARA DO TRABALHO DE ITAPEMA,CEDENTE,2026-07-16 14:04:50,1 VARA DO TRABALHO DE BRUSQUE - TRIAGEM DE EQUALIZACAO,1ª VARA DO TRABALHO DE BRUSQUE - TRIAGEM DE EQUALIZAÇÃO,REDISTRIBUICAO,1 VARA DO TRABALHO DE BRUSQUE,1ª VARA DO TRABALHO DE BRUSQUE,DESTINATARIA,2026-07-16 15:11:59,REDISTRIBUICAO,VALIDA,
0002374-31.2026.5.12.0062,0002374-31.2026.5.12.0062,1,VARA DO TRABALHO DE ITAPEMA,VARA DO TRABALHO DE ITAPEMA,CEDENTE,2026-07-16 14:05:03,VARA DO TRABALHO DE FRAIBURGO - TRIAGEM DE EQUALIZACAO,VARA DO TRABALHO DE FRAIBURGO - TRIAGEM DE EQUALIZAÇÃO,REDISTRIBUICAO,VARA DO TRABALHO DE FRAIBURGO,VARA DO TRABALHO DE FRAIBURGO,DESTINATARIA,2026-07-16 15:58:48,REDISTRIBUICAO,VALIDA,
0002375-16.2026.5.12.0062,0002375-16.2026.5.12.0062,1,VARA DO TRABALHO DE ITAPEMA,VARA DO TRABALHO DE ITAPEMA,CEDENTE,2026-07-16 14:05:15,VARA DO TRABALHO DE SAO BENTO DO SUL - TRIAGEM DE EQUALIZACAO,VARA DO TRABALHO DE SÃO BENTO DO SUL - TRIAGEM DE EQUALIZAÇÃO,REDISTRIBUICAO,VARA DO TRABALHO DE SAO BENTO DO SUL,VARA DO TRABALHO DE SÃO BENTO DO SUL,DESTINATARIA,2026-07-16 16:01:30,REDISTRIBUICAO,VALIDA,
0002376-98.2026.5.12.0062,0002376-98.2026.5.12.0062,1,VARA DO TRABALHO DE ITAPEMA,VARA DO TRABALHO DE ITAPEMA,CEDENTE,2026-07-16 14:58:29,VARA DO TRABALHO DE FRAIBURGO - TRIAGEM DE EQUALIZACAO,VARA DO TRABALHO DE FRAIBURGO - TRIAGEM DE EQUALIZAÇÃO,REDISTRIBUICAO,VARA DO TRABALHO DE FRAIBURGO,VARA DO TRABALHO DE FRAIBURGO,DESTINATARIA,2026-07-16 15:59:01,REDISTRIBUICAO,VALIDA,
0002377-83.2026.5.12.0062,0002377-83.2026.5.12.0062,1,VARA DO TRABALHO DE ITAPEMA,VARA DO TRABALHO DE ITAPEMA,CEDENTE,2026-07-16 18:09:45,2 VARA DO TRABALHO DE BLUMENAU - TRIAGEM DE EQUALIZACAO,2ª VARA DO TRABALHO DE BLUMENAU - TRIAGEM DE EQUALIZAÇÃO,REDISTRIBUICAO,2 VARA DO TRABALHO DE BLUMENAU,2ª VARA DO TRABALHO DE BLUMENAU,DESTINATARIA,2026-07-16 18:34:10,REDISTRIBUICAO,VALIDA,
0002379-53.2026.5.12.0062,0002379-53.2026.5.12.0062,1,VARA DO TRABALHO DE ITAPEMA,VARA DO TRABALHO DE ITAPEMA,CEDENTE,2026-07-16 18:09:58,1 VARA DO TRABALHO DE BRUSQUE - TRIAGEM DE EQUALIZACAO,1ª VARA DO TRABALHO DE BRUSQUE - TRIAGEM DE EQUALIZAÇÃO,REDISTRIBUICAO,1 VARA DO TRABALHO DE BRUSQUE,1ª VARA DO TRABALHO DE BRUSQUE,DESTINATARIA,2026-07-16 18:32:12,REDISTRIBUICAO,VALIDA,
0002380-38.2026.5.12.0062,0002380-38.2026.5.12.0062,1,VARA DO TRABALHO DE ITAPEMA,VARA DO TRABALHO DE ITAPEMA,CEDENTE,2026-07-16 18:10:10,VARA DO TRABALHO DE FRAIBURGO - TRIAGEM DE EQUALIZACAO,VARA DO TRABALHO DE FRAIBURGO - TRIAGEM DE EQUALIZAÇÃO,REDISTRIBUICAO,VARA DO TRABALHO DE FRAIBURGO,VARA DO TRABALHO DE FRAIBURGO,DESTINATARIA,2026-07-16 18:51:21,REDISTRIBUICAO,VALIDA,
0002381-23.2026.5.12.0062,0002381-23.2026.5.12.0062,1,VARA DO TRABALHO DE ITAPEMA,VARA DO TRABALHO DE ITAPEMA,CEDENTE,2026-07-16 18:10:24,VARA DO TRABALHO DE MAFRA - TRIAGEM DE EQUALIZACAO,VARA DO TRABALHO DE MAFRA - TRIAGEM DE EQUALIZAÇÃO,REDISTRIBUICAO,VARA DO TRABALHO DE MAFRA,VARA DO TRABALHO DE MAFRA,DESTINATARIA,2026-07-16 18:51:51,REDISTRIBUICAO,VALIDA,
0002382-08.2026.5.12.0062,0002382-08.2026.5.12.0062,1,VARA DO TRABALHO DE ITAPEMA,VARA DO TRABALHO DE ITAPEMA,CEDENTE,2026-07-17 13:53:43,2 VARA DO TRABALHO DE BRUSQUE - TRIAGEM DE EQUALIZACAO,2ª VARA DO TRABALHO DE BRUSQUE - TRIAGEM DE EQUALIZAÇÃO,REDISTRIBUICAO,2 VARA DO TRABALHO DE BRUSQUE,2ª VARA DO TRABALHO DE BRUSQUE,DESTINATARIA,2026-07-17 14:21:57,REDISTRIBUICAO,VALIDA,
0002383-90.2026.5.12.0062,0002383-90.2026.5.12.0062,1,VARA DO TRABALHO DE ITAPEMA,VARA DO TRABALHO DE ITAPEMA,CEDENTE,2026-07-17 13:53:57,VARA DO TRABALHO DE CURITIBANOS - TRIAGEM DE EQUALIZACAO,VARA DO TRABALHO DE CURITIBANOS - TRIAGEM DE EQUALIZAÇÃO,REDISTRIBUICAO,VARA DO TRABALHO DE CURITIBANOS,VARA DO TRABALHO DE CURITIBANOS,DESTINATARIA,2026-07-17 14:28:46,REDISTRIBUICAO,VALIDA,
0002384-75.2026.5.12.0062,0002384-75.2026.5.12.0062,1,VARA DO TRABALHO DE ITAPEMA,VARA DO TRABALHO DE ITAPEMA,CEDENTE,2026-07-17 13:54:10,VARA DO TRABALHO DE SAO BENTO DO SUL - TRIAGEM DE EQUALIZACAO,VARA DO TRABALHO DE SÃO BENTO DO SUL - TRIAGEM DE EQUALIZAÇÃO,REDISTRIBUICAO,VARA DO TRABALHO DE SAO BENTO DO SUL,VARA DO TRABALHO DE SÃO BENTO DO SUL,DESTINATARIA,2026-07-17 18:23:39,REDISTRIBUICAO,VALIDA,
0002385-60.2026.5.12.0062,0002385-60.2026.5.12.0062,1,VARA DO TRABALHO DE ITAPEMA,VARA DO TRABALHO DE ITAPEMA,CEDENTE,2026-07-17 13:54:25,VARA DO TRABALHO DE FRAIBURGO - TRIAGEM DE EQUALIZACAO,VARA DO TRABALHO DE FRAIBURGO - TRIAGEM DE EQUALIZAÇÃO,REDISTRIBUICAO,VARA DO TRABALHO DE FRAIBURGO,VARA DO TRABALHO DE FRAIBURGO,DESTINATARIA,2026-07-17 14:31:16,REDISTRIBUICAO,VALIDA,
0002386-45.2026.5.12.0062,0002386-45.2026.5.12.0062,1,VARA DO TRABALHO DE ITAPEMA,VARA DO TRABALHO DE ITAPEMA,CEDENTE,2026-07-17 13:54:38,VARA DO TRABALHO DE ARARANGUA - TRIAGEM DE EQUALIZACAO,VARA DO TRABALHO DE ARARANGUÁ - TRIAGEM DE EQUALIZAÇÃO,REDISTRIBUICAO,VARA DO TRABALHO DE ARARANGUA,VARA DO TRABALHO DE ARARANGUÁ,DESTINATARIA,2026-07-17 14:26:34,REDISTRIBUICAO,VALIDA,
0002387-30.2026.5.12.0062,0002387-30.2026.5.12.0062,1,VARA DO TRABALHO DE ITAPEMA,VARA DO TRABALHO DE ITAPEMA,CEDENTE,2026-07-17 13:54:52,VARA DO TRABALHO DE CANOINHAS - TRIAGEM DE EQUALIZACAO,VARA DO TRABALHO DE CANOINHAS - TRIAGEM DE EQUALIZAÇÃO,REDISTRIBUICAO,VARA DO TRABALHO DE CANOINHAS,VARA DO TRABALHO DE CANOINHAS,DESTINATARIA,2026-07-17 18:17:41,REDISTRIBUICAO,VALIDA,
0002390-82.2026.5.12.0062,0002390-82.2026.5.12.0062,1,VARA DO TRABALHO DE ITAPEMA,VARA DO TRABALHO DE ITAPEMA,CEDENTE,2026-07-17 14:07:53,VARA DO TRABALHO DE CURITIBANOS - TRIAGEM DE EQUALIZACAO,VARA DO TRABALHO DE CURITIBANOS - TRIAGEM DE EQUALIZAÇÃO,REDISTRIBUICAO,VARA DO TRABALHO DE CURITIBANOS,VARA DO TRABALHO DE CURITIBANOS,DESTINATARIA,2026-07-17 14:29:00,REDISTRIBUICAO,VALIDA,
0002391-67.2026.5.12.0062,0002391-67.2026.5.12.0062,1,VARA DO TRABALHO DE ITAPEMA,VARA DO TRABALHO DE ITAPEMA,CEDENTE,2026-07-17 14:08:07,VARA DO TRABALHO DE CURITIBANOS - TRIAGEM DE EQUALIZACAO,VARA DO TRABALHO DE CURITIBANOS - TRIAGEM DE EQUALIZAÇÃO,REDISTRIBUICAO,VARA DO TRABALHO DE CURITIBANOS,VARA DO TRABALHO DE CURITIBANOS,DESTINATARIA,2026-07-17 14:29:14,REDISTRIBUICAO,VALIDA,
0002392-52.2026.5.12.0062,0002392-52.2026.5.12.0062,1,VARA DO TRABALHO DE ITAPEMA,VARA DO TRABALHO DE ITAPEMA,CEDENTE,2026-07-17 14:08:21,VARA DO TRABALHO DE FRAIBURGO - TRIAGEM DE EQUALIZACAO,VARA DO TRABALHO DE FRAIBURGO - TRIAGEM DE EQUALIZAÇÃO,REDISTRIBUICAO,VARA DO TRABALHO DE FRAIBURGO,VARA DO TRABALHO DE FRAIBURGO,DESTINATARIA,2026-07-17 14:31:30,REDISTRIBUICAO,VALIDA,
0002394-22.2026.5.12.0062,0002394-22.2026.5.12.0062,1,VARA DO TRABALHO DE ITAPEMA,VARA DO TRABALHO DE ITAPEMA,CEDENTE,2026-07-17 17:31:42,VARA DO TRABALHO DE INDAIAL - TRIAGEM DE EQUALIZACAO,VARA DO TRABALHO DE INDAIAL - TRIAGEM DE EQUALIZAÇÃO,REDISTRIBUICAO,VARA DO TRABALHO DE INDAIAL,VARA DO TRABALHO DE INDAIAL,DESTINATARIA,2026-07-17 18:21:32,REDISTRIBUICAO,VALIDA,
0002395-07.2026.5.12.0062,0002395-07.2026.5.12.0062,1,VARA DO TRABALHO DE ITAPEMA,VARA DO TRABALHO DE ITAPEMA,CEDENTE,2026-07-17 17:31:55,1 VARA DO TRABALHO DE TUBARAO - TRIAGEM DE EQUALIZACAO,1ª VARA DO TRABALHO DE TUBARÃO - TRIAGEM DE EQUALIZAÇÃO,REDISTRIBUICAO,1 VARA DO TRABALHO DE TUBARAO,1ª VARA DO TRABALHO DE TUBARÃO,DESTINATARIA,2026-07-17 18:10:39,REDISTRIBUICAO,VALIDA,
0002396-89.2026.5.12.0062,0002396-89.2026.5.12.0062,1,VARA DO TRABALHO DE ITAPEMA,VARA DO TRABALHO DE ITAPEMA,CEDENTE,2026-07-17 17:32:08,1 VARA DO TRABALHO DE BLUMENAU - TRIAGEM DE EQUALIZACAO,1ª VARA DO TRABALHO DE BLUMENAU - TRIAGEM DE EQUALIZAÇÃO,REDISTRIBUICAO,1 VARA DO TRABALHO DE BLUMENAU,1ª VARA DO TRABALHO DE BLUMENAU,DESTINATARIA,2026-07-17 18:08:44,REDISTRIBUICAO,VALIDA,
0002397-74.2026.5.12.0062,0002397-74.2026.5.12.0062,1,VARA DO TRABALHO DE ITAPEMA,VARA DO TRABALHO DE ITAPEMA,CEDENTE,2026-07-17 17:32:20,2 VARA DO TRABALHO DE BLUMENAU - TRIAGEM DE EQUALIZACAO,2ª VARA DO TRABALHO DE BLUMENAU - TRIAGEM DE EQUALIZAÇÃO,REDISTRIBUICAO,2 VARA DO TRABALHO DE BLUMENAU,2ª VARA DO TRABALHO DE BLUMENAU,DESTINATARIA,2026-07-17 18:11:28,REDISTRIBUICAO,VALIDA,
0002398-59.2026.5.12.0062,0002398-59.2026.5.12.0062,1,VARA DO TRABALHO DE ITAPEMA,VARA DO TRABALHO DE ITAPEMA,CEDENTE,2026-07-17 17:32:32,2 VARA DO TRABALHO DE LAGES - TRIAGEM DE EQUALIZACAO,2ª VARA DO TRABALHO DE LAGES - TRIAGEM DE EQUALIZAÇÃO,REDISTRIBUICAO,2 VARA DO TRABALHO DE LAGES,2ª VARA DO TRABALHO DE LAGES,DESTINATARIA,2026-07-17 18:13:11,REDISTRIBUICAO,VALIDA,
0002399-44.2026.5.12.0062,0002399-44.2026.5.12.0062,1,VARA DO TRABALHO DE ITAPEMA,VARA DO TRABALHO DE ITAPEMA,CEDENTE,2026-07-17 17:32:44,2 VARA DO TRABALHO DE TUBARAO - TRIAGEM DE EQUALIZACAO,2ª VARA DO TRABALHO DE TUBARÃO - TRIAGEM DE EQUALIZAÇÃO,REDISTRIBUICAO,2 VARA DO TRABALHO DE TUBARAO,2ª VARA DO TRABALHO DE TUBARÃO,DESTINATARIA,2026-07-17 18:28:15,REDISTRIBUICAO,VALIDA,
0002400-29.2026.5.12.0062,0002400-29.2026.5.12.0062,1,VARA DO TRABALHO DE ITAPEMA,VARA DO TRABALHO DE ITAPEMA,CEDENTE,2026-07-17 17:32:56,VARA DO TRABALHO DE FRAIBURGO - TRIAGEM DE EQUALIZACAO,VARA DO TRABALHO DE FRAIBURGO - TRIAGEM DE EQUALIZAÇÃO,REDISTRIBUICAO,VARA DO TRABALHO DE FRAIBURGO,VARA DO TRABALHO DE FRAIBURGO,DESTINATARIA,2026-07-17 18:20:29,REDISTRIBUICAO,VALIDA,
0002401-14.2026.5.12.0062,0002401-14.2026.5.12.0062,1,VARA DO TRABALHO DE ITAPEMA,VARA DO TRABALHO DE ITAPEMA,CEDENTE,2026-07-17 17:33:08,VARA DO TRABALHO DE MAFRA - TRIAGEM DE EQUALIZACAO,VARA DO TRABALHO DE MAFRA - TRIAGEM DE EQUALIZAÇÃO,REDISTRIBUICAO,VARA DO TRABALHO DE MAFRA,VARA DO TRABALHO DE MAFRA,DESTINATARIA,2026-07-17 18:22:44,REDISTRIBUICAO,VALIDA,
0002402-96.2026.5.12.0062,0002402-96.2026.5.12.0062,1,VARA DO TRABALHO DE ITAPEMA,VARA DO TRABALHO DE ITAPEMA,CEDENTE,2026-07-17 17:33:20,1 VARA DO TRABALHO DE TUBARAO - TRIAGEM DE EQUALIZACAO,1ª VARA DO TRABALHO DE TUBARÃO - TRIAGEM DE EQUALIZAÇÃO,REDISTRIBUICAO,1 VARA DO TRABALHO DE TUBARAO,1ª VARA DO TRABALHO DE TUBARÃO,DESTINATARIA,2026-07-17 18:10:52,REDISTRIBUICAO,VALIDA,
0002403-81.2026.5.12.0062,0002403-81.2026.5.12.0062,1,VARA DO TRABALHO DE ITAPEMA,VARA DO TRABALHO DE ITAPEMA,CEDENTE,2026-07-17 17:33:31,2 VARA DO TRABALHO DE BLUMENAU - TRIAGEM DE EQUALIZACAO,2ª VARA DO TRABALHO DE BLUMENAU - TRIAGEM DE EQUALIZAÇÃO,REDISTRIBUICAO,2 VARA DO TRABALHO DE BLUMENAU,2ª VARA DO TRABALHO DE BLUMENAU,DESTINATARIA,2026-07-17 18:11:40,REDISTRIBUICAO,VALIDA,
0002404-66.2026.5.12.0062,0002404-66.2026.5.12.0062,1,VARA DO TRABALHO DE ITAPEMA,VARA DO TRABALHO DE ITAPEMA,CEDENTE,2026-07-17 17:33:43,4 VARA DO TRABALHO DE BLUMENAU - TRIAGEM DE EQUALIZACAO,4ª VARA DO TRABALHO DE BLUMENAU - TRIAGEM DE EQUALIZAÇÃO,REDISTRIBUICAO,4 VARA DO TRABALHO DE BLUMENAU,4ª VARA DO TRABALHO DE BLUMENAU,DESTINATARIA,2026-07-17 18:16:03,REDISTRIBUICAO,VALIDA,
0002405-51.2026.5.12.0062,0002405-51.2026.5.12.0062,1,VARA DO TRABALHO DE ITAPEMA,VARA DO TRABALHO DE ITAPEMA,CEDENTE,2026-07-17 17:33:55,4 VARA DO TRABALHO DE BLUMENAU - TRIAGEM DE EQUALIZACAO,4ª VARA DO TRABALHO DE BLUMENAU - TRIAGEM DE EQUALIZAÇÃO,REDISTRIBUICAO,4 VARA DO TRABALHO DE BLUMENAU,4ª VARA DO TRABALHO DE BLUMENAU,DESTINATARIA,2026-07-17 18:16:16,REDISTRIBUICAO,VALIDA,
0002406-36.2026.5.12.0062,0002406-36.2026.5.12.0062,1,VARA DO TRABALHO DE ITAPEMA,VARA DO TRABALHO DE ITAPEMA,CEDENTE,2026-07-20 14:06:13,VARA DO TRABALHO DE MAFRA - TRIAGEM DE EQUALIZACAO,VARA DO TRABALHO DE MAFRA - TRIAGEM DE EQUALIZAÇÃO,REDISTRIBUICAO,VARA DO TRABALHO DE MAFRA,VARA DO TRABALHO DE MAFRA,DESTINATARIA,2026-07-20 14:43:07,REDISTRIBUICAO,VALIDA,
0002407-21.2026.5.12.0062,0002407-21.2026.5.12.0062,1,VARA DO TRABALHO DE ITAPEMA,VARA DO TRABALHO DE ITAPEMA,CEDENTE,2026-07-20 14:06:27,VARA DO TRABALHO DE CANOINHAS - TRIAGEM DE EQUALIZACAO,VARA DO TRABALHO DE CANOINHAS - TRIAGEM DE EQUALIZAÇÃO,REDISTRIBUICAO,VARA DO TRABALHO DE CANOINHAS,VARA DO TRABALHO DE CANOINHAS,DESTINATARIA,2026-07-20 14:41:55,REDISTRIBUICAO,VALIDA,
0002510-28.2026.5.12.0062,0002510-28.2026.5.12.0062,1,VARA DO TRABALHO DE ITAPEMA,VARA DO TRABALHO DE ITAPEMA,CEDENTE,2026-07-27 14:03:58,3 VARA DO TRABALHO DE LAGES - TRIAGEM DE EQUALIZACAO,3ª VARA DO TRABALHO DE LAGES - TRIAGEM DE EQUALIZAÇÃO,REDISTRIBUICAO,3 VARA DO TRABALHO DE LAGES,3ª VARA DO TRABALHO DE LAGES,DESTINATARIA,2026-07-27 14:20:17,REDISTRIBUICAO,VALIDA,
0002511-13.2026.5.12.0062,0002511-13.2026.5.12.0062,1,VARA DO TRABALHO DE ITAPEMA,VARA DO TRABALHO DE ITAPEMA,CEDENTE,2026-07-27 14:04:15,VARA DO TRABALHO DE CANOINHAS - TRIAGEM DE EQUALIZACAO,VARA DO TRABALHO DE CANOINHAS - TRIAGEM DE EQUALIZAÇÃO,REDISTRIBUICAO,VARA DO TRABALHO DE CANOINHAS,VARA DO TRABALHO DE CANOINHAS,DESTINATARIA,2026-07-27 14:21:47,REDISTRIBUICAO,VALIDA,
0002512-95.2026.5.12.0062,0002512-95.2026.5.12.0062,1,VARA DO TRABALHO DE ITAPEMA,VARA DO TRABALHO DE ITAPEMA,CEDENTE,2026-07-27 14:04:30,VARA DO TRABALHO DE SAO BENTO DO SUL - TRIAGEM DE EQUALIZACAO,VARA DO TRABALHO DE SÃO BENTO DO SUL - TRIAGEM DE EQUALIZAÇÃO,REDISTRIBUICAO,VARA DO TRABALHO DE SAO BENTO DO SUL,VARA DO TRABALHO DE SÃO BENTO DO SUL,DESTINATARIA,2026-07-27 14:22:41,REDISTRIBUICAO,VALIDA,
0002513-80.2026.5.12.0062,0002513-80.2026.5.12.0062,1,VARA DO TRABALHO DE ITAPEMA,VARA DO TRABALHO DE ITAPEMA,CEDENTE,2026-07-27 14:04:48,2 VARA DO TRABALHO DE LAGES - TRIAGEM DE EQUALIZACAO,2ª VARA DO TRABALHO DE LAGES - TRIAGEM DE EQUALIZAÇÃO,REDISTRIBUICAO,2 VARA DO TRABALHO DE LAGES,2ª VARA DO TRABALHO DE LAGES,DESTINATARIA,2026-07-27 14:19:24,REDISTRIBUICAO,VALIDA,
0002514-65.2026.5.12.0062,0002514-65.2026.5.12.0062,1,VARA DO TRABALHO DE ITAPEMA,VARA DO TRABALHO DE ITAPEMA,CEDENTE,2026-07-27 14:05:04,1 VARA DO TRABALHO DE BRUSQUE - TRIAGEM DE EQUALIZACAO,1ª VARA DO TRABALHO DE BRUSQUE - TRIAGEM DE EQUALIZAÇÃO,REDISTRIBUICAO,1 VARA DO TRABALHO DE BRUSQUE,1ª VARA DO TRABALHO DE BRUSQUE,DESTINATARIA,2026-07-27 14:17:23,REDISTRIBUICAO,VALIDA,
0002515-50.2026.5.12.0062,0002515-50.2026.5.12.0062,1,VARA DO TRABALHO DE ITAPEMA,VARA DO TRABALHO DE ITAPEMA,CEDENTE,2026-07-27 14:05:20,VARA DO TRABALHO DE CANOINHAS - TRIAGEM DE EQUALIZACAO,VARA DO TRABALHO DE CANOINHAS - TRIAGEM DE EQUALIZAÇÃO,REDISTRIBUICAO,VARA DO TRABALHO DE CANOINHAS,VARA DO TRABALHO DE CANOINHAS,DESTINATARIA,2026-07-27 14:22:04,REDISTRIBUICAO,VALIDA,
0002516-35.2026.5.12.0062,0002516-35.2026.5.12.0062,1,VARA DO TRABALHO DE ITAPEMA,VARA DO TRABALHO DE ITAPEMA,CEDENTE,2026-07-27 14:05:35,VARA DO TRABALHO DE CANOINHAS - TRIAGEM DE EQUALIZACAO,VARA DO TRABALHO DE CANOINHAS - TRIAGEM DE EQUALIZAÇÃO,REDISTRIBUICAO,VARA DO TRABALHO DE CANOINHAS,VARA DO TRABALHO DE CANOINHAS,DESTINATARIA,2026-07-27 14:22:22,REDISTRIBUICAO,VALIDA,
0002517-20.2026.5.12.0062,0002517-20.2026.5.12.0062,1,VARA DO TRABALHO DE ITAPEMA,VARA DO TRABALHO DE ITAPEMA,CEDENTE,2026-07-27 14:05:52,3 VARA DO TRABALHO DE LAGES - TRIAGEM DE EQUALIZACAO,3ª VARA DO TRABALHO DE LAGES - TRIAGEM DE EQUALIZAÇÃO,REDISTRIBUICAO,3 VARA DO TRABALHO DE LAGES,3ª VARA DO TRABALHO DE LAGES,DESTINATARIA,2026-07-27 14:20:33,REDISTRIBUICAO,VALIDA,
0002518-05.2026.5.12.0062,0002518-05.2026.5.12.0062,1,VARA DO TRABALHO DE ITAPEMA,VARA DO TRABALHO DE ITAPEMA,CEDENTE,2026-07-27 14:06:08,VARA DO TRABALHO DE SAO BENTO DO SUL - TRIAGEM DE EQUALIZACAO,VARA DO TRABALHO DE SÃO BENTO DO SUL - TRIAGEM DE EQUALIZAÇÃO,REDISTRIBUICAO,VARA DO TRABALHO DE SAO BENTO DO SUL,VARA DO TRABALHO DE SÃO BENTO DO SUL,DESTINATARIA,2026-07-27 14:22:58,REDISTRIBUICAO,VALIDA,
0002519-87.2026.5.12.0062,0002519-87.2026.5.12.0062,1,VARA DO TRABALHO DE ITAPEMA,VARA DO TRABALHO DE ITAPEMA,CEDENTE,2026-07-27 14:06:22,VARA DO TRABALHO DE ARARANGUA - TRIAGEM DE EQUALIZACAO,VARA DO TRABALHO DE ARARANGUÁ - TRIAGEM DE EQUALIZAÇÃO,REDISTRIBUICAO,VARA DO TRABALHO DE ARARANGUA,VARA DO TRABALHO DE ARARANGUÁ,DESTINATARIA,2026-07-27 14:21:28,REDISTRIBUICAO,VALIDA,
0002520-72.2026.5.12.0062,0002520-72.2026.5.12.0062,1,VARA DO TRABALHO DE ITAPEMA,VARA DO TRABALHO DE ITAPEMA,CEDENTE,2026-07-27 17:49:55,VARA DO TRABALHO DE ARARANGUA - TRIAGEM DE EQUALIZACAO,VARA DO TRABALHO DE ARARANGUÁ - TRIAGEM DE EQUALIZAÇÃO,REDISTRIBUICAO,VARA DO TRABALHO DE ARARANGUA,VARA DO TRABALHO DE ARARANGUÁ,DESTINATARIA,2026-07-27 18:42:48,REDISTRIBUICAO,VALIDA,
0002521-57.2026.5.12.0062,0002521-57.2026.5.12.0062,1,VARA DO TRABALHO DE ITAPEMA,VARA DO TRABALHO DE ITAPEMA,CEDENTE,2026-07-27 18:20:24,2 VARA DO TRABALHO DE LAGES - TRIAGEM DE EQUALIZACAO,2ª VARA DO TRABALHO DE LAGES - TRIAGEM DE EQUALIZAÇÃO,REDISTRIBUICAO,2 VARA DO TRABALHO DE LAGES,2ª VARA DO TRABALHO DE LAGES,DESTINATARIA,2026-07-27 18:42:18,REDISTRIBUICAO,VALIDA,
0002523-27.2026.5.12.0062,0002523-27.2026.5.12.0062,1,VARA DO TRABALHO DE ITAPEMA,VARA DO TRABALHO DE ITAPEMA,CEDENTE,2026-07-27 17:50:40,2 VARA DO TRABALHO DE LAGES - TRIAGEM DE EQUALIZACAO,2ª VARA DO TRABALHO DE LAGES - TRIAGEM DE EQUALIZAÇÃO,REDISTRIBUICAO,2 VARA DO TRABALHO DE LAGES,2ª VARA DO TRABALHO DE LAGES,DESTINATARIA,2026-07-27 18:42:27,REDISTRIBUICAO,VALIDA,
0002524-12.2026.5.12.0062,0002524-12.2026.5.12.0062,1,VARA DO TRABALHO DE ITAPEMA,VARA DO TRABALHO DE ITAPEMA,CEDENTE,2026-07-27 17:50:51,VARA DO TRABALHO DE ARARANGUA - TRIAGEM DE EQUALIZACAO,VARA DO TRABALHO DE ARARANGUÁ - TRIAGEM DE EQUALIZAÇÃO,REDISTRIBUICAO,VARA DO TRABALHO DE ARARANGUA,VARA DO TRABALHO DE ARARANGUÁ,DESTINATARIA,2026-07-27 18:42:59,REDISTRIBUICAO,VALIDA,
0002525-94.2026.5.12.0062,0002525-94.2026.5.12.0062,1,VARA DO TRABALHO DE ITAPEMA,VARA DO TRABALHO DE ITAPEMA,CEDENTE,2026-07-27 17:51:04,1 VARA DO TRABALHO DE TUBARAO - TRIAGEM DE EQUALIZACAO,1ª VARA DO TRABALHO DE TUBARÃO - TRIAGEM DE EQUALIZAÇÃO,REDISTRIBUICAO,1 VARA DO TRABALHO DE TUBARAO,1ª VARA DO TRABALHO DE TUBARÃO,DESTINATARIA,2026-07-27 18:42:08,REDISTRIBUICAO,VALIDA,
0002527-64.2026.5.12.0062,0002527-64.2026.5.12.0062,1,VARA DO TRABALHO DE ITAPEMA,VARA DO TRABALHO DE ITAPEMA,CEDENTE,2026-07-27 17:51:15,1 VARA DO TRABALHO DE BRUSQUE - TRIAGEM DE EQUALIZACAO,1ª VARA DO TRABALHO DE BRUSQUE - TRIAGEM DE EQUALIZAÇÃO,REDISTRIBUICAO,1 VARA DO TRABALHO DE BRUSQUE,1ª VARA DO TRABALHO DE BRUSQUE,DESTINATARIA,2026-07-27 18:41:48,REDISTRIBUICAO,VALIDA,
0002529-34.2026.5.12.0062,0002529-34.2026.5.12.0062,1,VARA DO TRABALHO DE ITAPEMA,VARA DO TRABALHO DE ITAPEMA,CEDENTE,2026-07-28 14:10:59,VARA DO TRABALHO DE CANOINHAS - TRIAGEM DE EQUALIZACAO,VARA DO TRABALHO DE CANOINHAS - TRIAGEM DE EQUALIZAÇÃO,REDISTRIBUICAO,VARA DO TRABALHO DE CANOINHAS,VARA DO TRABALHO DE CANOINHAS,DESTINATARIA,2026-07-28 14:31:27,REDISTRIBUICAO,VALIDA,
0002530-19.2026.5.12.0062,0002530-19.2026.5.12.0062,1,VARA DO TRABALHO DE ITAPEMA,VARA DO TRABALHO DE ITAPEMA,CEDENTE,2026-07-28 14:11:15,1 VARA DO TRABALHO DE TUBARAO - TRIAGEM DE EQUALIZACAO,1ª VARA DO TRABALHO DE TUBARÃO - TRIAGEM DE EQUALIZAÇÃO,REDISTRIBUICAO,1 VARA DO TRABALHO DE TUBARAO,1ª VARA DO TRABALHO DE TUBARÃO,DESTINATARIA,2026-07-28 14:28:26,REDISTRIBUICAO,VALIDA,
0002531-04.2026.5.12.0062,0002531-04.2026.5.12.0062,1,VARA DO TRABALHO DE ITAPEMA,VARA DO TRABALHO DE ITAPEMA,CEDENTE,2026-07-28 14:11:29,1 VARA DO TRABALHO DE LAGES - TRIAGEM DE EQUALIZACAO,1ª VARA DO TRABALHO DE LAGES - TRIAGEM DE EQUALIZAÇÃO,REDISTRIBUICAO,1 VARA DO TRABALHO DE LAGES,1ª VARA DO TRABALHO DE LAGES,DESTINATARIA,2026-07-28 14:27:03,REDISTRIBUICAO,VALIDA,
0002532-86.2026.5.12.0062,0002532-86.2026.5.12.0062,1,VARA DO TRABALHO DE ITAPEMA,VARA DO TRABALHO DE ITAPEMA,CEDENTE,2026-07-28 14:11:44,VARA DO TRABALHO DE CANOINHAS - TRIAGEM DE EQUALIZACAO,VARA DO TRABALHO DE CANOINHAS - TRIAGEM DE EQUALIZAÇÃO,REDISTRIBUICAO,VARA DO TRABALHO DE CANOINHAS,VARA DO TRABALHO DE CANOINHAS,DESTINATARIA,2026-07-28 14:31:43,REDISTRIBUICAO,VALIDA,
0002533-71.2026.5.12.0062,0002533-71.2026.5.12.0062,1,VARA DO TRABALHO DE ITAPEMA,VARA DO TRABALHO DE ITAPEMA,CEDENTE,2026-07-28 14:12:01,VARA DO TRABALHO DE SAO BENTO DO SUL - TRIAGEM DE EQUALIZACAO,VARA DO TRABALHO DE SÃO BENTO DO SUL - TRIAGEM DE EQUALIZAÇÃO,REDISTRIBUICAO,VARA DO TRABALHO DE SAO BENTO DO SUL,VARA DO TRABALHO DE SÃO BENTO DO SUL,DESTINATARIA,2026-07-28 14:32:30,REDISTRIBUICAO,VALIDA,
0002534-56.2026.5.12.0062,0002534-56.2026.5.12.0062,1,VARA DO TRABALHO DE ITAPEMA,VARA DO TRABALHO DE ITAPEMA,CEDENTE,2026-07-28 14:19:23,1 VARA DO TRABALHO DE LAGES - TRIAGEM DE EQUALIZACAO,1ª VARA DO TRABALHO DE LAGES - TRIAGEM DE EQUALIZAÇÃO,REDISTRIBUICAO,1 VARA DO TRABALHO DE LAGES,1ª VARA DO TRABALHO DE LAGES,DESTINATARIA,2026-07-28 14:27:22,REDISTRIBUICAO,VALIDA,
0002535-41.2026.5.12.0062,0002535-41.2026.5.12.0062,1,VARA DO TRABALHO DE ITAPEMA,VARA DO TRABALHO DE ITAPEMA,CEDENTE,2026-07-28 14:12:20,1 VARA DO TRABALHO DE BRUSQUE - TRIAGEM DE EQUALIZACAO,1ª VARA DO TRABALHO DE BRUSQUE - TRIAGEM DE EQUALIZAÇÃO,REDISTRIBUICAO,1 VARA DO TRABALHO DE BRUSQUE,1ª VARA DO TRABALHO DE BRUSQUE,DESTINATARIA,2026-07-28 14:26:10,REDISTRIBUICAO,VALIDA,
0002536-26.2026.5.12.0062,0002536-26.2026.5.12.0062,1,VARA DO TRABALHO DE ITAPEMA,VARA DO TRABALHO DE ITAPEMA,CEDENTE,2026-07-28 14:12:37,1 VARA DO TRABALHO DE LAGES - TRIAGEM DE EQUALIZACAO,1ª VARA DO TRABALHO DE LAGES - TRIAGEM DE EQUALIZAÇÃO,REDISTRIBUICAO,1 VARA DO TRABALHO DE LAGES,1ª VARA DO TRABALHO DE LAGES,DESTINATARIA,2026-07-28 14:27:40,REDISTRIBUICAO,VALIDA,
0002537-11.2026.5.12.0062,0002537-11.2026.5.12.0062,1,VARA DO TRABALHO DE ITAPEMA,VARA DO TRABALHO DE ITAPEMA,CEDENTE,2026-07-28 14:12:52,1 VARA DO TRABALHO DE LAGES - TRIAGEM DE EQUALIZACAO,1ª VARA DO TRABALHO DE LAGES - TRIAGEM DE EQUALIZAÇÃO,REDISTRIBUICAO,1 VARA DO TRABALHO DE LAGES,1ª VARA DO TRABALHO DE LAGES,DESTINATARIA,2026-07-28 14:27:57,REDISTRIBUICAO,VALIDA,
0002538-93.2026.5.12.0062,0002538-93.2026.5.12.0062,1,VARA DO TRABALHO DE ITAPEMA,VARA DO TRABALHO DE ITAPEMA,CEDENTE,2026-07-28 14:13:07,VARA DO TRABALHO DE SAO BENTO DO SUL - TRIAGEM DE EQUALIZACAO,VARA DO TRABALHO DE SÃO BENTO DO SUL - TRIAGEM DE EQUALIZAÇÃO,REDISTRIBUICAO,VARA DO TRABALHO DE SAO BENTO DO SUL,VARA DO TRABALHO DE SÃO BENTO DO SUL,DESTINATARIA,2026-07-28 14:32:47,REDISTRIBUICAO,VALIDA,
0002539-78.2026.5.12.0062,0002539-78.2026.5.12.0062,1,VARA DO TRABALHO DE ITAPEMA,VARA DO TRABALHO DE ITAPEMA,CEDENTE,2026-07-28 14:13:24,1 VARA DO TRABALHO DE BRUSQUE - TRIAGEM DE EQUALIZACAO,1ª VARA DO TRABALHO DE BRUSQUE - TRIAGEM DE EQUALIZAÇÃO,REDISTRIBUICAO,1 VARA DO TRABALHO DE BRUSQUE,1ª VARA DO TRABALHO DE BRUSQUE,DESTINATARIA,2026-07-28 14:40:43,REDISTRIBUICAO,VALIDA,
0002540-63.2026.5.12.0062,0002540-63.2026.5.12.0062,1,VARA DO TRABALHO DE ITAPEMA,VARA DO TRABALHO DE ITAPEMA,CEDENTE,2026-07-28 14:22:52,2 VARA DO TRABALHO DE LAGES - TRIAGEM DE EQUALIZACAO,2ª VARA DO TRABALHO DE LAGES - TRIAGEM DE EQUALIZAÇÃO,REDISTRIBUICAO,2 VARA DO TRABALHO DE LAGES,2ª VARA DO TRABALHO DE LAGES,DESTINATARIA,2026-07-28 14:29:14,REDISTRIBUICAO,VALIDA,
0002541-48.2026.5.12.0062,0002541-48.2026.5.12.0062,1,VARA DO TRABALHO DE ITAPEMA,VARA DO TRABALHO DE ITAPEMA,CEDENTE,2026-07-28 17:22:20,1 VARA DO TRABALHO DE LAGES - TRIAGEM DE EQUALIZACAO,1ª VARA DO TRABALHO DE LAGES - TRIAGEM DE EQUALIZAÇÃO,REDISTRIBUICAO,1 VARA DO TRABALHO DE LAGES,1ª VARA DO TRABALHO DE LAGES,DESTINATARIA,2026-07-28 17:34:42,REDISTRIBUICAO,VALIDA,
0002544-03.2026.5.12.0062,0002544-03.2026.5.12.0062,1,VARA DO TRABALHO DE ITAPEMA,VARA DO TRABALHO DE ITAPEMA,CEDENTE,2026-07-28 17:22:31,3 VARA DO TRABALHO DE LAGES - TRIAGEM DE EQUALIZACAO,3ª VARA DO TRABALHO DE LAGES - TRIAGEM DE EQUALIZAÇÃO,REDISTRIBUICAO,3 VARA DO TRABALHO DE LAGES,3ª VARA DO TRABALHO DE LAGES,DESTINATARIA,2026-07-28 17:36:06,REDISTRIBUICAO,VALIDA,
0002545-85.2026.5.12.0062,0002545-85.2026.5.12.0062,1,VARA DO TRABALHO DE ITAPEMA,VARA DO TRABALHO DE ITAPEMA,CEDENTE,2026-07-28 17:22:42,VARA DO TRABALHO DE CANOINHAS - TRIAGEM DE EQUALIZACAO,VARA DO TRABALHO DE CANOINHAS - TRIAGEM DE EQUALIZAÇÃO,REDISTRIBUICAO,VARA DO TRABALHO DE CANOINHAS,VARA DO TRABALHO DE CANOINHAS,DESTINATARIA,2026-07-28 17:36:42,REDISTRIBUICAO,VALIDA,
0002546-70.2026.5.12.0062,0002546-70.2026.5.12.0062,1,VARA DO TRABALHO DE ITAPEMA,VARA DO TRABALHO DE ITAPEMA,CEDENTE,2026-07-28 17:22:53,VARA DO TRABALHO DE CANOINHAS - TRIAGEM DE EQUALIZACAO,VARA DO TRABALHO DE CANOINHAS - TRIAGEM DE EQUALIZAÇÃO,REDISTRIBUICAO,VARA DO TRABALHO DE CANOINHAS,VARA DO TRABALHO DE CANOINHAS,DESTINATARIA,2026-07-28 17:36:53,REDISTRIBUICAO,VALIDA,
0002547-55.2026.5.12.0062,0002547-55.2026.5.12.0062,1,VARA DO TRABALHO DE ITAPEMA,VARA DO TRABALHO DE ITAPEMA,CEDENTE,2026-07-28 17:23:05,2 VARA DO TRABALHO DE LAGES - TRIAGEM DE EQUALIZACAO,2ª VARA DO TRABALHO DE LAGES - TRIAGEM DE EQUALIZAÇÃO,REDISTRIBUICAO,2 VARA DO TRABALHO DE LAGES,2ª VARA DO TRABALHO DE LAGES,DESTINATARIA,2026-07-28 17:35:55,REDISTRIBUICAO,VALIDA,
0002548-40.2026.5.12.0062,0002548-40.2026.5.12.0062,1,VARA DO TRABALHO DE ITAPEMA,VARA DO TRABALHO DE ITAPEMA,CEDENTE,2026-07-29 14:23:16,3 VARA DO TRABALHO DE LAGES - TRIAGEM DE EQUALIZACAO,3ª VARA DO TRABALHO DE LAGES - TRIAGEM DE EQUALIZAÇÃO,REDISTRIBUICAO,3 VARA DO TRABALHO DE LAGES,3ª VARA DO TRABALHO DE LAGES,DESTINATARIA,2026-07-29 14:37:03,REDISTRIBUICAO,VALIDA,
0002549-25.2026.5.12.0062,0002549-25.2026.5.12.0062,1,VARA DO TRABALHO DE ITAPEMA,VARA DO TRABALHO DE ITAPEMA,CEDENTE,2026-07-29 14:23:30,VARA DO TRABALHO DE CANOINHAS - TRIAGEM DE EQUALIZACAO,VARA DO TRABALHO DE CANOINHAS - TRIAGEM DE EQUALIZAÇÃO,REDISTRIBUICAO,VARA DO TRABALHO DE CANOINHAS,VARA DO TRABALHO DE CANOINHAS,DESTINATARIA,2026-07-29 14:38:15,REDISTRIBUICAO,VALIDA,
0002550-10.2026.5.12.0062,0002550-10.2026.5.12.0062,1,VARA DO TRABALHO DE ITAPEMA,VARA DO TRABALHO DE ITAPEMA,CEDENTE,2026-07-29 14:23:42,VARA DO TRABALHO DE ARARANGUA - TRIAGEM DE EQUALIZACAO,VARA DO TRABALHO DE ARARANGUÁ - TRIAGEM DE EQUALIZAÇÃO,REDISTRIBUICAO,VARA DO TRABALHO DE ARARANGUA,VARA DO TRABALHO DE ARARANGUÁ,DESTINATARIA,2026-07-29 14:37:40,REDISTRIBUICAO,VALIDA,
0002551-92.2026.5.12.0062,0002551-92.2026.5.12.0062,1,VARA DO TRABALHO DE ITAPEMA,VARA DO TRABALHO DE ITAPEMA,CEDENTE,2026-07-29 14:23:58,1 VARA DO TRABALHO DE TUBARAO - TRIAGEM DE EQUALIZACAO,1ª VARA DO TRABALHO DE TUBARÃO - TRIAGEM DE EQUALIZAÇÃO,REDISTRIBUICAO,1 VARA DO TRABALHO DE TUBARAO,1ª VARA DO TRABALHO DE TUBARÃO,DESTINATARIA,2026-07-29 14:35:38,REDISTRIBUICAO,VALIDA,
0002552-77.2026.5.12.0062,0002552-77.2026.5.12.0062,1,VARA DO TRABALHO DE ITAPEMA,VARA DO TRABALHO DE ITAPEMA,CEDENTE,2026-07-29 14:24:10,1 VARA DO TRABALHO DE BRUSQUE - TRIAGEM DE EQUALIZACAO,1ª VARA DO TRABALHO DE BRUSQUE - TRIAGEM DE EQUALIZAÇÃO,REDISTRIBUICAO,1 VARA DO TRABALHO DE BRUSQUE,1ª VARA DO TRABALHO DE BRUSQUE,DESTINATARIA,2026-07-29 14:34:35,REDISTRIBUICAO,VALIDA,
0002553-62.2026.5.12.0062,0002553-62.2026.5.12.0062,1,VARA DO TRABALHO DE ITAPEMA,VARA DO TRABALHO DE ITAPEMA,CEDENTE,2026-07-29 14:24:25,1 VARA DO TRABALHO DE LAGES - TRIAGEM DE EQUALIZACAO,1ª VARA DO TRABALHO DE LAGES - TRIAGEM DE EQUALIZAÇÃO,REDISTRIBUICAO,1 VARA DO TRABALHO DE LAGES,1ª VARA DO TRABALHO DE LAGES,DESTINATARIA,2026-07-29 14:35:14,REDISTRIBUICAO,VALIDA,
0002554-47.2026.5.12.0062,0002554-47.2026.5.12.0062,1,VARA DO TRABALHO DE ITAPEMA,VARA DO TRABALHO DE ITAPEMA,CEDENTE,2026-07-29 14:24:38,3 VARA DO TRABALHO DE LAGES - TRIAGEM DE EQUALIZACAO,3ª VARA DO TRABALHO DE LAGES - TRIAGEM DE EQUALIZAÇÃO,REDISTRIBUICAO,3 VARA DO TRABALHO DE LAGES,3ª VARA DO TRABALHO DE LAGES,DESTINATARIA,2026-07-29 14:37:15,REDISTRIBUICAO,VALIDA,
0002555-32.2026.5.12.0062,0002555-32.2026.5.12.0062,1,VARA DO TRABALHO DE ITAPEMA,VARA DO TRABALHO DE ITAPEMA,CEDENTE,2026-07-29 14:24:54,VARA DO TRABALHO DE ARARANGUA - TRIAGEM DE EQUALIZACAO,VARA DO TRABALHO DE ARARANGUÁ - TRIAGEM DE EQUALIZAÇÃO,REDISTRIBUICAO,VARA DO TRABALHO DE ARARANGUA,VARA DO TRABALHO DE ARARANGUÁ,DESTINATARIA,2026-07-29 14:37:52,REDISTRIBUICAO,VALIDA,
0002557-02.2026.5.12.0062,0002557-02.2026.5.12.0062,1,VARA DO TRABALHO DE ITAPEMA,VARA DO TRABALHO DE ITAPEMA,CEDENTE,2026-07-29 17:39:19,1 VARA DO TRABALHO DE BRUSQUE - TRIAGEM DE EQUALIZACAO,1ª VARA DO TRABALHO DE BRUSQUE - TRIAGEM DE EQUALIZAÇÃO,REDISTRIBUICAO,1 VARA DO TRABALHO DE BRUSQUE,1ª VARA DO TRABALHO DE BRUSQUE,DESTINATARIA,2026-07-29 17:50:18,REDISTRIBUICAO,VALIDA,
0002558-84.2026.5.12.0062,0002558-84.2026.5.12.0062,1,VARA DO TRABALHO DE ITAPEMA,VARA DO TRABALHO DE ITAPEMA,CEDENTE,2026-07-29 17:39:30,1 VARA DO TRABALHO DE LAGES - TRIAGEM DE EQUALIZACAO,1ª VARA DO TRABALHO DE LAGES - TRIAGEM DE EQUALIZAÇÃO,REDISTRIBUICAO,1 VARA DO TRABALHO DE LAGES,1ª VARA DO TRABALHO DE LAGES,DESTINATARIA,2026-07-29 17:50:41,REDISTRIBUICAO,VALIDA,
0002559-69.2026.5.12.0062,0002559-69.2026.5.12.0062,1,VARA DO TRABALHO DE ITAPEMA,VARA DO TRABALHO DE ITAPEMA,CEDENTE,2026-07-29 17:39:42,1 VARA DO TRABALHO DE LAGES - TRIAGEM DE EQUALIZACAO,1ª VARA DO TRABALHO DE LAGES - TRIAGEM DE EQUALIZAÇÃO,REDISTRIBUICAO,1 VARA DO TRABALHO DE LAGES,1ª VARA DO TRABALHO DE LAGES,DESTINATARIA,2026-07-29 17:50:54,REDISTRIBUICAO,VALIDA,
0002561-39.2026.5.12.0062,0002561-39.2026.5.12.0062,1,VARA DO TRABALHO DE ITAPEMA,VARA DO TRABALHO DE ITAPEMA,CEDENTE,2026-07-29 17:39:52,VARA DO TRABALHO DE ARARANGUA - TRIAGEM DE EQUALIZACAO,VARA DO TRABALHO DE ARARANGUÁ - TRIAGEM DE EQUALIZAÇÃO,REDISTRIBUICAO,VARA DO TRABALHO DE ARARANGUA,VARA DO TRABALHO DE ARARANGUÁ,DESTINATARIA,2026-07-29 17:51:21,REDISTRIBUICAO,VALIDA,
0002562-24.2026.5.12.0062,0002562-24.2026.5.12.0062,1,VARA DO TRABALHO DE ITAPEMA,VARA DO TRABALHO DE ITAPEMA,CEDENTE,2026-07-29 17:40:02,VARA DO TRABALHO DE CANOINHAS - TRIAGEM DE EQUALIZACAO,VARA DO TRABALHO DE CANOINHAS - TRIAGEM DE EQUALIZAÇÃO,REDISTRIBUICAO,VARA DO TRABALHO DE CANOINHAS,VARA DO TRABALHO DE CANOINHAS,DESTINATARIA,2026-07-29 17:54:08,REDISTRIBUICAO,VALIDA,
0002563-09.2026.5.12.0062,0002563-09.2026.5.12.0062,1,VARA DO TRABALHO DE ITAPEMA,VARA DO TRABALHO DE ITAPEMA,CEDENTE,2026-07-30 13:58:55,VARA DO TRABALHO DE ARARANGUA - TRIAGEM DE EQUALIZACAO,VARA DO TRABALHO DE ARARANGUÁ - TRIAGEM DE EQUALIZAÇÃO,REDISTRIBUICAO,VARA DO TRABALHO DE ARARANGUA,VARA DO TRABALHO DE ARARANGUÁ,DESTINATARIA,2026-07-30 14:21:11,REDISTRIBUICAO,VALIDA,
0002564-91.2026.5.12.0062,0002564-91.2026.5.12.0062,1,VARA DO TRABALHO DE ITAPEMA,VARA DO TRABALHO DE ITAPEMA,CEDENTE,2026-07-30 13:59:11,VARA DO TRABALHO DE CANOINHAS - TRIAGEM DE EQUALIZACAO,VARA DO TRABALHO DE CANOINHAS - TRIAGEM DE EQUALIZAÇÃO,REDISTRIBUICAO,VARA DO TRABALHO DE CANOINHAS,VARA DO TRABALHO DE CANOINHAS,DESTINATARIA,2026-07-30 14:22:04,REDISTRIBUICAO,VALIDA,
0002565-76.2026.5.12.0062,0002565-76.2026.5.12.0062,1,VARA DO TRABALHO DE ITAPEMA,VARA DO TRABALHO DE ITAPEMA,CEDENTE,2026-07-30 13:59:26,VARA DO TRABALHO DE ARARANGUA - TRIAGEM DE EQUALIZACAO,VARA DO TRABALHO DE ARARANGUÁ - TRIAGEM DE EQUALIZAÇÃO,REDISTRIBUICAO,VARA DO TRABALHO DE ARARANGUA,VARA DO TRABALHO DE ARARANGUÁ,DESTINATARIA,2026-07-30 14:21:29,REDISTRIBUICAO,VALIDA,
0002566-61.2026.5.12.0062,0002566-61.2026.5.12.0062,1,VARA DO TRABALHO DE ITAPEMA,VARA DO TRABALHO DE ITAPEMA,CEDENTE,2026-07-30 13:59:40,1 VARA DO TRABALHO DE LAGES - TRIAGEM DE EQUALIZACAO,1ª VARA DO TRABALHO DE LAGES - TRIAGEM DE EQUALIZAÇÃO,REDISTRIBUICAO,1 VARA DO TRABALHO DE LAGES,1ª VARA DO TRABALHO DE LAGES,DESTINATARIA,2026-07-30 14:17:23,REDISTRIBUICAO,VALIDA,
0002567-46.2026.5.12.0062,0002567-46.2026.5.12.0062,1,VARA DO TRABALHO DE ITAPEMA,VARA DO TRABALHO DE ITAPEMA,CEDENTE,2026-07-30 13:59:55,VARA DO TRABALHO DE SAO BENTO DO SUL - TRIAGEM DE EQUALIZACAO,VARA DO TRABALHO DE SÃO BENTO DO SUL - TRIAGEM DE EQUALIZAÇÃO,REDISTRIBUICAO,VARA DO TRABALHO DE SAO BENTO DO SUL,VARA DO TRABALHO DE SÃO BENTO DO SUL,DESTINATARIA,2026-07-30 14:22:37,REDISTRIBUICAO,VALIDA,
0002569-16.2026.5.12.0062,0002569-16.2026.5.12.0062,1,VARA DO TRABALHO DE ITAPEMA,VARA DO TRABALHO DE ITAPEMA,CEDENTE,2026-07-30 14:00:14,1 VARA DO TRABALHO DE TUBARAO - TRIAGEM DE EQUALIZACAO,1ª VARA DO TRABALHO DE TUBARÃO - TRIAGEM DE EQUALIZAÇÃO,REDISTRIBUICAO,1 VARA DO TRABALHO DE TUBARAO,1ª VARA DO TRABALHO DE TUBARÃO,DESTINATARIA,2026-07-30 14:17:56,REDISTRIBUICAO,VALIDA,
0002570-98.2026.5.12.0062,0002570-98.2026.5.12.0062,1,VARA DO TRABALHO DE ITAPEMA,VARA DO TRABALHO DE ITAPEMA,CEDENTE,2026-07-30 14:00:30,2 VARA DO TRABALHO DE LAGES - TRIAGEM DE EQUALIZACAO,2ª VARA DO TRABALHO DE LAGES - TRIAGEM DE EQUALIZAÇÃO,REDISTRIBUICAO,2 VARA DO TRABALHO DE LAGES,2ª VARA DO TRABALHO DE LAGES,DESTINATARIA,2026-07-30 14:18:31,REDISTRIBUICAO,VALIDA,
0002571-83.2026.5.12.0062,0002571-83.2026.5.12.0062,1,VARA DO TRABALHO DE ITAPEMA,VARA DO TRABALHO DE ITAPEMA,CEDENTE,2026-07-30 14:00:47,2 VARA DO TRABALHO DE LAGES - TRIAGEM DE EQUALIZACAO,2ª VARA DO TRABALHO DE LAGES - TRIAGEM DE EQUALIZAÇÃO,REDISTRIBUICAO,2 VARA DO TRABALHO DE LAGES,2ª VARA DO TRABALHO DE LAGES,DESTINATARIA,2026-07-30 14:18:49,REDISTRIBUICAO,VALIDA,
0002572-68.2026.5.12.0062,0002572-68.2026.5.12.0062,1,VARA DO TRABALHO DE ITAPEMA,VARA DO TRABALHO DE ITAPEMA,CEDENTE,2026-07-30 14:01:02,3 VARA DO TRABALHO DE LAGES - TRIAGEM DE EQUALIZACAO,3ª VARA DO TRABALHO DE LAGES - TRIAGEM DE EQUALIZAÇÃO,REDISTRIBUICAO,3 VARA DO TRABALHO DE LAGES,3ª VARA DO TRABALHO DE LAGES,DESTINATARIA,2026-07-30 14:19:40,REDISTRIBUICAO,VALIDA,
0002573-53.2026.5.12.0062,0002573-53.2026.5.12.0062,1,VARA DO TRABALHO DE ITAPEMA,VARA DO TRABALHO DE ITAPEMA,CEDENTE,2026-07-30 14:11:21,3 VARA DO TRABALHO DE LAGES - TRIAGEM DE EQUALIZACAO,3ª VARA DO TRABALHO DE LAGES - TRIAGEM DE EQUALIZAÇÃO,REDISTRIBUICAO,3 VARA DO TRABALHO DE LAGES,3ª VARA DO TRABALHO DE LAGES,DESTINATARIA,2026-07-30 14:25:41,REDISTRIBUICAO,VALIDA,
0002574-38.2026.5.12.0062,0002574-38.2026.5.12.0062,1,VARA DO TRABALHO DE ITAPEMA,VARA DO TRABALHO DE ITAPEMA,CEDENTE,2026-07-30 17:34:29,2 VARA DO TRABALHO DE LAGES - TRIAGEM DE EQUALIZACAO,2ª VARA DO TRABALHO DE LAGES - TRIAGEM DE EQUALIZAÇÃO,REDISTRIBUICAO,2 VARA DO TRABALHO DE LAGES,2ª VARA DO TRABALHO DE LAGES,DESTINATARIA,2026-07-30 17:47:18,REDISTRIBUICAO,VALIDA,
0002575-23.2026.5.12.0062,0002575-23.2026.5.12.0062,1,VARA DO TRABALHO DE ITAPEMA,VARA DO TRABALHO DE ITAPEMA,CEDENTE,2026-07-30 17:34:40,2 VARA DO TRABALHO DE LAGES - TRIAGEM DE EQUALIZACAO,2ª VARA DO TRABALHO DE LAGES - TRIAGEM DE EQUALIZAÇÃO,REDISTRIBUICAO,2 VARA DO TRABALHO DE LAGES,2ª VARA DO TRABALHO DE LAGES,DESTINATARIA,2026-07-30 17:47:29,REDISTRIBUICAO,VALIDA,
0002577-90.2026.5.12.0062,0002577-90.2026.5.12.0062,1,VARA DO TRABALHO DE ITAPEMA,VARA DO TRABALHO DE ITAPEMA,CEDENTE,2026-07-30 17:34:51,VARA DO TRABALHO DE CANOINHAS - TRIAGEM DE EQUALIZACAO,VARA DO TRABALHO DE CANOINHAS - TRIAGEM DE EQUALIZAÇÃO,REDISTRIBUICAO,VARA DO TRABALHO DE CANOINHAS,VARA DO TRABALHO DE CANOINHAS,DESTINATARIA,2026-07-30 17:48:53,REDISTRIBUICAO,VALIDA,
0002578-75.2026.5.12.0062,0002578-75.2026.5.12.0062,1,VARA DO TRABALHO DE ITAPEMA,VARA DO TRABALHO DE ITAPEMA,CEDENTE,2026-07-30 17:35:03,1 VARA DO TRABALHO DE LAGES - TRIAGEM DE EQUALIZACAO,1ª VARA DO TRABALHO DE LAGES - TRIAGEM DE EQUALIZAÇÃO,REDISTRIBUICAO,1 VARA DO TRABALHO DE LAGES,1ª VARA DO TRABALHO DE LAGES,DESTINATARIA,2026-07-30 17:46:41,REDISTRIBUICAO,VALIDA,
0002579-60.2026.5.12.0062,0002579-60.2026.5.12.0062,1,VARA DO TRABALHO DE ITAPEMA,VARA DO TRABALHO DE ITAPEMA,CEDENTE,2026-07-30 17:35:14,VARA DO TRABALHO DE ARARANGUA - TRIAGEM DE EQUALIZACAO,VARA DO TRABALHO DE ARARANGUÁ - TRIAGEM DE EQUALIZAÇÃO,REDISTRIBUICAO,VARA DO TRABALHO DE ARARANGUA,VARA DO TRABALHO DE ARARANGUÁ,DESTINATARIA,2026-07-30 17:48:18,REDISTRIBUICAO,VALIDA,
0002582-15.2026.5.12.0062,0002582-15.2026.5.12.0062,1,VARA DO TRABALHO DE ITAPEMA,VARA DO TRABALHO DE ITAPEMA,CEDENTE,2026-07-30 17:35:24,1 VARA DO TRABALHO DE BRUSQUE - TRIAGEM DE EQUALIZACAO,1ª VARA DO TRABALHO DE BRUSQUE - TRIAGEM DE EQUALIZAÇÃO,REDISTRIBUICAO,1 VARA DO TRABALHO DE BRUSQUE,1ª VARA DO TRABALHO DE BRUSQUE,DESTINATARIA,2026-07-30 17:46:29,REDISTRIBUICAO,VALIDA,
0002584-82.2026.5.12.0062,0002584-82.2026.5.12.0062,1,VARA DO TRABALHO DE ITAPEMA,VARA DO TRABALHO DE ITAPEMA,CEDENTE,2026-07-30 17:35:35,3 VARA DO TRABALHO DE LAGES - TRIAGEM DE EQUALIZACAO,3ª VARA DO TRABALHO DE LAGES - TRIAGEM DE EQUALIZAÇÃO,REDISTRIBUICAO,3 VARA DO TRABALHO DE LAGES,3ª VARA DO TRABALHO DE LAGES,DESTINATARIA,2026-07-30 17:47:54,REDISTRIBUICAO,VALIDA,
0002585-67.2026.5.12.0062,0002585-67.2026.5.12.0062,1,VARA DO TRABALHO DE ITAPEMA,VARA DO TRABALHO DE ITAPEMA,CEDENTE,2026-07-30 17:35:46,1 VARA DO TRABALHO DE LAGES - TRIAGEM DE EQUALIZACAO,1ª VARA DO TRABALHO DE LAGES - TRIAGEM DE EQUALIZAÇÃO,REDISTRIBUICAO,1 VARA DO TRABALHO DE LAGES,1ª VARA DO TRABALHO DE LAGES,DESTINATARIA,2026-07-30 17:46:53,REDISTRIBUICAO,VALIDA,
0002586-52.2026.5.12.0062,0002586-52.2026.5.12.0062,1,VARA DO TRABALHO DE ITAPEMA,VARA DO TRABALHO DE ITAPEMA,CEDENTE,2026-07-30 17:42:20,1 VARA DO TRABALHO DE TUBARAO - TRIAGEM DE EQUALIZACAO,1ª VARA DO TRABALHO DE TUBARÃO - TRIAGEM DE EQUALIZAÇÃO,REDISTRIBUICAO,1 VARA DO TRABALHO DE TUBARAO,1ª VARA DO TRABALHO DE TUBARÃO,DESTINATARIA,2026-07-30 18:36:39,REDISTRIBUICAO,VALIDA,
0002587-37.2026.5.12.0062,0002587-37.2026.5.12.0062,1,VARA DO TRABALHO DE ITAPEMA,VARA DO TRABALHO DE ITAPEMA,CEDENTE,2026-07-31 14:04:07,2 VARA DO TRABALHO DE LAGES - TRIAGEM DE EQUALIZACAO,2ª VARA DO TRABALHO DE LAGES - TRIAGEM DE EQUALIZAÇÃO,REDISTRIBUICAO,2 VARA DO TRABALHO DE LAGES,2ª VARA DO TRABALHO DE LAGES,DESTINATARIA,2026-07-31 14:32:50,REDISTRIBUICAO,VALIDA,
0002588-22.2026.5.12.0062,0002588-22.2026.5.12.0062,1,VARA DO TRABALHO DE ITAPEMA,VARA DO TRABALHO DE ITAPEMA,CEDENTE,2026-07-31 14:04:25,VARA DO TRABALHO DE SAO BENTO DO SUL - TRIAGEM DE EQUALIZACAO,VARA DO TRABALHO DE SÃO BENTO DO SUL - TRIAGEM DE EQUALIZAÇÃO,REDISTRIBUICAO,VARA DO TRABALHO DE SAO BENTO DO SUL,VARA DO TRABALHO DE SÃO BENTO DO SUL,DESTINATARIA,2026-07-31 14:35:49,REDISTRIBUICAO,VALIDA,
0002589-07.2026.5.12.0062,0002589-07.2026.5.12.0062,1,VARA DO TRABALHO DE ITAPEMA,VARA DO TRABALHO DE ITAPEMA,CEDENTE,2026-07-31 14:04:41,1 VARA DO TRABALHO DE LAGES - TRIAGEM DE EQUALIZACAO,1ª VARA DO TRABALHO DE LAGES - TRIAGEM DE EQUALIZAÇÃO,REDISTRIBUICAO,1 VARA DO TRABALHO DE LAGES,1ª VARA DO TRABALHO DE LAGES,DESTINATARIA,2026-07-31 14:30:59,REDISTRIBUICAO,VALIDA,
0002590-89.2026.5.12.0062,0002590-89.2026.5.12.0062,1,VARA DO TRABALHO DE ITAPEMA,VARA DO TRABALHO DE ITAPEMA,CEDENTE,2026-07-31 14:04:57,2 VARA DO TRABALHO DE LAGES - TRIAGEM DE EQUALIZACAO,2ª VARA DO TRABALHO DE LAGES - TRIAGEM DE EQUALIZAÇÃO,REDISTRIBUICAO,2 VARA DO TRABALHO DE LAGES,2ª VARA DO TRABALHO DE LAGES,DESTINATARIA,2026-07-31 14:33:07,REDISTRIBUICAO,VALIDA,
0002591-74.2026.5.12.0062,0002591-74.2026.5.12.0062,1,VARA DO TRABALHO DE ITAPEMA,VARA DO TRABALHO DE ITAPEMA,CEDENTE,2026-07-31 14:25:33,1 VARA DO TRABALHO DE LAGES - TRIAGEM DE EQUALIZACAO,1ª VARA DO TRABALHO DE LAGES - TRIAGEM DE EQUALIZAÇÃO,REDISTRIBUICAO,1 VARA DO TRABALHO DE LAGES,1ª VARA DO TRABALHO DE LAGES,DESTINATARIA,2026-07-31 14:39:16,REDISTRIBUICAO,VALIDA,
0002592-59.2026.5.12.0062,0002592-59.2026.5.12.0062,1,VARA DO TRABALHO DE ITAPEMA,VARA DO TRABALHO DE ITAPEMA,CEDENTE,2026-07-31 14:05:51,VARA DO TRABALHO DE SAO BENTO DO SUL - TRIAGEM DE EQUALIZACAO,VARA DO TRABALHO DE SÃO BENTO DO SUL - TRIAGEM DE EQUALIZAÇÃO,REDISTRIBUICAO,VARA DO TRABALHO DE SAO BENTO DO SUL,VARA DO TRABALHO DE SÃO BENTO DO SUL,DESTINATARIA,2026-07-31 14:36:05,REDISTRIBUICAO,VALIDA,
0002593-44.2026.5.12.0062,0002593-44.2026.5.12.0062,1,VARA DO TRABALHO DE ITAPEMA,VARA DO TRABALHO DE ITAPEMA,CEDENTE,2026-07-31 14:21:39,VARA DO TRABALHO DE CANOINHAS - TRIAGEM DE EQUALIZACAO,VARA DO TRABALHO DE CANOINHAS - TRIAGEM DE EQUALIZAÇÃO,REDISTRIBUICAO,VARA DO TRABALHO DE CANOINHAS,VARA DO TRABALHO DE CANOINHAS,DESTINATARIA,2026-07-31 14:34:39,REDISTRIBUICAO,VALIDA,
0002594-29.2026.5.12.0062,0002594-29.2026.5.12.0062,1,VARA DO TRABALHO DE ITAPEMA,VARA DO TRABALHO DE ITAPEMA,CEDENTE,2026-07-31 14:06:46,1 VARA DO TRABALHO DE TUBARAO - TRIAGEM DE EQUALIZACAO,1ª VARA DO TRABALHO DE TUBARÃO - TRIAGEM DE EQUALIZAÇÃO,REDISTRIBUICAO,1 VARA DO TRABALHO DE TUBARAO,1ª VARA DO TRABALHO DE TUBARÃO,DESTINATARIA,2026-07-31 14:31:53,REDISTRIBUICAO,VALIDA,
0002595-14.2026.5.12.0062,0002595-14.2026.5.12.0062,1,VARA DO TRABALHO DE ITAPEMA,VARA DO TRABALHO DE ITAPEMA,CEDENTE,2026-07-31 14:21:52,VARA DO TRABALHO DE SAO BENTO DO SUL - TRIAGEM DE EQUALIZACAO,VARA DO TRABALHO DE SÃO BENTO DO SUL - TRIAGEM DE EQUALIZAÇÃO,REDISTRIBUICAO,VARA DO TRABALHO DE SAO BENTO DO SUL,VARA DO TRABALHO DE SÃO BENTO DO SUL,DESTINATARIA,2026-07-31 14:36:22,REDISTRIBUICAO,VALIDA,
0002596-96.2026.5.12.0062,0002596-96.2026.5.12.0062,1,VARA DO TRABALHO DE ITAPEMA,VARA DO TRABALHO DE ITAPEMA,CEDENTE,2026-07-31 14:07:45,1 VARA DO TRABALHO DE BRUSQUE - TRIAGEM DE EQUALIZACAO,1ª VARA DO TRABALHO DE BRUSQUE - TRIAGEM DE EQUALIZAÇÃO,REDISTRIBUICAO,1 VARA DO TRABALHO DE BRUSQUE,1ª VARA DO TRABALHO DE BRUSQUE,DESTINATARIA,2026-07-31 14:29:20,REDISTRIBUICAO,VALIDA,
0002597-81.2026.5.12.0062,0002597-81.2026.5.12.0062,1,VARA DO TRABALHO DE ITAPEMA,VARA DO TRABALHO DE ITAPEMA,CEDENTE,2026-07-31 14:08:04,1 VARA DO TRABALHO DE TUBARAO - TRIAGEM DE EQUALIZACAO,1ª VARA DO TRABALHO DE TUBARÃO - TRIAGEM DE EQUALIZAÇÃO,REDISTRIBUICAO,1 VARA DO TRABALHO DE TUBARAO,1ª VARA DO TRABALHO DE TUBARÃO,DESTINATARIA,2026-07-31 14:39:49,REDISTRIBUICAO,VALIDA,
0002598-66.2026.5.12.0062,0002598-66.2026.5.12.0062,1,VARA DO TRABALHO DE ITAPEMA,VARA DO TRABALHO DE ITAPEMA,CEDENTE,2026-07-31 14:22:02,VARA DO TRABALHO DE CANOINHAS - TRIAGEM DE EQUALIZACAO,VARA DO TRABALHO DE CANOINHAS - TRIAGEM DE EQUALIZAÇÃO,REDISTRIBUICAO,VARA DO TRABALHO DE CANOINHAS,VARA DO TRABALHO DE CANOINHAS,DESTINATARIA,2026-07-31 14:34:57,REDISTRIBUICAO,VALIDA,
0002600-36.2026.5.12.0062,0002600-36.2026.5.12.0062,1,VARA DO TRABALHO DE ITAPEMA,VARA DO TRABALHO DE ITAPEMA,CEDENTE,2026-07-31 17:55:00,3 VARA DO TRABALHO DE LAGES - TRIAGEM DE EQUALIZACAO,3ª VARA DO TRABALHO DE LAGES - TRIAGEM DE EQUALIZAÇÃO,REDISTRIBUICAO,3 VARA DO TRABALHO DE LAGES,3ª VARA DO TRABALHO DE LAGES,DESTINATARIA,2026-07-31 18:20:10,REDISTRIBUICAO,VALIDA,
0002601-21.2026.5.12.0062,0002601-21.2026.5.12.0062,1,VARA DO TRABALHO DE ITAPEMA,VARA DO TRABALHO DE ITAPEMA,CEDENTE,2026-07-31 17:55:10,VARA DO TRABALHO DE CANOINHAS - TRIAGEM DE EQUALIZACAO,VARA DO TRABALHO DE CANOINHAS - TRIAGEM DE EQUALIZAÇÃO,REDISTRIBUICAO,VARA DO TRABALHO DE CANOINHAS,VARA DO TRABALHO DE CANOINHAS,DESTINATARIA,2026-07-31 18:12:09,REDISTRIBUICAO,VALIDA,
0002602-06.2026.5.12.0062,0002602-06.2026.5.12.0062,1,VARA DO TRABALHO DE ITAPEMA,VARA DO TRABALHO DE ITAPEMA,CEDENTE,2026-07-31 17:55:20,VARA DO TRABALHO DE CANOINHAS - TRIAGEM DE EQUALIZACAO,VARA DO TRABALHO DE CANOINHAS - TRIAGEM DE EQUALIZAÇÃO,REDISTRIBUICAO,VARA DO TRABALHO DE CANOINHAS,VARA DO TRABALHO DE CANOINHAS,DESTINATARIA,2026-07-31 18:12:20,REDISTRIBUICAO,VALIDA,
0002604-73.2026.5.12.0062,0002604-73.2026.5.12.0062,1,VARA DO TRABALHO DE ITAPEMA,VARA DO TRABALHO DE ITAPEMA,CEDENTE,2026-07-31 17:55:31,VARA DO TRABALHO DE SAO BENTO DO SUL - TRIAGEM DE EQUALIZACAO,VARA DO TRABALHO DE SÃO BENTO DO SUL - TRIAGEM DE EQUALIZAÇÃO,REDISTRIBUICAO,VARA DO TRABALHO DE SAO BENTO DO SUL,VARA DO TRABALHO DE SÃO BENTO DO SUL,DESTINATARIA,2026-07-31 18:12:43,REDISTRIBUICAO,VALIDA,
0002605-58.2026.5.12.0062,0002605-58.2026.5.12.0062,1,VARA DO TRABALHO DE ITAPEMA,VARA DO TRABALHO DE ITAPEMA,CEDENTE,2026-07-31 17:55:41,3 VARA DO TRABALHO DE LAGES - TRIAGEM DE EQUALIZACAO,3ª VARA DO TRABALHO DE LAGES - TRIAGEM DE EQUALIZAÇÃO,REDISTRIBUICAO,3 VARA DO TRABALHO DE LAGES,3ª VARA DO TRABALHO DE LAGES,DESTINATARIA,2026-07-31 18:20:20,REDISTRIBUICAO,VALIDA,
0002606-43.2026.5.12.0062,0002606-43.2026.5.12.0062,1,VARA DO TRABALHO DE ITAPEMA,VARA DO TRABALHO DE ITAPEMA,CEDENTE,2026-07-31 17:55:51,VARA DO TRABALHO DE SAO BENTO DO SUL - TRIAGEM DE EQUALIZACAO,VARA DO TRABALHO DE SÃO BENTO DO SUL - TRIAGEM DE EQUALIZAÇÃO,REDISTRIBUICAO,VARA DO TRABALHO DE SAO BENTO DO SUL,VARA DO TRABALHO DE SÃO BENTO DO SUL,DESTINATARIA,2026-07-31 18:12:54,REDISTRIBUICAO,VALIDA,
0002607-28.2026.5.12.0062,0002607-28.2026.5.12.0062,1,VARA DO TRABALHO DE ITAPEMA,VARA DO TRABALHO DE ITAPEMA,CEDENTE,2026-07-31 17:56:02,1 VARA DO TRABALHO DE BRUSQUE - TRIAGEM DE EQUALIZACAO,1ª VARA DO TRABALHO DE BRUSQUE - TRIAGEM DE EQUALIZAÇÃO,REDISTRIBUICAO,1 VARA DO TRABALHO DE BRUSQUE,1ª VARA DO TRABALHO DE BRUSQUE,DESTINATARIA,2026-07-31 18:09:06,REDISTRIBUICAO,VALIDA,
0002608-13.2026.5.12.0062,0002608-13.2026.5.12.0062,1,VARA DO TRABALHO DE ITAPEMA,VARA DO TRABALHO DE ITAPEMA,CEDENTE,2026-07-31 17:56:13,3 VARA DO TRABALHO DE LAGES - TRIAGEM DE EQUALIZACAO,3ª VARA DO TRABALHO DE LAGES - TRIAGEM DE EQUALIZAÇÃO,REDISTRIBUICAO,3 VARA DO TRABALHO DE LAGES,3ª VARA DO TRABALHO DE LAGES,DESTINATARIA,2026-07-31 18:11:14,REDISTRIBUICAO,VALIDA,
0002694-81.2026.5.12.0062,0002694-81.2026.5.12.0062,1,VARA DO TRABALHO DE ITAPEMA,VARA DO TRABALHO DE ITAPEMA,CEDENTE,2026-08-11 14:25:42,2 VARA DO TRABALHO DE BLUMENAU - TRIAGEM DE EQUALIZACAO,2ª VARA DO TRABALHO DE BLUMENAU - TRIAGEM DE EQUALIZAÇÃO,REDISTRIBUICAO,2 VARA DO TRABALHO DE BLUMENAU,2ª VARA DO TRABALHO DE BLUMENAU,DESTINATARIA,2026-08-11 14:47:46,REDISTRIBUICAO,VALIDA,
0002695-66.2026.5.12.0062,0002695-66.2026.5.12.0062,1,VARA DO TRABALHO DE ITAPEMA,VARA DO TRABALHO DE ITAPEMA,CEDENTE,2026-08-11 14:26:00,VARA DO TRABALHO DE SAO BENTO DO SUL - TRIAGEM DE EQUALIZACAO,VARA DO TRABALHO DE SÃO BENTO DO SUL - TRIAGEM DE EQUALIZAÇÃO,REDISTRIBUICAO,VARA DO TRABALHO DE SAO BENTO DO SUL,VARA DO TRABALHO DE SÃO BENTO DO SUL,DESTINATARIA,2026-08-11 14:57:05,REDISTRIBUICAO,VALIDA,
0002696-51.2026.5.12.0062,0002696-51.2026.5.12.0062,1,VARA DO TRABALHO DE ITAPEMA,VARA DO TRABALHO DE ITAPEMA,CEDENTE,2026-08-11 14:26:15,4 VARA DO TRABALHO DE BLUMENAU - TRIAGEM DE EQUALIZACAO,4ª VARA DO TRABALHO DE BLUMENAU - TRIAGEM DE EQUALIZAÇÃO,REDISTRIBUICAO,4 VARA DO TRABALHO DE BLUMENAU,4ª VARA DO TRABALHO DE BLUMENAU,DESTINATARIA,2026-08-11 14:51:20,REDISTRIBUICAO,VALIDA,
0002697-36.2026.5.12.0062,0002697-36.2026.5.12.0062,1,VARA DO TRABALHO DE ITAPEMA,VARA DO TRABALHO DE ITAPEMA,CEDENTE,2026-08-11 14:26:31,2 VARA DO TRABALHO DE LAGES - TRIAGEM DE EQUALIZACAO,2ª VARA DO TRABALHO DE LAGES - TRIAGEM DE EQUALIZAÇÃO,REDISTRIBUICAO,2 VARA DO TRABALHO DE LAGES,2ª VARA DO TRABALHO DE LAGES,DESTINATARIA,2026-08-11 14:48:36,REDISTRIBUICAO,VALIDA,
0002698-21.2026.5.12.0062,0002698-21.2026.5.12.0062,1,VARA DO TRABALHO DE ITAPEMA,VARA DO TRABALHO DE ITAPEMA,CEDENTE,2026-08-11 14:26:48,VARA DO TRABALHO DE MAFRA - TRIAGEM DE EQUALIZACAO,VARA DO TRABALHO DE MAFRA - TRIAGEM DE EQUALIZAÇÃO,REDISTRIBUICAO,VARA DO TRABALHO DE MAFRA,VARA DO TRABALHO DE MAFRA,DESTINATARIA,2026-08-11 14:56:30,REDISTRIBUICAO,VALIDA,
0002699-06.2026.5.12.0062,0002699-06.2026.5.12.0062,1,VARA DO TRABALHO DE ITAPEMA,VARA DO TRABALHO DE ITAPEMA,CEDENTE,2026-08-11 14:27:06,1 VARA DO TRABALHO DE TUBARAO - TRIAGEM DE EQUALIZACAO,1ª VARA DO TRABALHO DE TUBARÃO - TRIAGEM DE EQUALIZAÇÃO,REDISTRIBUICAO,1 VARA DO TRABALHO DE TUBARAO,1ª VARA DO TRABALHO DE TUBARÃO,DESTINATARIA,2026-08-11 14:46:57,REDISTRIBUICAO,VALIDA,
0002700-88.2026.5.12.0062,0002700-88.2026.5.12.0062,1,VARA DO TRABALHO DE ITAPEMA,VARA DO TRABALHO DE ITAPEMA,CEDENTE,2026-08-11 14:40:52,2 VARA DO TRABALHO DE LAGES - TRIAGEM DE EQUALIZACAO,2ª VARA DO TRABALHO DE LAGES - TRIAGEM DE EQUALIZAÇÃO,REDISTRIBUICAO,2 VARA DO TRABALHO DE LAGES,2ª VARA DO TRABALHO DE LAGES,DESTINATARIA,2026-08-11 15:00:55,REDISTRIBUICAO,VALIDA,
0002702-58.2026.5.12.0062,0002702-58.2026.5.12.0062,1,VARA DO TRABALHO DE ITAPEMA,VARA DO TRABALHO DE ITAPEMA,CEDENTE,2026-08-11 14:27:59,2 VARA DO TRABALHO DE BLUMENAU - TRIAGEM DE EQUALIZACAO,2ª VARA DO TRABALHO DE BLUMENAU - TRIAGEM DE EQUALIZAÇÃO,REDISTRIBUICAO,2 VARA DO TRABALHO DE BLUMENAU,2ª VARA DO TRABALHO DE BLUMENAU,DESTINATARIA,2026-08-11 14:48:02,REDISTRIBUICAO,VALIDA,
0002703-43.2026.5.12.0062,0002703-43.2026.5.12.0062,1,VARA DO TRABALHO DE ITAPEMA,VARA DO TRABALHO DE ITAPEMA,CEDENTE,2026-08-11 14:28:15,VARA DO TRABALHO DE CANOINHAS - TRIAGEM DE EQUALIZACAO,VARA DO TRABALHO DE CANOINHAS - TRIAGEM DE EQUALIZAÇÃO,REDISTRIBUICAO,VARA DO TRABALHO DE CANOINHAS,VARA DO TRABALHO DE CANOINHAS,DESTINATARIA,2026-08-11 14:54:48,REDISTRIBUICAO,VALIDA,
0002704-28.2026.5.12.0062,0002704-28.2026.5.12.0062,1,VARA DO TRABALHO DE ITAPEMA,VARA DO TRABALHO DE ITAPEMA,CEDENTE,2026-08-11 14:28:31,VARA DO TRABALHO DE SAO BENTO DO SUL - TRIAGEM DE EQUALIZACAO,VARA DO TRABALHO DE SÃO BENTO DO SUL - TRIAGEM DE EQUALIZAÇÃO,REDISTRIBUICAO,VARA DO TRABALHO DE SAO BENTO DO SUL,VARA DO TRABALHO DE SÃO BENTO DO SUL,DESTINATARIA,2026-08-11 14:57:24,REDISTRIBUICAO,VALIDA,
0002705-13.2026.5.12.0062,0002705-13.2026.5.12.0062,1,VARA DO TRABALHO DE ITAPEMA,VARA DO TRABALHO DE ITAPEMA,CEDENTE,2026-08-11 14:28:45,3 VARA DO TRABALHO DE LAGES - TRIAGEM DE EQUALIZACAO,3ª VARA DO TRABALHO DE LAGES - TRIAGEM DE EQUALIZAÇÃO,REDISTRIBUICAO,3 VARA DO TRABALHO DE LAGES,3ª VARA DO TRABALHO DE LAGES,DESTINATARIA,2026-08-11 14:49:58,REDISTRIBUICAO,VALIDA,
0002706-95.2026.5.12.0062,0002706-95.2026.5.12.0062,1,VARA DO TRABALHO DE ITAPEMA,VARA DO TRABALHO DE ITAPEMA,CEDENTE,2026-08-11 14:29:01,3 VARA DO TRABALHO DE LAGES - TRIAGEM DE EQUALIZACAO,3ª VARA DO TRABALHO DE LAGES - TRIAGEM DE EQUALIZAÇÃO,REDISTRIBUICAO,3 VARA DO TRABALHO DE LAGES,3ª VARA DO TRABALHO DE LAGES,DESTINATARIA,2026-08-11 14:50:14,REDISTRIBUICAO,VALIDA,
0002707-80.2026.5.12.0062,0002707-80.2026.5.12.0062,1,VARA DO TRABALHO DE ITAPEMA,VARA DO TRABALHO DE ITAPEMA,CEDENTE,2026-08-11 14:29:16,VARA DO TRABALHO DE CANOINHAS - TRIAGEM DE EQUALIZACAO,VARA DO TRABALHO DE CANOINHAS - TRIAGEM DE EQUALIZAÇÃO,REDISTRIBUICAO,VARA DO TRABALHO DE CANOINHAS,VARA DO TRABALHO DE CANOINHAS,DESTINATARIA,2026-08-11 15:02:02,REDISTRIBUICAO,VALIDA,
0002708-65.2026.5.12.0062,0002708-65.2026.5.12.0062,1,VARA DO TRABALHO DE ITAPEMA,VARA DO TRABALHO DE ITAPEMA,CEDENTE,2026-08-11 14:29:32,VARA DO TRABALHO DE SAO BENTO DO SUL - TRIAGEM DE EQUALIZACAO,VARA DO TRABALHO DE SÃO BENTO DO SUL - TRIAGEM DE EQUALIZAÇÃO,REDISTRIBUICAO,VARA DO TRABALHO DE SAO BENTO DO SUL,VARA DO TRABALHO DE SÃO BENTO DO SUL,DESTINATARIA,2026-08-11 14:57:39,REDISTRIBUICAO,VALIDA,
0002709-50.2026.5.12.0062,0002709-50.2026.5.12.0062,1,VARA DO TRABALHO DE ITAPEMA,VARA DO TRABALHO DE ITAPEMA,CEDENTE,2026-08-11 14:29:48,VARA DO TRABALHO DE CANOINHAS - TRIAGEM DE EQUALIZACAO,VARA DO TRABALHO DE CANOINHAS - TRIAGEM DE EQUALIZAÇÃO,REDISTRIBUICAO,VARA DO TRABALHO DE CANOINHAS,VARA DO TRABALHO DE CANOINHAS,DESTINATARIA,2026-08-11 14:55:40,REDISTRIBUICAO,VALIDA,
0002711-20.2026.5.12.0062,0002711-20.2026.5.12.0062,1,VARA DO TRABALHO DE ITAPEMA,VARA DO TRABALHO DE ITAPEMA,CEDENTE,2026-08-11 14:30:06,3 VARA DO TRABALHO DE LAGES - TRIAGEM DE EQUALIZACAO,3ª VARA DO TRABALHO DE LAGES - TRIAGEM DE EQUALIZAÇÃO,REDISTRIBUICAO,3 VARA DO TRABALHO DE LAGES,3ª VARA DO TRABALHO DE LAGES,DESTINATARIA,2026-08-11 14:50:30,REDISTRIBUICAO,VALIDA,
0002712-05.2026.5.12.0062,0002712-05.2026.5.12.0062,1,VARA DO TRABALHO DE ITAPEMA,VARA DO TRABALHO DE ITAPEMA,CEDENTE,2026-08-11 14:30:22,1 VARA DO TRABALHO DE LAGES - TRIAGEM DE EQUALIZACAO,1ª VARA DO TRABALHO DE LAGES - TRIAGEM DE EQUALIZAÇÃO,REDISTRIBUICAO,1 VARA DO TRABALHO DE LAGES,1ª VARA DO TRABALHO DE LAGES,DESTINATARIA,2026-08-11 14:45:54,REDISTRIBUICAO,VALIDA,
0002713-87.2026.5.12.0062,0002713-87.2026.5.12.0062,1,VARA DO TRABALHO DE ITAPEMA,VARA DO TRABALHO DE ITAPEMA,CEDENTE,2026-08-11 14:30:41,1 VARA DO TRABALHO DE BRUSQUE - TRIAGEM DE EQUALIZACAO,1ª VARA DO TRABALHO DE BRUSQUE - TRIAGEM DE EQUALIZAÇÃO,REDISTRIBUICAO,1 VARA DO TRABALHO DE BRUSQUE,1ª VARA DO TRABALHO DE BRUSQUE,DESTINATARIA,2026-08-11 14:44:28,REDISTRIBUICAO,VALIDA,
0002714-72.2026.5.12.0062,0002714-72.2026.5.12.0062,1,VARA DO TRABALHO DE ITAPEMA,VARA DO TRABALHO DE ITAPEMA,CEDENTE,2026-08-11 14:30:57,2 VARA DO TRABALHO DE LAGES - TRIAGEM DE EQUALIZACAO,2ª VARA DO TRABALHO DE LAGES - TRIAGEM DE EQUALIZAÇÃO,REDISTRIBUICAO,2 VARA DO TRABALHO DE LAGES,2ª VARA DO TRABALHO DE LAGES,DESTINATARIA,2026-08-11 14:48:52,REDISTRIBUICAO,VALIDA,
0002715-57.2026.5.12.0062,0002715-57.2026.5.12.0062,1,VARA DO TRABALHO DE ITAPEMA,VARA DO TRABALHO DE ITAPEMA,CEDENTE,2026-08-11 14:31:13,2 VARA DO TRABALHO DE LAGES - TRIAGEM DE EQUALIZACAO,2ª VARA DO TRABALHO DE LAGES - TRIAGEM DE EQUALIZAÇÃO,REDISTRIBUICAO,2 VARA DO TRABALHO DE LAGES,2ª VARA DO TRABALHO DE LAGES,DESTINATARIA,2026-08-11 14:49:08,REDISTRIBUICAO,VALIDA,
0002716-42.2026.5.12.0062,0002716-42.2026.5.12.0062,1,VARA DO TRABALHO DE ITAPEMA,VARA DO TRABALHO DE ITAPEMA,CEDENTE,2026-08-11 14:41:06,2 VARA DO TRABALHO DE LAGES - TRIAGEM DE EQUALIZACAO,2ª VARA DO TRABALHO DE LAGES - TRIAGEM DE EQUALIZAÇÃO,REDISTRIBUICAO,2 VARA DO TRABALHO DE LAGES,2ª VARA DO TRABALHO DE LAGES,DESTINATARIA,2026-08-11 15:01:15,REDISTRIBUICAO,VALIDA,
0002717-27.2026.5.12.0062,0002717-27.2026.5.12.0062,1,VARA DO TRABALHO DE ITAPEMA,VARA DO TRABALHO DE ITAPEMA,CEDENTE,2026-08-11 14:32:08,4 VARA DO TRABALHO DE BLUMENAU - TRIAGEM DE EQUALIZACAO,4ª VARA DO TRABALHO DE BLUMENAU - TRIAGEM DE EQUALIZAÇÃO,REDISTRIBUICAO,4 VARA DO TRABALHO DE BLUMENAU,4ª VARA DO TRABALHO DE BLUMENAU,DESTINATARIA,2026-08-11 14:51:36,REDISTRIBUICAO,VALIDA,
0002718-12.2026.5.12.0062,0002718-12.2026.5.12.0062,1,VARA DO TRABALHO DE ITAPEMA,VARA DO TRABALHO DE ITAPEMA,CEDENTE,2026-08-11 14:32:23,4 VARA DO TRABALHO DE BLUMENAU - TRIAGEM DE EQUALIZACAO,4ª VARA DO TRABALHO DE BLUMENAU - TRIAGEM DE EQUALIZAÇÃO,REDISTRIBUICAO,4 VARA DO TRABALHO DE BLUMENAU,4ª VARA DO TRABALHO DE BLUMENAU,DESTINATARIA,2026-08-11 14:51:52,REDISTRIBUICAO,VALIDA,
0002719-94.2026.5.12.0062,0002719-94.2026.5.12.0062,1,VARA DO TRABALHO DE ITAPEMA,VARA DO TRABALHO DE ITAPEMA,CEDENTE,2026-08-11 14:32:40,1 VARA DO TRABALHO DE BRUSQUE - TRIAGEM DE EQUALIZACAO,1ª VARA DO TRABALHO DE BRUSQUE - TRIAGEM DE EQUALIZAÇÃO,REDISTRIBUICAO,1 VARA DO TRABALHO DE BRUSQUE,1ª VARA DO TRABALHO DE BRUSQUE,DESTINATARIA,2026-08-11 14:44:44,REDISTRIBUICAO,VALIDA,
0002720-79.2026.5.12.0062,0002720-79.2026.5.12.0062,1,VARA DO TRABALHO DE ITAPEMA,VARA DO TRABALHO DE ITAPEMA,CEDENTE,2026-08-11 14:41:20,VARA DO TRABALHO DE MAFRA - TRIAGEM DE EQUALIZACAO,VARA DO TRABALHO DE MAFRA - TRIAGEM DE EQUALIZAÇÃO,REDISTRIBUICAO,VARA DO TRABALHO DE MAFRA,VARA DO TRABALHO DE MAFRA,DESTINATARIA,2026-08-11 15:02:21,REDISTRIBUICAO,VALIDA,
0002721-64.2026.5.12.0062,0002721-64.2026.5.12.0062,1,VARA DO TRABALHO DE ITAPEMA,VARA DO TRABALHO DE ITAPEMA,CEDENTE,2026-08-11 14:33:37,1 VARA DO TRABALHO DE LAGES - TRIAGEM DE EQUALIZACAO,1ª VARA DO TRABALHO DE LAGES - TRIAGEM DE EQUALIZAÇÃO,REDISTRIBUICAO,1 VARA DO TRABALHO DE LAGES,1ª VARA DO TRABALHO DE LAGES,DESTINATARIA,2026-08-11 14:46:10,REDISTRIBUICAO,VALIDA,
0002722-49.2026.5.12.0062,0002722-49.2026.5.12.0062,1,VARA DO TRABALHO DE ITAPEMA,VARA DO TRABALHO DE ITAPEMA,CEDENTE,2026-08-11 14:33:53,2 VARA DO TRABALHO DE LAGES - TRIAGEM DE EQUALIZACAO,2ª VARA DO TRABALHO DE LAGES - TRIAGEM DE EQUALIZAÇÃO,REDISTRIBUICAO,2 VARA DO TRABALHO DE LAGES,2ª VARA DO TRABALHO DE LAGES,DESTINATARIA,2026-08-11 14:49:26,REDISTRIBUICAO,VALIDA,
0002723-34.2026.5.12.0062,0002723-34.2026.5.12.0062,1,VARA DO TRABALHO DE ITAPEMA,VARA DO TRABALHO DE ITAPEMA,CEDENTE,2026-08-11 14:41:35,VARA DO TRABALHO DE MAFRA - TRIAGEM DE EQUALIZACAO,VARA DO TRABALHO DE MAFRA - TRIAGEM DE EQUALIZAÇÃO,REDISTRIBUICAO,VARA DO TRABALHO DE MAFRA,VARA DO TRABALHO DE MAFRA,DESTINATARIA,2026-08-11 15:02:36,REDISTRIBUICAO,VALIDA,
0002724-19.2026.5.12.0062,0002724-19.2026.5.12.0062,1,VARA DO TRABALHO DE ITAPEMA,VARA DO TRABALHO DE ITAPEMA,CEDENTE,2026-08-11 17:45:34,1 VARA DO TRABALHO DE TUBARAO - TRIAGEM DE EQUALIZACAO,1ª VARA DO TRABALHO DE TUBARÃO - TRIAGEM DE EQUALIZAÇÃO,REDISTRIBUICAO,1 VARA DO TRABALHO DE TUBARAO,1ª VARA DO TRABALHO DE TUBARÃO,DESTINATARIA,2026-08-11 17:55:28,REDISTRIBUICAO,VALIDA,
0002725-04.2026.5.12.0062,0002725-04.2026.5.12.0062,1,VARA DO TRABALHO DE ITAPEMA,VARA DO TRABALHO DE ITAPEMA,CEDENTE,2026-08-11 17:45:46,1 VARA DO TRABALHO DE BRUSQUE - TRIAGEM DE EQUALIZACAO,1ª VARA DO TRABALHO DE BRUSQUE - TRIAGEM DE EQUALIZAÇÃO,REDISTRIBUICAO,1 VARA DO TRABALHO DE BRUSQUE,1ª VARA DO TRABALHO DE BRUSQUE,DESTINATARIA,2026-08-11 17:55:05,REDISTRIBUICAO,VALIDA,
0002726-86.2026.5.12.0062,0002726-86.2026.5.12.0062,1,VARA DO TRABALHO DE ITAPEMA,VARA DO TRABALHO DE ITAPEMA,CEDENTE,2026-08-11 17:45:57,VARA DO TRABALHO DE CANOINHAS - TRIAGEM DE EQUALIZACAO,VARA DO TRABALHO DE CANOINHAS - TRIAGEM DE EQUALIZAÇÃO,REDISTRIBUICAO,VARA DO TRABALHO DE CANOINHAS,VARA DO TRABALHO DE CANOINHAS,DESTINATARIA,2026-08-11 17:56:38,REDISTRIBUICAO,VALIDA,
0002727-71.2026.5.12.0062,0002727-71.2026.5.12.0062,1,VARA DO TRABALHO DE ITAPEMA,VARA DO TRABALHO DE ITAPEMA,CEDENTE,2026-08-11 17:46:08,2 VARA DO TRABALHO DE LAGES - TRIAGEM DE EQUALIZACAO,2ª VARA DO TRABALHO DE LAGES - TRIAGEM DE EQUALIZAÇÃO,REDISTRIBUICAO,2 VARA DO TRABALHO DE LAGES,2ª VARA DO TRABALHO DE LAGES,DESTINATARIA,2026-08-11 17:56:03,REDISTRIBUICAO,VALIDA,
0002728-56.2026.5.12.0062,0002728-56.2026.5.12.0062,1,VARA DO TRABALHO DE ITAPEMA,VARA DO TRABALHO DE ITAPEMA,CEDENTE,2026-08-11 17:46:18,3 VARA DO TRABALHO DE LAGES - TRIAGEM DE EQUALIZACAO,3ª VARA DO TRABALHO DE LAGES - TRIAGEM DE EQUALIZAÇÃO,REDISTRIBUICAO,3 VARA DO TRABALHO DE LAGES,3ª VARA DO TRABALHO DE LAGES,DESTINATARIA,2026-08-11 17:56:27,REDISTRIBUICAO,VALIDA,
0002732-93.2026.5.12.0062,0002732-93.2026.5.12.0062,1,VARA DO TRABALHO DE ITAPEMA,VARA DO TRABALHO DE ITAPEMA,CEDENTE,2026-08-12 14:35:44,VARA DO TRABALHO DE ARARANGUA - TRIAGEM DE EQUALIZACAO,VARA DO TRABALHO DE ARARANGUÁ - TRIAGEM DE EQUALIZAÇÃO,REDISTRIBUICAO,VARA DO TRABALHO DE ARARANGUA,VARA DO TRABALHO DE ARARANGUÁ,DESTINATARIA,2026-08-12 14:52:22,REDISTRIBUICAO,VALIDA,
0002733-78.2026.5.12.0062,0002733-78.2026.5.12.0062,1,VARA DO TRABALHO DE ITAPEMA,VARA DO TRABALHO DE ITAPEMA,CEDENTE,2026-08-12 15:00:22,VARA DO TRABALHO DE CANOINHAS - TRIAGEM DE EQUALIZACAO,VARA DO TRABALHO DE CANOINHAS - TRIAGEM DE EQUALIZAÇÃO,REDISTRIBUICAO,VARA DO TRABALHO DE CANOINHAS,VARA DO TRABALHO DE CANOINHAS,DESTINATARIA,2026-08-12 15:13:28,REDISTRIBUICAO,VALIDA,
0002734-63.2026.5.12.0062,0002734-63.2026.5.12.0062,1,VARA DO TRABALHO DE ITAPEMA,VARA DO TRABALHO DE ITAPEMA,CEDENTE,2026-08-12 14:30:21,1 VARA DO TRABALHO DE LAGES - TRIAGEM DE EQUALIZACAO,1ª VARA DO TRABALHO DE LAGES - TRIAGEM DE EQUALIZAÇÃO,REDISTRIBUICAO,1 VARA DO TRABALHO DE LAGES,1ª VARA DO TRABALHO DE LAGES,DESTINATARIA,2026-08-12 14:51:04,REDISTRIBUICAO,VALIDA,
0002735-48.2026.5.12.0062,0002735-48.2026.5.12.0062,1,VARA DO TRABALHO DE ITAPEMA,VARA DO TRABALHO DE ITAPEMA,CEDENTE,2026-08-12 14:30:35,VARA DO TRABALHO DE SAO BENTO DO SUL - TRIAGEM DE EQUALIZACAO,VARA DO TRABALHO DE SÃO BENTO DO SUL - TRIAGEM DE EQUALIZAÇÃO,REDISTRIBUICAO,VARA DO TRABALHO DE SAO BENTO DO SUL,VARA DO TRABALHO DE SÃO BENTO DO SUL,DESTINATARIA,2026-08-12 14:52:55,REDISTRIBUICAO,VALIDA,
0002736-33.2026.5.12.0062,0002736-33.2026.5.12.0062,1,VARA DO TRABALHO DE ITAPEMA,VARA DO TRABALHO DE ITAPEMA,CEDENTE,2026-08-12 14:30:50,VARA DO TRABALHO DE SAO BENTO DO SUL - TRIAGEM DE EQUALIZACAO,VARA DO TRABALHO DE SÃO BENTO DO SUL - TRIAGEM DE EQUALIZAÇÃO,REDISTRIBUICAO,VARA DO TRABALHO DE SAO BENTO DO SUL,VARA DO TRABALHO DE SÃO BENTO DO SUL,DESTINATARIA,2026-08-12 14:53:10,REDISTRIBUICAO,VALIDA,
0002737-18.2026.5.12.0062,0002737-18.2026.5.12.0062,1,VARA DO TRABALHO DE ITAPEMA,VARA DO TRABALHO DE ITAPEMA,CEDENTE,2026-08-12 14:31:05,VARA DO TRABALHO DE SAO BENTO DO SUL - TRIAGEM DE EQUALIZACAO,VARA DO TRABALHO DE SÃO BENTO DO SUL - TRIAGEM DE EQUALIZAÇÃO,REDISTRIBUICAO,VARA DO TRABALHO DE SAO BENTO DO SUL,VARA DO TRABALHO DE SÃO BENTO DO SUL,DESTINATARIA,2026-08-12 14:53:26,REDISTRIBUICAO,VALIDA,
0002738-03.2026.5.12.0062,0002738-03.2026.5.12.0062,1,VARA DO TRABALHO DE ITAPEMA,VARA DO TRABALHO DE ITAPEMA,CEDENTE,2026-08-12 15:04:34,VARA DO TRABALHO DE CANOINHAS - TRIAGEM DE EQUALIZACAO,VARA DO TRABALHO DE CANOINHAS - TRIAGEM DE EQUALIZAÇÃO,REDISTRIBUICAO,VARA DO TRABALHO DE CANOINHAS,VARA DO TRABALHO DE CANOINHAS,DESTINATARIA,2026-08-12 15:13:43,REDISTRIBUICAO,VALIDA,
0002739-85.2026.5.12.0062,0002739-85.2026.5.12.0062,1,VARA DO TRABALHO DE ITAPEMA,VARA DO TRABALHO DE ITAPEMA,CEDENTE,2026-08-12 17:49:43,VARA DO TRABALHO DE ARARANGUA - TRIAGEM DE EQUALIZACAO,VARA DO TRABALHO DE ARARANGUÁ - TRIAGEM DE EQUALIZAÇÃO,REDISTRIBUICAO,VARA DO TRABALHO DE ARARANGUA,VARA DO TRABALHO DE ARARANGUÁ,DESTINATARIA,2026-08-12 18:01:06,REDISTRIBUICAO,VALIDA,
0002740-70.2026.5.12.0062,0002740-70.2026.5.12.0062,1,VARA DO TRABALHO DE ITAPEMA,VARA DO TRABALHO DE ITAPEMA,CEDENTE,2026-08-12 17:49:56,VARA DO TRABALHO DE CANOINHAS - TRIAGEM DE EQUALIZACAO,VARA DO TRABALHO DE CANOINHAS - TRIAGEM DE EQUALIZAÇÃO,REDISTRIBUICAO,VARA DO TRABALHO DE CANOINHAS,VARA DO TRABALHO DE CANOINHAS,DESTINATARIA,2026-08-12 18:01:30,REDISTRIBUICAO,VALIDA,
0002741-55.2026.5.12.0062,0002741-55.2026.5.12.0062,1,VARA DO TRABALHO DE ITAPEMA,VARA DO TRABALHO DE ITAPEMA,CEDENTE,2026-08-12 17:50:07,3 VARA DO TRABALHO DE LAGES - TRIAGEM DE EQUALIZACAO,3ª VARA DO TRABALHO DE LAGES - TRIAGEM DE EQUALIZAÇÃO,REDISTRIBUICAO,3 VARA DO TRABALHO DE LAGES,3ª VARA DO TRABALHO DE LAGES,DESTINATARIA,2026-08-12 18:00:53,REDISTRIBUICAO,VALIDA,
0002742-40.2026.5.12.0062,0002742-40.2026.5.12.0062,1,VARA DO TRABALHO DE ITAPEMA,VARA DO TRABALHO DE ITAPEMA,CEDENTE,2026-08-12 17:50:21,2 VARA DO TRABALHO DE LAGES - TRIAGEM DE EQUALIZACAO,2ª VARA DO TRABALHO DE LAGES - TRIAGEM DE EQUALIZAÇÃO,REDISTRIBUICAO,2 VARA DO TRABALHO DE LAGES,2ª VARA DO TRABALHO DE LAGES,DESTINATARIA,2026-08-12 18:05:10,REDISTRIBUICAO,VALIDA,
0002743-25.2026.5.12.0062,0002743-25.2026.5.12.0062,1,VARA DO TRABALHO DE ITAPEMA,VARA DO TRABALHO DE ITAPEMA,CEDENTE,2026-08-13 14:14:17,1 VARA DO TRABALHO DE BRUSQUE - TRIAGEM DE EQUALIZACAO,1ª VARA DO TRABALHO DE BRUSQUE - TRIAGEM DE EQUALIZAÇÃO,REDISTRIBUICAO,1 VARA DO TRABALHO DE BRUSQUE,1ª VARA DO TRABALHO DE BRUSQUE,DESTINATARIA,2026-08-13 14:24:34,REDISTRIBUICAO,VALIDA,
0002744-10.2026.5.12.0062,0002744-10.2026.5.12.0062,1,VARA DO TRABALHO DE ITAPEMA,VARA DO TRABALHO DE ITAPEMA,CEDENTE,2026-08-13 14:14:32,4 VARA DO TRABALHO DE BLUMENAU - TRIAGEM DE EQUALIZACAO,4ª VARA DO TRABALHO DE BLUMENAU - TRIAGEM DE EQUALIZAÇÃO,REDISTRIBUICAO,4 VARA DO TRABALHO DE BLUMENAU,4ª VARA DO TRABALHO DE BLUMENAU,DESTINATARIA,2026-08-13 14:26:41,REDISTRIBUICAO,VALIDA,
0002745-92.2026.5.12.0062,0002745-92.2026.5.12.0062,1,VARA DO TRABALHO DE ITAPEMA,VARA DO TRABALHO DE ITAPEMA,CEDENTE,2026-08-13 14:14:47,2 VARA DO TRABALHO DE LAGES - TRIAGEM DE EQUALIZACAO,2ª VARA DO TRABALHO DE LAGES - TRIAGEM DE EQUALIZAÇÃO,REDISTRIBUICAO,2 VARA DO TRABALHO DE LAGES,2ª VARA DO TRABALHO DE LAGES,DESTINATARIA,2026-08-13 14:25:23,REDISTRIBUICAO,VALIDA,
0002746-77.2026.5.12.0062,0002746-77.2026.5.12.0062,1,VARA DO TRABALHO DE ITAPEMA,VARA DO TRABALHO DE ITAPEMA,CEDENTE,2026-08-13 14:15:01,VARA DO TRABALHO DE SAO BENTO DO SUL - TRIAGEM DE EQUALIZACAO,VARA DO TRABALHO DE SÃO BENTO DO SUL - TRIAGEM DE EQUALIZAÇÃO,REDISTRIBUICAO,VARA DO TRABALHO DE SAO BENTO DO SUL,VARA DO TRABALHO DE SÃO BENTO DO SUL,DESTINATARIA,2026-08-13 14:28:40,REDISTRIBUICAO,VALIDA,
0002748-47.2026.5.12.0062,0002748-47.2026.5.12.0062,1,VARA DO TRABALHO DE ITAPEMA,VARA DO TRABALHO DE ITAPEMA,CEDENTE,2026-08-13 14:15:16,VARA DO TRABALHO DE ARARANGUA - TRIAGEM DE EQUALIZACAO,VARA DO TRABALHO DE ARARANGUÁ - TRIAGEM DE EQUALIZAÇÃO,REDISTRIBUICAO,VARA DO TRABALHO DE ARARANGUA,VARA DO TRABALHO DE ARARANGUÁ,DESTINATARIA,2026-08-13 14:27:32,REDISTRIBUICAO,VALIDA,
0002751-02.2026.5.12.0062,0002751-02.2026.5.12.0062,1,VARA DO TRABALHO DE ITAPEMA,VARA DO TRABALHO DE ITAPEMA,CEDENTE,2026-08-13 14:15:30,2 VARA DO TRABALHO DE LAGES - TRIAGEM DE EQUALIZACAO,2ª VARA DO TRABALHO DE LAGES - TRIAGEM DE EQUALIZAÇÃO,REDISTRIBUICAO,2 VARA DO TRABALHO DE LAGES,2ª VARA DO TRABALHO DE LAGES,DESTINATARIA,2026-08-13 14:25:38,REDISTRIBUICAO,VALIDA,
0002753-69.2026.5.12.0062,0002753-69.2026.5.12.0062,1,VARA DO TRABALHO DE ITAPEMA,VARA DO TRABALHO DE ITAPEMA,CEDENTE,2026-08-13 17:33:06,3 VARA DO TRABALHO DE LAGES - TRIAGEM DE EQUALIZACAO,3ª VARA DO TRABALHO DE LAGES - TRIAGEM DE EQUALIZAÇÃO,REDISTRIBUICAO,3 VARA DO TRABALHO DE LAGES,3ª VARA DO TRABALHO DE LAGES,DESTINATARIA,2026-08-13 17:48:03,REDISTRIBUICAO,VALIDA,
0002754-54.2026.5.12.0062,0002754-54.2026.5.12.0062,1,VARA DO TRABALHO DE ITAPEMA,VARA DO TRABALHO DE ITAPEMA,CEDENTE,2026-08-13 17:33:17,1 VARA DO TRABALHO DE BRUSQUE - TRIAGEM DE EQUALIZACAO,1ª VARA DO TRABALHO DE BRUSQUE - TRIAGEM DE EQUALIZAÇÃO,REDISTRIBUICAO,1 VARA DO TRABALHO DE BRUSQUE,1ª VARA DO TRABALHO DE BRUSQUE,DESTINATARIA,2026-08-13 17:42:48,REDISTRIBUICAO,VALIDA,
0002755-39.2026.5.12.0062,0002755-39.2026.5.12.0062,1,VARA DO TRABALHO DE ITAPEMA,VARA DO TRABALHO DE ITAPEMA,CEDENTE,2026-08-13 17:33:28,VARA DO TRABALHO DE MAFRA - TRIAGEM DE EQUALIZACAO,VARA DO TRABALHO DE MAFRA - TRIAGEM DE EQUALIZAÇÃO,REDISTRIBUICAO,VARA DO TRABALHO DE MAFRA,VARA DO TRABALHO DE MAFRA,DESTINATARIA,2026-08-13 17:48:36,REDISTRIBUICAO,VALIDA,
0002756-24.2026.5.12.0062,0002756-24.2026.5.12.0062,1,VARA DO TRABALHO DE ITAPEMA,VARA DO TRABALHO DE ITAPEMA,CEDENTE,2026-08-13 17:33:38,2 VARA DO TRABALHO DE LAGES - TRIAGEM DE EQUALIZACAO,2ª VARA DO TRABALHO DE LAGES - TRIAGEM DE EQUALIZAÇÃO,REDISTRIBUICAO,2 VARA DO TRABALHO DE LAGES,2ª VARA DO TRABALHO DE LAGES,DESTINATARIA,2026-08-13 17:47:51,REDISTRIBUICAO,VALIDA,
0002757-09.2026.5.12.0062,0002757-09.2026.5.12.0062,1,VARA DO TRABALHO DE ITAPEMA,VARA DO TRABALHO DE ITAPEMA,CEDENTE,2026-08-13 17:33:49,VARA DO TRABALHO DE SAO BENTO DO SUL - TRIAGEM DE EQUALIZACAO,VARA DO TRABALHO DE SÃO BENTO DO SUL - TRIAGEM DE EQUALIZAÇÃO,REDISTRIBUICAO,VARA DO TRABALHO DE SAO BENTO DO SUL,VARA DO TRABALHO DE SÃO BENTO DO SUL,DESTINATARIA,2026-08-13 17:48:57,REDISTRIBUICAO,VALIDA,
0002758-91.2026.5.12.0062,0002758-91.2026.5.12.0062,1,VARA DO TRABALHO DE ITAPEMA,VARA DO TRABALHO DE ITAPEMA,CEDENTE,2026-08-13 17:39:26,VARA DO TRABALHO DE SAO BENTO DO SUL - TRIAGEM DE EQUALIZACAO,VARA DO TRABALHO DE SÃO BENTO DO SUL - TRIAGEM DE EQUALIZAÇÃO,REDISTRIBUICAO,VARA DO TRABALHO DE SAO BENTO DO SUL,VARA DO TRABALHO DE SÃO BENTO DO SUL,DESTINATARIA,2026-08-13 17:49:09,REDISTRIBUICAO,VALIDA,
0002759-76.2026.5.12.0062,0002759-76.2026.5.12.0062,1,VARA DO TRABALHO DE ITAPEMA,VARA DO TRABALHO DE ITAPEMA,CEDENTE,2026-08-14 14:07:04,VARA DO TRABALHO DE SAO BENTO DO SUL - TRIAGEM DE EQUALIZACAO,VARA DO TRABALHO DE SÃO BENTO DO SUL - TRIAGEM DE EQUALIZAÇÃO,REDISTRIBUICAO,VARA DO TRABALHO DE SAO BENTO DO SUL,VARA DO TRABALHO DE SÃO BENTO DO SUL,DESTINATARIA,2026-08-14 14:27:27,REDISTRIBUICAO,VALIDA,
0002760-61.2026.5.12.0062,0002760-61.2026.5.12.0062,1,VARA DO TRABALHO DE ITAPEMA,VARA DO TRABALHO DE ITAPEMA,CEDENTE,2026-08-14 14:07:26,3 VARA DO TRABALHO DE LAGES - TRIAGEM DE EQUALIZACAO,3ª VARA DO TRABALHO DE LAGES - TRIAGEM DE EQUALIZAÇÃO,REDISTRIBUICAO,3 VARA DO TRABALHO DE LAGES,3ª VARA DO TRABALHO DE LAGES,DESTINATARIA,2026-08-14 14:25:13,REDISTRIBUICAO,VALIDA,
0002761-46.2026.5.12.0062,0002761-46.2026.5.12.0062,1,VARA DO TRABALHO DE ITAPEMA,VARA DO TRABALHO DE ITAPEMA,CEDENTE,2026-08-14 14:16:25,VARA DO TRABALHO DE CANOINHAS - TRIAGEM DE EQUALIZACAO,VARA DO TRABALHO DE CANOINHAS - TRIAGEM DE EQUALIZAÇÃO,REDISTRIBUICAO,VARA DO TRABALHO DE CANOINHAS,VARA DO TRABALHO DE CANOINHAS,DESTINATARIA,2026-08-14 14:26:49,REDISTRIBUICAO,VALIDA,
0002762-31.2026.5.12.0062,0002762-31.2026.5.12.0062,1,VARA DO TRABALHO DE ITAPEMA,VARA DO TRABALHO DE ITAPEMA,CEDENTE,2026-08-14 14:08:24,1 VARA DO TRABALHO DE LAGES - TRIAGEM DE EQUALIZACAO,1ª VARA DO TRABALHO DE LAGES - TRIAGEM DE EQUALIZAÇÃO,REDISTRIBUICAO,1 VARA DO TRABALHO DE LAGES,1ª VARA DO TRABALHO DE LAGES,DESTINATARIA,2026-08-14 14:22:04,REDISTRIBUICAO,VALIDA,
0002763-16.2026.5.12.0062,0002763-16.2026.5.12.0062,1,VARA DO TRABALHO DE ITAPEMA,VARA DO TRABALHO DE ITAPEMA,CEDENTE,2026-08-14 14:08:40,VARA DO TRABALHO DE ARARANGUA - TRIAGEM DE EQUALIZACAO,VARA DO TRABALHO DE ARARANGUÁ - TRIAGEM DE EQUALIZAÇÃO,REDISTRIBUICAO,VARA DO TRABALHO DE ARARANGUA,VARA DO TRABALHO DE ARARANGUÁ,DESTINATARIA,2026-08-14 14:32:21,REDISTRIBUICAO,VALIDA,
0002764-98.2026.5.12.0062,0002764-98.2026.5.12.0062,1,VARA DO TRABALHO DE ITAPEMA,VARA DO TRABALHO DE ITAPEMA,CEDENTE,2026-08-14 14:08:58,VARA DO TRABALHO DE SAO BENTO DO SUL - TRIAGEM DE EQUALIZACAO,VARA DO TRABALHO DE SÃO BENTO DO SUL - TRIAGEM DE EQUALIZAÇÃO,REDISTRIBUICAO,VARA DO TRABALHO DE SAO BENTO DO SUL,VARA DO TRABALHO DE SÃO BENTO DO SUL,DESTINATARIA,2026-08-14 14:33:00,REDISTRIBUICAO,VALIDA,
0002765-83.2026.5.12.0062,0002765-83.2026.5.12.0062,1,VARA DO TRABALHO DE ITAPEMA,VARA DO TRABALHO DE ITAPEMA,CEDENTE,2026-08-14 14:09:31,1 VARA DO TRABALHO DE BRUSQUE - TRIAGEM DE EQUALIZACAO,1ª VARA DO TRABALHO DE BRUSQUE - TRIAGEM DE EQUALIZAÇÃO,REDISTRIBUICAO,1 VARA DO TRABALHO DE BRUSQUE,1ª VARA DO TRABALHO DE BRUSQUE,DESTINATARIA,2026-08-14 14:30:57,REDISTRIBUICAO,VALIDA,
0002768-38.2026.5.12.0062,0002768-38.2026.5.12.0062,1,VARA DO TRABALHO DE ITAPEMA,VARA DO TRABALHO DE ITAPEMA,CEDENTE,2026-08-14 14:09:59,2 VARA DO TRABALHO DE LAGES - TRIAGEM DE EQUALIZACAO,2ª VARA DO TRABALHO DE LAGES - TRIAGEM DE EQUALIZAÇÃO,REDISTRIBUICAO,2 VARA DO TRABALHO DE LAGES,2ª VARA DO TRABALHO DE LAGES,DESTINATARIA,2026-08-14 14:31:40,REDISTRIBUICAO,VALIDA,
0002769-23.2026.5.12.0062,0002769-23.2026.5.12.0062,1,VARA DO TRABALHO DE ITAPEMA,VARA DO TRABALHO DE ITAPEMA,CEDENTE,2026-08-14 14:10:35,4 VARA DO TRABALHO DE BLUMENAU - TRIAGEM DE EQUALIZACAO,4ª VARA DO TRABALHO DE BLUMENAU - TRIAGEM DE EQUALIZAÇÃO,REDISTRIBUICAO,4 VARA DO TRABALHO DE BLUMENAU,4ª VARA DO TRABALHO DE BLUMENAU,DESTINATARIA,2026-08-14 14:25:43,REDISTRIBUICAO,VALIDA,
0002771-90.2026.5.12.0062,0002771-90.2026.5.12.0062,1,VARA DO TRABALHO DE ITAPEMA,VARA DO TRABALHO DE ITAPEMA,CEDENTE,2026-08-14 18:41:19,2 VARA DO TRABALHO DE TUBARAO - TRIAGEM DE EQUALIZACAO,2ª VARA DO TRABALHO DE TUBARÃO - TRIAGEM DE EQUALIZAÇÃO,REDISTRIBUICAO,2 VARA DO TRABALHO DE TUBARAO,2ª VARA DO TRABALHO DE TUBARÃO,DESTINATARIA,2026-08-14 18:50:55,REDISTRIBUICAO,VALIDA,
0002772-75.2026.5.12.0062,0002772-75.2026.5.12.0062,1,VARA DO TRABALHO DE ITAPEMA,VARA DO TRABALHO DE ITAPEMA,CEDENTE,2026-08-14 18:41:50,2 VARA DO TRABALHO DE TUBARAO - TRIAGEM DE EQUALIZACAO,2ª VARA DO TRABALHO DE TUBARÃO - TRIAGEM DE EQUALIZAÇÃO,REDISTRIBUICAO,2 VARA DO TRABALHO DE TUBARAO,2ª VARA DO TRABALHO DE TUBARÃO,DESTINATARIA,2026-08-14 18:51:08,REDISTRIBUICAO,VALIDA,
0002773-60.2026.5.12.0062,0002773-60.2026.5.12.0062,1,VARA DO TRABALHO DE ITAPEMA,VARA DO TRABALHO DE ITAPEMA,CEDENTE,2026-08-14 18:42:01,3 VARA DO TRABALHO DE BLUMENAU - TRIAGEM DE EQUALIZACAO,3ª VARA DO TRABALHO DE BLUMENAU - TRIAGEM DE EQUALIZAÇÃO,REDISTRIBUICAO,3 VARA DO TRABALHO DE BLUMENAU,3ª VARA DO TRABALHO DE BLUMENAU,DESTINATARIA,2026-08-14 18:51:20,REDISTRIBUICAO,VALIDA,
0002774-45.2026.5.12.0062,0002774-45.2026.5.12.0062,1,VARA DO TRABALHO DE ITAPEMA,VARA DO TRABALHO DE ITAPEMA,CEDENTE,2026-08-14 18:32:04,2 VARA DO TRABALHO DE LAGES - TRIAGEM DE EQUALIZACAO,2ª VARA DO TRABALHO DE LAGES - TRIAGEM DE EQUALIZAÇÃO,REDISTRIBUICAO,2 VARA DO TRABALHO DE LAGES,2ª VARA DO TRABALHO DE LAGES,DESTINATARIA,2026-08-14 18:50:42,REDISTRIBUICAO,VALIDA,
0002775-30.2026.5.12.0062,0002775-30.2026.5.12.0062,1,VARA DO TRABALHO DE ITAPEMA,VARA DO TRABALHO DE ITAPEMA,CEDENTE,2026-08-14 18:42:13,VARA DO TRABALHO DE SAO BENTO DO SUL - TRIAGEM DE EQUALIZACAO,VARA DO TRABALHO DE SÃO BENTO DO SUL - TRIAGEM DE EQUALIZAÇÃO,REDISTRIBUICAO,VARA DO TRABALHO DE SAO BENTO DO SUL,VARA DO TRABALHO DE SÃO BENTO DO SUL,DESTINATARIA,2026-08-14 18:52:11,REDISTRIBUICAO,VALIDA,
0002776-15.2026.5.12.0062,0002776-15.2026.5.12.0062,1,VARA DO TRABALHO DE ITAPEMA,VARA DO TRABALHO DE ITAPEMA,CEDENTE,2026-08-14 18:22:22,1 VARA DO TRABALHO DE BRUSQUE - TRIAGEM DE EQUALIZACAO,1ª VARA DO TRABALHO DE BRUSQUE - TRIAGEM DE EQUALIZAÇÃO,REDISTRIBUICAO,1 VARA DO TRABALHO DE BRUSQUE,1ª VARA DO TRABALHO DE BRUSQUE,DESTINATARIA,2026-08-14 18:50:17,REDISTRIBUICAO,VALIDA,
0002777-97.2026.5.12.0062,0002777-97.2026.5.12.0062,1,VARA DO TRABALHO DE ITAPEMA,VARA DO TRABALHO DE ITAPEMA,CEDENTE,2026-08-14 18:22:35,VARA DO TRABALHO DE ARARANGUA - TRIAGEM DE EQUALIZACAO,VARA DO TRABALHO DE ARARANGUÁ - TRIAGEM DE EQUALIZAÇÃO,REDISTRIBUICAO,VARA DO TRABALHO DE ARARANGUA,VARA DO TRABALHO DE ARARANGUÁ,DESTINATARIA,2026-08-14 18:51:47,REDISTRIBUICAO,VALIDA,
